{"type":"FeatureCollection","metadata":{"generator":"scripts/fetch_osm_context.py","source":"OpenStreetMap via Overpass API, ODbL","bbox":[30.02,31.47,30.05,31.52],"counts":{"roads":1695,"buildings":890,"water_and_parks":14},"note":"Context only: streets and neighbouring footprints so a portfolio building can be located against its surroundings. Carries no portfolio data. Served from this origin, never fetched at runtime."},"features":[{"type":"Feature","geometry":{"type":"Polygon","coordinates":[[[31.486033,30.022994],[31.486031,30.023993],[31.486014,30.024294],[31.485977,30.024452],[31.486053,30.024499],[31.486205,30.024473],[31.486144,30.024284],[31.486142,30.023501],[31.486149,30.022993],[31.486033,30.022994]]]},"properties":{"kind":"park"}},{"type":"Feature","geometry":{"type":"Polygon","coordinates":[[[31.494053,30.048333],[31.494616,30.04891],[31.494644,30.048929],[31.494663,30.048916],[31.494661,30.048893],[31.494396,30.04822],[31.494195,30.048282],[31.494053,30.048333]]]},"properties":{"kind":"park"}},{"type":"Feature","geometry":{"type":"Polygon","coordinates":[[[31.495915,30.048587],[31.496087,30.048535],[31.496251,30.048938],[31.496089,30.048978],[31.495915,30.048587]]]},"properties":{"kind":"park"}},{"type":"Feature","geometry":{"type":"Polygon","coordinates":[[[31.495587,30.047705],[31.495697,30.04767],[31.495548,30.047271],[31.495406,30.047322],[31.495587,30.047705]]]},"properties":{"kind":"park"}},{"type":"Feature","geometry":{"type":"Polygon","coordinates":[[[31.494896,30.046585],[31.495111,30.046521],[31.495244,30.046858],[31.495029,30.046922],[31.494896,30.046585]]]},"properties":{"kind":"park"}},{"type":"Feature","geometry":{"type":"Polygon","coordinates":[[[31.496184,30.049495],[31.496316,30.049497],[31.496343,30.049477],[31.496343,30.049394],[31.496184,30.049495]]]},"properties":{"kind":"park"}},{"type":"Feature","geometry":{"type":"Polygon","coordinates":[[[31.486057,30.021751],[31.486031,30.02286],[31.486151,30.022863],[31.486126,30.021743],[31.486111,30.021753],[31.486093,30.021757],[31.486074,30.021757],[31.486057,30.021751]]]},"properties":{"kind":"park"}},{"type":"Feature","geometry":{"type":"Polygon","coordinates":[[[31.486047,30.021661],[31.486136,30.021708],[31.486113,30.01998],[31.486069,30.019982],[31.486047,30.021661]]]},"properties":{"kind":"park"}},{"type":"Feature","geometry":{"type":"Polygon","coordinates":[[[31.473796,30.050252],[31.473782,30.049399],[31.473714,30.049224],[31.473486,30.049077],[31.473344,30.04906],[31.472953,30.049059],[31.472478,30.049058],[31.472473,30.049177],[31.472433,30.049911],[31.472442,30.050031],[31.472506,30.050145],[31.472699,30.050228],[31.472924,30.050253],[31.473796,30.050252]]]},"properties":{"kind":"park"}},{"type":"Feature","geometry":{"type":"Polygon","coordinates":[[[31.471488,30.049075],[31.471006,30.04907],[31.471014,30.049828],[31.471127,30.050115],[31.471388,30.049905],[31.471445,30.049813],[31.471488,30.049075]]]},"properties":{"kind":"park"}},{"type":"Feature","geometry":{"type":"Polygon","coordinates":[[[31.470279,30.049068],[31.470223,30.050283],[31.469796,30.050285],[31.469797,30.049378],[31.469893,30.049221],[31.470061,30.049109],[31.470167,30.04908],[31.470279,30.049068]]]},"properties":{"kind":"park"}},{"type":"Feature","geometry":{"type":"Polygon","coordinates":[[[31.489753,30.035892],[31.489797,30.035941],[31.489805,30.03595],[31.489814,30.03595],[31.489873,30.035904],[31.489894,30.035895],[31.48992,30.035892],[31.489953,30.035895],[31.489984,30.035909],[31.490004,30.035923],[31.490045,30.035976],[31.490056,30.035987],[31.490074,30.035994],[31.4901,30.036001],[31.490136,30.036003],[31.490168,30.036],[31.490196,30.035994],[31.490215,30.035985],[31.490239,30.035964],[31.490251,30.035944],[31.490255,30.035919],[31.490249,30.035897],[31.490227,30.035872],[31.490191,30.035844],[31.490136,30.035804],[31.490079,30.035759],[31.490054,30.035731],[31.490037,30.035702],[31.490012,30.03565],[31.490007,30.035611],[31.490002,30.035598],[31.489915,30.03566],[31.489885,30.035684],[31.489871,30.035711],[31.489865,30.035747],[31.489869,30.035782],[31.48986,30.035823],[31.489842,30.03585],[31.489802,30.035877],[31.489774,30.035889],[31.489753,30.035892]]]},"properties":{"kind":"park"}},{"type":"Feature","geometry":{"type":"Polygon","coordinates":[[[31.491421,30.037445],[31.491519,30.037446],[31.49152,30.037574],[31.490797,30.037575],[31.490755,30.037599],[31.490514,30.0373],[31.490572,30.037264],[31.490591,30.037272],[31.490606,30.037273],[31.490622,30.037271],[31.490649,30.037262],[31.490671,30.037261],[31.490693,30.037263],[31.49071,30.037265],[31.490727,30.03727],[31.490742,30.037278],[31.490756,30.037288],[31.490779,30.037303],[31.490794,30.037313],[31.490814,30.037318],[31.490837,30.037319],[31.490858,30.037314],[31.490882,30.037306],[31.490923,30.037285],[31.490964,30.037256],[31.491,30.037224],[31.49102,30.037204],[31.491029,30.037193],[31.49104,30.037181],[31.491056,30.037174],[31.491075,30.037169],[31.491097,30.037168],[31.491143,30.03716],[31.491184,30.037147],[31.49123,30.037128],[31.491273,30.037108],[31.491307,30.037084],[31.491329,30.037056],[31.491337,30.03702],[31.491411,30.037018],[31.491421,30.037445]]]},"properties":{"kind":"park"}},{"type":"Feature","geometry":{"type":"Polygon","coordinates":[[[31.489334,30.036299],[31.489333,30.036231],[31.489401,30.036264],[31.489334,30.036299]]]},"properties":{"kind":"park"}},{"type":"Feature","geometry":{"type":"LineString","coordinates":[[31.522299,30.01162],[31.522045,30.011678],[31.521896,30.011719],[31.521769,30.011767],[31.521661,30.011813],[31.521524,30.011884],[31.521424,30.011948],[31.521336,30.012015],[31.520633,30.012647],[31.520124,30.013105],[31.519932,30.013278],[31.519776,30.013413],[31.519546,30.013595],[31.51924,30.013836],[31.518756,30.014218],[31.518182,30.014635],[31.517321,30.015275],[31.517198,30.015367],[31.516552,30.01581],[31.516089,30.016128],[31.516035,30.016167],[31.514972,30.016919],[31.513978,30.017586],[31.512502,30.018553],[31.512185,30.018775],[31.511946,30.018927],[31.511857,30.018984],[31.511518,30.019179],[31.511169,30.019361],[31.51058,30.019715],[31.51018,30.019945],[31.509821,30.02015],[31.509037,30.020588],[31.508261,30.021021],[31.507707,30.021341],[31.507557,30.021433],[31.50744,30.021507],[31.507241,30.021623],[31.507038,30.021742],[31.50682,30.021869],[31.50656,30.022003],[31.505537,30.0225],[31.505144,30.022684],[31.504316,30.02303],[31.503828,30.023252],[31.502236,30.02388],[31.501093,30.024332],[31.500647,30.024509],[31.500343,30.024626],[31.499829,30.024822],[31.49941,30.024982],[31.498965,30.025151],[31.498907,30.025174],[31.498732,30.025227],[31.498535,30.02528],[31.498337,30.025326],[31.498136,30.025364],[31.497934,30.025396],[31.497835,30.025411],[31.497731,30.025421],[31.497526,30.025438],[31.497234,30.025456],[31.495965,30.02548],[31.495874,30.025482],[31.495668,30.025485],[31.494917,30.025482],[31.493435,30.025476],[31.492646,30.025472],[31.491688,30.025476],[31.491656,30.025478],[31.491014,30.025499],[31.490984,30.025499],[31.490503,30.025504],[31.490004,30.025516],[31.489766,30.025511],[31.486874,30.02549],[31.485065,30.025484],[31.482629,30.025496],[31.480119,30.02551],[31.479777,30.025511],[31.477442,30.025515],[31.475718,30.025531],[31.475181,30.025531],[31.475057,30.025532],[31.47407,30.025533],[31.473365,30.025547],[31.470247,30.025568],[31.470088,30.02557],[31.469838,30.02557],[31.468763,30.025582],[31.467299,30.025572],[31.465598,30.025571],[31.46512,30.025571],[31.464895,30.025571],[31.464655,30.025575],[31.460949,30.025635],[31.460875,30.025636],[31.460301,30.025646],[31.459045,30.025661],[31.458838,30.025662],[31.458631,30.025657],[31.458401,30.025642]]},"properties":{"kind":"road","class":"primary","weight":2.4,"name":"\u0634\u0627\u0631\u0639 \u0627\u0644\u062a\u0633\u0639\u064a\u0646 \u0627\u0644\u062c\u0646\u0648\u0628\u064a"}},{"type":"Feature","geometry":{"type":"LineString","coordinates":[[31.484815,30.04535],[31.484918,30.045303],[31.48503,30.045281],[31.485128,30.045283],[31.485146,30.045283],[31.485257,30.04531],[31.485354,30.045357],[31.485435,30.045423],[31.485495,30.045503],[31.485532,30.045594],[31.485543,30.045691],[31.485527,30.045786],[31.485485,30.045876],[31.485419,30.045954],[31.485336,30.046015],[31.485229,30.046061],[31.485112,30.046082],[31.484992,30.046076],[31.484878,30.046044],[31.484777,30.045987],[31.484696,30.045909],[31.48464,30.045815],[31.484615,30.045711],[31.484622,30.045606],[31.48466,30.045506],[31.484727,30.045418],[31.484815,30.04535]]},"properties":{"kind":"road","class":"secondary","weight":1.8,"name":null}},{"type":"Feature","geometry":{"type":"LineString","coordinates":[[31.475242,30.044213],[31.475257,30.044711],[31.475282,30.04483],[31.475352,30.044929],[31.475473,30.045028],[31.475592,30.045088],[31.475722,30.045134],[31.475879,30.045169],[31.475978,30.045185],[31.476137,30.045186],[31.476506,30.045185],[31.477457,30.045181],[31.479556,30.04518],[31.479996,30.045179],[31.480452,30.045178],[31.482238,30.045175],[31.482333,30.045177],[31.482432,30.045185],[31.483073,30.045287],[31.484156,30.045459],[31.4843,30.04548],[31.484392,30.04548],[31.484445,30.045481],[31.484589,30.045459],[31.484727,30.045418]]},"properties":{"kind":"road","class":"secondary","weight":1.8,"name":"\u0634\u0627\u0631\u0639 \u0635\u0644\u0627\u062d \u0627\u0644\u062f\u064a\u0646 \u0639\u0628\u062f \u0627\u0644\u0643\u0631\u064a\u0645"}},{"type":"Feature","geometry":{"type":"LineString","coordinates":[[31.484696,30.045909],[31.484575,30.04581],[31.484439,30.045729],[31.484328,30.045684],[31.484289,30.045668],[31.48413,30.045627],[31.483118,30.045471],[31.482813,30.04542],[31.482471,30.045377],[31.482263,30.04536],[31.481997,30.045357],[31.479768,30.045356],[31.479553,30.045356],[31.479222,30.045356],[31.477498,30.045353],[31.476514,30.045352],[31.475983,30.045365],[31.475815,30.04539],[31.475653,30.045439],[31.475503,30.04551],[31.475368,30.045601],[31.475252,30.04571],[31.475158,30.045833],[31.475066,30.045903]]},"properties":{"kind":"road","class":"secondary","weight":1.8,"name":"\u0634\u0627\u0631\u0639 \u0635\u0644\u0627\u062d \u0627\u0644\u062f\u064a\u0646 \u0639\u0628\u062f \u0627\u0644\u0643\u0631\u064a\u0645"}},{"type":"Feature","geometry":{"type":"LineString","coordinates":[[31.485495,30.045503],[31.485651,30.045605],[31.485823,30.045687],[31.485853,30.045696],[31.486007,30.045745],[31.486198,30.04578],[31.486411,30.045801],[31.487425,30.045794],[31.488891,30.045794],[31.489308,30.045794],[31.489779,30.045794],[31.490161,30.045794],[31.491655,30.045794],[31.491758,30.045794],[31.492232,30.045794],[31.493725,30.045794],[31.494203,30.045794],[31.494969,30.045793],[31.495178,30.045753],[31.495336,30.045676],[31.495468,30.045569],[31.495567,30.045438],[31.495614,30.045279],[31.495657,30.045138]]},"properties":{"kind":"road","class":"secondary","weight":1.8,"name":"\u0634\u0627\u0631\u0639 \u0635\u0644\u0627\u062d \u0627\u0644\u062f\u064a\u0646 \u0639\u0628\u062f \u0627\u0644\u0643\u0631\u064a\u0645"}},{"type":"Feature","geometry":{"type":"LineString","coordinates":[[31.495992,30.046429],[31.495837,30.046256],[31.495689,30.046139],[31.495524,30.046043],[31.495334,30.045981],[31.495134,30.04595],[31.494993,30.045951],[31.494202,30.045955],[31.493451,30.045958],[31.493184,30.045959],[31.492237,30.045962],[31.491361,30.045965],[31.490694,30.045967],[31.490163,30.045969],[31.489518,30.045971],[31.488646,30.045974],[31.487362,30.045963],[31.486755,30.045965],[31.486559,30.045969],[31.486399,30.045959],[31.485928,30.045898],[31.485756,30.045891],[31.485586,30.045911],[31.485419,30.045954]]},"properties":{"kind":"road","class":"secondary","weight":1.8,"name":"\u0634\u0627\u0631\u0639 \u0635\u0644\u0627\u062d \u0627\u0644\u062f\u064a\u0646 \u0639\u0628\u062f \u0627\u0644\u0643\u0631\u064a\u0645"}},{"type":"Feature","geometry":{"type":"LineString","coordinates":[[31.485336,30.046015],[31.485266,30.046137],[31.485217,30.046267],[31.485211,30.046296],[31.48519,30.046401],[31.485185,30.047895],[31.485188,30.048318],[31.48519,30.04852],[31.485191,30.048704],[31.485195,30.04919],[31.485194,30.049296],[31.485194,30.049471],[31.485195,30.050153],[31.485195,30.050212],[31.485198,30.051723],[31.485206,30.051953],[31.485229,30.052182],[31.485267,30.05241],[31.485321,30.052636],[31.485467,30.053063],[31.48552,30.053168],[31.485586,30.053266],[31.485657,30.05335],[31.485784,30.053471]]},"properties":{"kind":"road","class":"secondary","weight":1.8,"name":"\u0634\u0627\u0631\u0639 \u0639\u0628\u062f \u0627\u0644\u0644\u0647 \u0628\u0646 \u0633\u0644\u0645\u0647"}},{"type":"Feature","geometry":{"type":"LineString","coordinates":[[31.484993,30.053716],[31.485068,30.053617],[31.485153,30.0535],[31.485212,30.053371],[31.485243,30.053236],[31.485246,30.053098],[31.485123,30.052739],[31.48506,30.052499],[31.485018,30.052256],[31.484997,30.052011],[31.484986,30.051722],[31.484984,30.051191],[31.484981,30.05074],[31.484981,30.04988],[31.484981,30.049607],[31.484981,30.04929],[31.48498,30.048706],[31.484978,30.048576],[31.484978,30.048323],[31.484978,30.04813],[31.48497,30.046462],[31.484956,30.046369],[31.484942,30.046315],[31.484921,30.046234],[31.484861,30.046105],[31.484777,30.045987]]},"properties":{"kind":"road","class":"secondary","weight":1.8,"name":"\u0634\u0627\u0631\u0639 \u0639\u0628\u062f \u0627\u0644\u0644\u0647 \u0628\u0646 \u0633\u0644\u0645\u0647"}},{"type":"Feature","geometry":{"type":"LineString","coordinates":[[31.498577,30.052884],[31.498559,30.052719],[31.498543,30.052585],[31.498532,30.052535],[31.498513,30.052453],[31.498462,30.052326],[31.497988,30.051206],[31.497793,30.050742],[31.497489,30.050022],[31.497386,30.049778],[31.496499,30.04766],[31.495992,30.046429],[31.495873,30.046081],[31.495788,30.045769],[31.495716,30.045454],[31.495657,30.045138],[31.4956,30.044797],[31.495563,30.044424],[31.495554,30.044069],[31.495552,30.043362],[31.49555,30.042185],[31.495548,30.041509],[31.495546,30.041318],[31.495544,30.041134],[31.495537,30.040568],[31.495528,30.03885],[31.495526,30.038813],[31.495522,30.037618],[31.495521,30.0374],[31.495517,30.036591],[31.495516,30.036507],[31.495516,30.036359],[31.495513,30.03581],[31.495514,30.035151],[31.495514,30.033648],[31.49549,30.030564],[31.495476,30.030047],[31.495464,30.029935],[31.495438,30.029826],[31.495397,30.029719],[31.495343,30.029618],[31.495279,30.029523],[31.495225,30.029458],[31.495142,30.02937],[31.49505,30.029288],[31.494951,30.029213],[31.494844,30.029145],[31.494732,30.029086],[31.494614,30.029035],[31.494133,30.028879]]},"properties":{"kind":"road","class":"primary","weight":2.4,"name":"\u0645\u062d\u0648\u0631 \u0627\u0644\u062a\u062d\u0631\u064a\u0631"}},{"type":"Feature","geometry":{"type":"LineString","coordinates":[[31.499304,30.053019],[31.499475,30.053035],[31.499658,30.053063],[31.499841,30.05309],[31.499919,30.0531],[31.500429,30.053103],[31.500663,30.053101],[31.50085,30.0531],[31.500945,30.053099],[31.50145,30.053085],[31.50196,30.053064],[31.502469,30.053033],[31.502977,30.052994],[31.503299,30.05295],[31.503647,30.052902],[31.503931,30.052858],[31.504213,30.052811],[31.504618,30.052728],[31.506431,30.052273],[31.507359,30.052038],[31.507925,30.051889],[31.508489,30.051731],[31.509049,30.051567],[31.50954,30.051417],[31.510028,30.051261],[31.510424,30.05114],[31.510816,30.051012],[31.511206,30.050878],[31.511593,30.050737],[31.511976,30.05059],[31.512356,30.050436],[31.513467,30.049942],[31.51383,30.049765],[31.514188,30.049582],[31.514702,30.049311],[31.51497,30.049165],[31.515194,30.049044],[31.515711,30.048743],[31.516207,30.048448],[31.516696,30.048144],[31.517179,30.047833],[31.517691,30.047502],[31.518124,30.047188],[31.518586,30.046854],[31.519693,30.045983],[31.520378,30.04536],[31.52138,30.044397],[31.522028,30.043696],[31.522094,30.04362],[31.522151,30.043538],[31.5222,30.043453],[31.52224,30.043364],[31.522271,30.043277],[31.522292,30.043187],[31.522299,30.043141],[31.522306,30.043096],[31.52231,30.043004],[31.522306,30.042913],[31.522292,30.042822],[31.522271,30.042732],[31.52224,30.042645],[31.522179,30.042484],[31.52211,30.042326],[31.522018,30.042157]]},"properties":{"kind":"road","class":"primary","weight":2.4,"name":"\u0634\u0627\u0631\u0639 \u0627\u0644\u0646\u0635\u0631"}},{"type":"Feature","geometry":{"type":"LineString","coordinates":[[31.524056,30.043951],[31.523782,30.043869],[31.523717,30.043848],[31.523619,30.043826],[31.523486,30.043804],[31.523355,30.043794],[31.523225,30.043793],[31.523131,30.043799],[31.523052,30.043805],[31.522964,30.043817],[31.522828,30.043834],[31.522705,30.043859],[31.522613,30.043882],[31.522495,30.043931],[31.522434,30.043961],[31.522381,30.043987],[31.522273,30.044051],[31.52217,30.044121],[31.522074,30.044198],[31.521657,30.044607],[31.521628,30.044636],[31.520643,30.045528],[31.520486,30.045657],[31.519233,30.046641],[31.518323,30.047356],[31.517475,30.047961],[31.517034,30.048267],[31.516598,30.048536],[31.516401,30.048657],[31.516274,30.048734],[31.515814,30.049009],[31.515359,30.049247],[31.515138,30.049359],[31.514857,30.049487],[31.51461,30.049606],[31.514399,30.049706],[31.51433,30.04974],[31.514153,30.049829],[31.51403,30.049893],[31.514003,30.049907],[31.513561,30.050124],[31.512595,30.050554],[31.512576,30.050563],[31.511882,30.050821],[31.5113,30.051033],[31.510714,30.051237],[31.510456,30.051323],[31.510125,30.051433],[31.509532,30.05162],[31.509027,30.051773],[31.508519,30.051919],[31.508008,30.052059],[31.507496,30.052194],[31.506981,30.052322],[31.504677,30.052879],[31.504348,30.052946],[31.504016,30.053007],[31.503684,30.053062],[31.503349,30.05311],[31.503014,30.053153],[31.502602,30.053196],[31.502188,30.05323],[31.501774,30.053254],[31.501359,30.053268],[31.500943,30.053273],[31.500529,30.053264],[31.500437,30.053262],[31.500335,30.05326],[31.500234,30.053266],[31.500135,30.053282],[31.500015,30.053311],[31.499959,30.053332],[31.499885,30.053363],[31.499814,30.053409],[31.499742,30.053495]]},"properties":{"kind":"road","class":"primary","weight":2.4,"name":"\u0634\u0627\u0631\u0639 \u0627\u0644\u0646\u0635\u0631"}},{"type":"Feature","geometry":{"type":"LineString","coordinates":[[31.486063,30.029063],[31.4859,30.02911],[31.4858,30.029163],[31.485702,30.029215],[31.485616,30.02927],[31.485534,30.02933],[31.485459,30.029397],[31.48539,30.029468],[31.485283,30.029635],[31.485245,30.029701],[31.485211,30.02977],[31.485182,30.02984],[31.485158,30.029912],[31.485135,30.02999],[31.485121,30.030068],[31.485113,30.030154],[31.485111,30.030243],[31.485117,30.031131],[31.485117,30.031156],[31.485126,30.032489],[31.485132,30.032627],[31.485124,30.032812],[31.485122,30.032981],[31.485119,30.033171],[31.485135,30.034251],[31.485132,30.034678],[31.485131,30.034936],[31.485129,30.035374],[31.485132,30.035448],[31.485135,30.03612],[31.485172,30.03692],[31.485168,30.037341],[31.48515,30.03774],[31.485158,30.038644],[31.485168,30.040114],[31.48517,30.040348],[31.485176,30.041228],[31.485175,30.04164],[31.485175,30.042031],[31.485173,30.042236],[31.485166,30.043458],[31.485181,30.04485],[31.485183,30.044949],[31.485192,30.045082],[31.485218,30.045197],[31.485257,30.04531]]},"properties":{"kind":"road","class":"secondary","weight":1.8,"name":"\u0634\u0627\u0631\u0639 \u0639\u0628\u062f \u0627\u0644\u0644\u0647 \u0628\u0646 \u0633\u0644\u0645\u0647"}},{"type":"Feature","geometry":{"type":"LineString","coordinates":[[31.484815,30.04535],[31.484883,30.045231],[31.484929,30.045105],[31.484955,30.044931],[31.484951,30.044841],[31.48492,30.043035],[31.484928,30.042243],[31.484928,30.042235],[31.48493,30.041959],[31.484928,30.04036],[31.48493,30.040108],[31.484926,30.039271],[31.484928,30.038843],[31.484939,30.037402],[31.48493,30.036892],[31.484917,30.035936],[31.484909,30.035331],[31.484909,30.034959],[31.484908,30.034792],[31.48491,30.034668],[31.484907,30.031691],[31.484902,30.031158],[31.484901,30.031136],[31.484897,30.030302],[31.484901,30.030172],[31.484895,30.030055],[31.484872,30.029922],[31.484842,30.029834],[31.484802,30.029745],[31.484742,30.029636],[31.484693,30.029557],[31.484634,30.029479],[31.484547,30.029393],[31.484451,30.029309],[31.484333,30.029231],[31.484203,30.029162],[31.484091,30.029115],[31.483984,30.029088]]},"properties":{"kind":"road","class":"secondary","weight":1.8,"name":"\u0634\u0627\u0631\u0639 \u0639\u0628\u062f \u0627\u0644\u0644\u0647 \u0628\u0646 \u0633\u0644\u0645\u0647"}},{"type":"Feature","geometry":{"type":"LineString","coordinates":[[31.490552,30.028471],[31.490586,30.028428],[31.490616,30.028382],[31.490641,30.028333],[31.490661,30.028283],[31.490674,30.028238],[31.490683,30.028192],[31.490691,30.028131],[31.490691,30.028059],[31.490691,30.027403],[31.490691,30.02701],[31.490677,30.026096],[31.490664,30.025911],[31.490649,30.025848],[31.490616,30.025779],[31.490579,30.025712],[31.490554,30.025645],[31.490503,30.025504]]},"properties":{"kind":"road","class":"tertiary","weight":1.4,"name":null}},{"type":"Feature","geometry":{"type":"LineString","coordinates":[[31.490199,30.028471],[31.490308,30.028417],[31.490402,30.028346],[31.490478,30.028259],[31.490532,30.028161],[31.490562,30.028056],[31.490562,30.027694],[31.490562,30.027023],[31.490559,30.026176],[31.49055,30.026103],[31.490523,30.026026],[31.490482,30.025954],[31.490429,30.025889],[31.490365,30.025831],[31.490116,30.025645],[31.490004,30.025516]]},"properties":{"kind":"road","class":"unclassified","weight":1.0,"name":null}},{"type":"Feature","geometry":{"type":"LineString","coordinates":[[31.489232,30.02718],[31.489275,30.027195],[31.489312,30.027218],[31.489341,30.027249],[31.48936,30.027285],[31.489367,30.027325],[31.489363,30.027365],[31.489347,30.027403],[31.48932,30.027435],[31.489284,30.027461],[31.489233,30.02748],[31.489178,30.027485],[31.489123,30.027475],[31.489094,30.027463],[31.489068,30.027446],[31.489038,30.027416],[31.489018,30.02738],[31.489009,30.027341],[31.489012,30.027301],[31.489026,30.027263],[31.489034,30.027251],[31.489062,30.02722],[31.489099,30.027196],[31.489141,30.02718],[31.489187,30.027175],[31.489232,30.02718]]},"properties":{"kind":"road","class":"unclassified","weight":1.0,"name":null}},{"type":"Feature","geometry":{"type":"LineString","coordinates":[[31.490562,30.027694],[31.49042,30.027601],[31.49036,30.027564],[31.490294,30.027532],[31.490225,30.027508],[31.490165,30.027493],[31.490105,30.027483],[31.490043,30.027479],[31.489639,30.027469],[31.48947,30.027461],[31.489382,30.027449],[31.48932,30.027435]]},"properties":{"kind":"road","class":"unclassified","weight":1.0,"name":null}},{"type":"Feature","geometry":{"type":"LineString","coordinates":[[31.480175,30.027851],[31.480177,30.027786],[31.480207,30.027726],[31.480242,30.027691],[31.480297,30.027662],[31.48036,30.027649],[31.480424,30.027654],[31.480483,30.027676],[31.480523,30.027706],[31.480553,30.027743],[31.480572,30.02779],[31.480575,30.027839],[31.480561,30.027888],[31.480533,30.027931],[31.480491,30.027966],[31.480434,30.02799],[31.48037,30.027998],[31.480307,30.027988],[31.480251,30.027961],[31.480201,30.027912],[31.480175,30.027851]]},"properties":{"kind":"road","class":"unclassified","weight":1.0,"name":null}},{"type":"Feature","geometry":{"type":"LineString","coordinates":[[31.489034,30.027251],[31.489052,30.027158],[31.489065,30.027065],[31.489067,30.027041],[31.489074,30.026972],[31.489078,30.026878],[31.489071,30.026607],[31.489065,30.026135],[31.489067,30.025962],[31.489062,30.025904],[31.48905,30.025848],[31.489033,30.025793],[31.489011,30.025739],[31.488982,30.025687]]},"properties":{"kind":"road","class":"unclassified","weight":1.0,"name":null}},{"type":"Feature","geometry":{"type":"LineString","coordinates":[[31.489071,30.026607],[31.489042,30.026565],[31.489006,30.026527],[31.488965,30.026494],[31.488919,30.026467],[31.488868,30.026445],[31.488833,30.026434],[31.488798,30.026426],[31.488761,30.026421],[31.488725,30.026418],[31.486318,30.026398],[31.484999,30.026386],[31.484871,30.026388],[31.484743,30.026398],[31.484658,30.026408],[31.484444,30.02645],[31.48438,30.026468],[31.484297,30.026492],[31.483813,30.026634],[31.483397,30.026755],[31.483212,30.026806],[31.483023,30.026844],[31.48283,30.026868],[31.482636,30.026877],[31.4807,30.026884],[31.480087,30.026889],[31.478461,30.026894],[31.478102,30.026891],[31.477574,30.026885],[31.477337,30.026894],[31.477253,30.026902],[31.477165,30.026914],[31.47708,30.026937],[31.476999,30.02697],[31.476939,30.027004],[31.476883,30.027043],[31.476833,30.027088],[31.47679,30.027137]]},"properties":{"kind":"road","class":"unclassified","weight":1.0,"name":null}},{"type":"Feature","geometry":{"type":"LineString","coordinates":[[31.478461,30.026894],[31.478345,30.026944],[31.478246,30.027017],[31.478159,30.027111],[31.478122,30.027213],[31.478104,30.027325],[31.478107,30.027521],[31.478113,30.028086],[31.478111,30.02829],[31.47812,30.028323],[31.478131,30.028356],[31.47815,30.028396],[31.478173,30.028434],[31.478213,30.028471],[31.478259,30.028503]]},"properties":{"kind":"road","class":"unclassified","weight":1.0,"name":null}},{"type":"Feature","geometry":{"type":"LineString","coordinates":[[31.478107,30.027521],[31.478156,30.027621],[31.478212,30.027685],[31.478261,30.027715],[31.478311,30.027745],[31.478422,30.027784],[31.47854,30.027801],[31.479885,30.027797],[31.479967,30.027794],[31.480047,30.02778],[31.480123,30.027754],[31.480207,30.027726]]},"properties":{"kind":"road","class":"unclassified","weight":1.0,"name":null}},{"type":"Feature","geometry":{"type":"LineString","coordinates":[[31.480251,30.027961],[31.47854,30.027959],[31.478441,30.027958],[31.478343,30.02797],[31.478267,30.027986],[31.478159,30.028034],[31.478113,30.028086]]},"properties":{"kind":"road","class":"unclassified","weight":1.0,"name":null}},{"type":"Feature","geometry":{"type":"LineString","coordinates":[[31.480553,30.027743],[31.480646,30.027772],[31.480741,30.027796],[31.480837,30.027812],[31.480934,30.027821],[31.482353,30.027799],[31.483055,30.027793],[31.483553,30.027782],[31.483996,30.027769],[31.48414,30.027756],[31.484282,30.027735],[31.484423,30.027705],[31.48456,30.027668],[31.484658,30.027642],[31.484752,30.027618],[31.485107,30.027524],[31.48553,30.027412],[31.485687,30.027373],[31.485847,30.027348],[31.486009,30.027337],[31.486181,30.027335],[31.48864,30.027338],[31.488713,30.027328],[31.488785,30.027313],[31.488854,30.027291],[31.488925,30.027276],[31.489026,30.027263]]},"properties":{"kind":"road","class":"unclassified","weight":1.0,"name":null}},{"type":"Feature","geometry":{"type":"LineString","coordinates":[[31.48936,30.027285],[31.489426,30.0273],[31.489494,30.027311],[31.489562,30.027317],[31.489631,30.02732],[31.490044,30.027319],[31.490131,30.027308],[31.490212,30.027288],[31.490311,30.027245],[31.490396,30.027188],[31.490491,30.027101],[31.490562,30.027023]]},"properties":{"kind":"road","class":"unclassified","weight":1.0,"name":null}},{"type":"Feature","geometry":{"type":"LineString","coordinates":[[31.4807,30.026884],[31.480624,30.026929],[31.480557,30.026979],[31.480501,30.027038],[31.480459,30.027106],[31.480432,30.027178],[31.480421,30.027254],[31.480419,30.027447],[31.480426,30.027507],[31.480438,30.027567],[31.480455,30.027625],[31.480483,30.027676]]},"properties":{"kind":"road","class":"unclassified","weight":1.0,"name":null}},{"type":"Feature","geometry":{"type":"LineString","coordinates":[[31.480242,30.027691],[31.480268,30.027631],[31.480293,30.027573],[31.480313,30.027514],[31.480328,30.027453],[31.480334,30.027255],[31.480317,30.027185],[31.48029,30.027118],[31.480253,30.027055],[31.480206,30.026997],[31.48015,30.026945],[31.480087,30.026889]]},"properties":{"kind":"road","class":"unclassified","weight":1.0,"name":null}},{"type":"Feature","geometry":{"type":"LineString","coordinates":[[31.483336,30.027941],[31.483279,30.028044],[31.483245,30.028121],[31.483234,30.028204],[31.483249,30.028286],[31.483288,30.028362],[31.483349,30.028426],[31.483427,30.028474],[31.483517,30.028503]]},"properties":{"kind":"road","class":"unclassified","weight":1.0,"name":null}},{"type":"Feature","geometry":{"type":"LineString","coordinates":[[31.482975,30.028503],[31.483051,30.028432],[31.483106,30.028348],[31.483138,30.028256],[31.483139,30.028176],[31.48312,30.028091],[31.483068,30.027942]]},"properties":{"kind":"road","class":"unclassified","weight":1.0,"name":null}},{"type":"Feature","geometry":{"type":"LineString","coordinates":[[31.47679,30.026466],[31.476822,30.026518],[31.476862,30.026566],[31.476911,30.026608],[31.47696,30.02664],[31.477013,30.026666],[31.477069,30.026686],[31.477128,30.026699],[31.478106,30.026715],[31.479139,30.026715],[31.479491,30.026714],[31.48061,30.026714],[31.480825,30.026711],[31.481271,30.026705],[31.48164,30.026708],[31.482747,30.026717],[31.48287,30.026708],[31.482992,30.02669],[31.483112,30.026666],[31.48323,30.026634],[31.484244,30.026362],[31.484392,30.026321],[31.484541,30.02629],[31.484693,30.026267],[31.484781,30.026261],[31.484846,30.026253],[31.484999,30.026249],[31.485191,30.026247],[31.486315,30.026249],[31.486542,30.026248],[31.48764,30.026246],[31.488684,30.026242],[31.488764,30.026232],[31.488842,30.026215],[31.488919,30.026193],[31.488993,30.026166],[31.489065,30.026135]]},"properties":{"kind":"road","class":"unclassified","weight":1.0,"name":null}},{"type":"Feature","geometry":{"type":"LineString","coordinates":[[31.481844,30.025692],[31.481648,30.025825],[31.4816,30.025861],[31.48156,30.025903],[31.481525,30.025957],[31.481503,30.026016],[31.481495,30.026077],[31.481501,30.026385],[31.481511,30.026446],[31.481527,30.026506],[31.481548,30.026564],[31.48164,30.026708]]},"properties":{"kind":"road","class":"unclassified","weight":1.0,"name":null}},{"type":"Feature","geometry":{"type":"LineString","coordinates":[[31.498732,30.025227],[31.498631,30.025361],[31.498586,30.025469],[31.498564,30.025572],[31.49856,30.025698],[31.498575,30.02579],[31.498609,30.025921],[31.498703,30.026242],[31.498772,30.026507],[31.498799,30.026626],[31.498816,30.026703],[31.49883,30.026817],[31.498838,30.026874],[31.498843,30.026983],[31.498846,30.027162],[31.498833,30.02734],[31.498809,30.027471],[31.498756,30.027692],[31.498549,30.028459],[31.498539,30.028548],[31.498542,30.028637],[31.498543,30.02876]]},"properties":{"kind":"road","class":"tertiary","weight":1.4,"name":null}},{"type":"Feature","geometry":{"type":"LineString","coordinates":[[31.452658,30.022103],[31.453185,30.022521],[31.453443,30.022726],[31.454363,30.023519],[31.454964,30.024077],[31.4551,30.024198],[31.455223,30.0243],[31.455289,30.024341],[31.455519,30.024488],[31.455707,30.024603],[31.455903,30.024711],[31.456094,30.024802],[31.456313,30.024895],[31.45653,30.024984],[31.456685,30.025038],[31.456851,30.025087],[31.45699,30.025129],[31.457163,30.025174],[31.457314,30.025208],[31.457491,30.025242],[31.457652,30.025268],[31.45782,30.025287],[31.458133,30.025308],[31.460131,30.025309],[31.460756,30.02531],[31.461624,30.025305],[31.462934,30.025315],[31.463141,30.025316],[31.463385,30.025317],[31.463625,30.025323],[31.463889,30.025324],[31.4642,30.025323],[31.465241,30.025315],[31.466174,30.025298],[31.466974,30.025285],[31.467024,30.025283],[31.469822,30.025276],[31.470046,30.025274],[31.470297,30.025274],[31.471346,30.02527],[31.472375,30.025273],[31.473321,30.025277],[31.473429,30.025277],[31.474704,30.025282],[31.475173,30.02528],[31.475899,30.025277],[31.47604,30.025277],[31.476608,30.025264],[31.478779,30.025236],[31.479804,30.025223],[31.480145,30.02522],[31.480601,30.025225],[31.481349,30.025227],[31.484906,30.025192],[31.485014,30.025188],[31.485101,30.025184],[31.487388,30.025197],[31.488008,30.025206],[31.488147,30.025208],[31.489015,30.025204],[31.489188,30.025197],[31.489366,30.025185],[31.489542,30.025171],[31.48972,30.025155],[31.489998,30.02514],[31.490275,30.025123],[31.490777,30.02512],[31.491381,30.025129],[31.491447,30.025129],[31.491524,30.025129],[31.491667,30.025136],[31.491808,30.025151],[31.491947,30.025174],[31.492114,30.025202],[31.492282,30.025223],[31.492437,30.025234],[31.492593,30.02524],[31.492805,30.02523],[31.493467,30.025223],[31.493593,30.025222],[31.494161,30.02521],[31.49445,30.025205],[31.494894,30.025206],[31.495866,30.025209],[31.495989,30.02521],[31.496669,30.025212],[31.49707,30.025222],[31.497293,30.025218],[31.497515,30.025206],[31.497737,30.025185],[31.497958,30.025156],[31.498177,30.025119],[31.498393,30.025073],[31.498608,30.025019],[31.498659,30.025004],[31.498779,30.024969],[31.498819,30.024957],[31.499027,30.024887],[31.499231,30.02481],[31.499395,30.024745],[31.499747,30.0246],[31.500916,30.024115],[31.502177,30.023562],[31.503292,30.023057],[31.503977,30.022729],[31.504751,30.022363],[31.505201,30.022112],[31.505687,30.02187],[31.506,30.021714],[31.506313,30.021559],[31.50748,30.020943],[31.507679,30.020838],[31.507888,30.020726],[31.508109,30.020606],[31.508324,30.020487],[31.509374,30.019908],[31.509516,30.01983],[31.509866,30.019634],[31.510239,30.019433],[31.51035,30.019377],[31.510465,30.019324],[31.510581,30.019274],[31.510679,30.019232],[31.510785,30.019182],[31.510896,30.019133],[31.511042,30.019053],[31.511369,30.018845],[31.511605,30.018703],[31.511704,30.018644],[31.511973,30.018483],[31.512371,30.018275],[31.51246,30.018221],[31.51298,30.017905],[31.51378,30.01736],[31.514813,30.016637],[31.515161,30.016393],[31.5158,30.015943],[31.516276,30.015594],[31.51681,30.015202],[31.517306,30.014837],[31.518281,30.014061],[31.518884,30.013602],[31.519012,30.013504],[31.519157,30.013385],[31.519239,30.01332],[31.520234,30.012523],[31.521037,30.011842],[31.521122,30.011757],[31.521205,30.011661],[31.521281,30.011558],[31.521358,30.011405],[31.521417,30.011275],[31.521464,30.01115],[31.521539,30.010913]]},"properties":{"kind":"road","class":"primary","weight":2.4,"name":"\u0634\u0627\u0631\u0639 \u0627\u0644\u062a\u0633\u0639\u064a\u0646 \u0627\u0644\u062c\u0646\u0648\u0628\u064a"}},{"type":"Feature","geometry":{"type":"LineString","coordinates":[[31.499491,30.024161],[31.499414,30.024084],[31.499385,30.02406],[31.499277,30.023967],[31.499157,30.023863],[31.499045,30.023767],[31.49898,30.02371],[31.498898,30.023641],[31.498506,30.023295],[31.498493,30.023271],[31.498499,30.023243],[31.498674,30.023072],[31.498695,30.023062],[31.498719,30.023065],[31.498864,30.023185],[31.49915,30.023419],[31.49923,30.023491],[31.499292,30.023545],[31.499405,30.023643],[31.499521,30.023743],[31.499634,30.02384],[31.499671,30.023872],[31.499813,30.023988]]},"properties":{"kind":"road","class":"unclassified","weight":1.0,"name":null}},{"type":"Feature","geometry":{"type":"LineString","coordinates":[[31.497097,30.018731],[31.497093,30.018825],[31.49708,30.018918],[31.497057,30.019009],[31.497025,30.019099],[31.496984,30.019186],[31.496814,30.019482],[31.496642,30.019797],[31.496484,30.020117],[31.496341,30.020442],[31.496261,30.020676],[31.49616,30.021005],[31.495981,30.021806],[31.495939,30.021994],[31.495906,30.022184],[31.495883,30.022374],[31.495869,30.022566],[31.495864,30.022757],[31.495865,30.023123],[31.495855,30.023205],[31.495833,30.023286],[31.495798,30.023363],[31.495752,30.023435],[31.495705,30.023496]]},"properties":{"kind":"road","class":"unclassified","weight":1.0,"name":null}},{"type":"Feature","geometry":{"type":"LineString","coordinates":[[31.496722,30.021497],[31.496837,30.021512],[31.4969,30.02152],[31.497084,30.021544]]},"properties":{"kind":"road","class":"unclassified","weight":1.0,"name":null}},{"type":"Feature","geometry":{"type":"LineString","coordinates":[[31.497025,30.021663],[31.496871,30.021637],[31.496699,30.021609]]},"properties":{"kind":"road","class":"unclassified","weight":1.0,"name":null}},{"type":"Feature","geometry":{"type":"LineString","coordinates":[[31.50198,30.01483],[31.50207,30.014743],[31.50212,30.014695],[31.50217,30.014647],[31.502278,30.014559],[31.502395,30.014477],[31.502511,30.014399],[31.50264,30.014335],[31.502775,30.014278],[31.502897,30.014237],[31.503023,30.014202],[31.503151,30.014175],[31.503281,30.014153],[31.503412,30.014138],[31.503441,30.014137],[31.503544,30.014135],[31.503677,30.014141],[31.503808,30.014155],[31.503974,30.014181],[31.504085,30.014204],[31.504195,30.014241],[31.504297,30.014292],[31.504388,30.014358],[31.504465,30.014436],[31.504664,30.014725],[31.504915,30.015113],[31.505017,30.01529],[31.50526,30.015719],[31.505525,30.016186],[31.505757,30.016623],[31.505854,30.016832],[31.505937,30.017035],[31.506008,30.017235],[31.506071,30.017438],[31.506113,30.017596],[31.506147,30.017743],[31.506176,30.017892],[31.5062,30.01804],[31.50622,30.01819],[31.506235,30.018339],[31.506246,30.018496],[31.506247,30.018707],[31.506232,30.018826],[31.506211,30.018939],[31.506168,30.019053],[31.506112,30.019162],[31.506043,30.019266],[31.505962,30.019363],[31.505869,30.019452],[31.505767,30.019532],[31.505655,30.019603],[31.505536,30.019664],[31.505409,30.019713],[31.505278,30.019751],[31.505143,30.019777],[31.50501,30.019788],[31.50487,30.019786],[31.504752,30.019776],[31.504594,30.019756],[31.504452,30.019738],[31.50426,30.019724],[31.504083,30.01973],[31.503908,30.019753],[31.503738,30.019793],[31.503574,30.01985],[31.503423,30.019921],[31.503283,30.020005],[31.503154,30.020102],[31.503038,30.020211],[31.502937,30.02033],[31.502841,30.020477],[31.502768,30.020634],[31.502718,30.020797],[31.5027,30.020891],[31.502686,30.020989],[31.50267,30.021099],[31.502665,30.021164],[31.502641,30.021588],[31.502633,30.021675],[31.502613,30.02176],[31.502579,30.021842],[31.502533,30.021919],[31.502473,30.021985],[31.502395,30.02205],[31.502319,30.022101],[31.502242,30.022141],[31.502151,30.022184],[31.50204,30.022236],[31.501962,30.022273],[31.501278,30.022558],[31.50087,30.022727],[31.500782,30.022756],[31.500704,30.022779],[31.500623,30.0228],[31.500542,30.022819],[31.50046,30.022836],[31.500278,30.02287],[31.500223,30.022882],[31.499942,30.022941],[31.499889,30.022954]]},"properties":{"kind":"road","class":"unclassified","weight":1.0,"name":null}},{"type":"Feature","geometry":{"type":"LineString","coordinates":[[31.499889,30.022954],[31.499835,30.022984],[31.499783,30.023017],[31.499733,30.023053],[31.499686,30.02309],[31.49964,30.02313],[31.499538,30.023222],[31.499464,30.023286],[31.499421,30.023324],[31.499373,30.023366],[31.499289,30.023439],[31.49923,30.023491],[31.49898,30.02371],[31.498918,30.023764],[31.498802,30.023866]]},"properties":{"kind":"road","class":"unclassified","weight":1.0,"name":null}},{"type":"Feature","geometry":{"type":"LineString","coordinates":[[31.498722,30.023795],[31.498837,30.023694],[31.498898,30.023641],[31.49915,30.023419],[31.499212,30.023366],[31.49929,30.023298],[31.499343,30.023251],[31.499388,30.023214],[31.499461,30.023153],[31.499539,30.02309],[31.499585,30.023053],[31.499635,30.023022],[31.49969,30.022996],[31.499747,30.022976],[31.499807,30.022962],[31.499889,30.022954]]},"properties":{"kind":"road","class":"unclassified","weight":1.0,"name":null}},{"type":"Feature","geometry":{"type":"LineString","coordinates":[[31.480731,29.999702],[31.480683,29.999754],[31.480644,29.999811],[31.480612,29.999872],[31.480593,29.999924],[31.48058,29.999978],[31.480576,29.999997],[31.480574,30.000041],[31.480547,30.00099],[31.480542,30.001866],[31.480539,30.002694],[31.480546,30.002894],[31.480548,30.00297],[31.480553,30.003117],[31.480557,30.003217],[31.480561,30.003288],[31.480567,30.003338],[31.480591,30.003457],[31.480625,30.003567],[31.480669,30.003674],[31.480725,30.003778],[31.480998,30.004258],[31.481243,30.004671],[31.481708,30.005453],[31.481841,30.005678],[31.482483,30.006757],[31.482803,30.007291],[31.483043,30.007693],[31.483584,30.008583],[31.483594,30.0086],[31.483719,30.008806],[31.484164,30.009539],[31.484393,30.009916],[31.485024,30.010952],[31.485434,30.011568],[31.48551,30.011652],[31.485599,30.011757],[31.485681,30.011867],[31.485754,30.011981],[31.485819,30.012099],[31.485875,30.012221],[31.485921,30.012345],[31.485986,30.012601],[31.486042,30.012833],[31.4861,30.013071],[31.486136,30.013312],[31.48615,30.013554],[31.486148,30.01369],[31.486147,30.013835],[31.48614,30.01404],[31.486133,30.014914],[31.48613,30.015422],[31.486143,30.015838],[31.486155,30.017832],[31.486158,30.018105],[31.486158,30.018133],[31.486161,30.018342],[31.486167,30.019031],[31.486171,30.019577],[31.486172,30.019624],[31.486172,30.01966],[31.486174,30.019731],[31.486178,30.019964],[31.486179,30.020022],[31.486192,30.020582],[31.486189,30.020981],[31.486197,30.021738],[31.486202,30.022889],[31.486202,30.022939],[31.486209,30.024151],[31.486232,30.024256],[31.486267,30.024358],[31.486312,30.024458],[31.486382,30.024575],[31.486468,30.024685],[31.486567,30.024786],[31.48668,30.024876],[31.486803,30.024955],[31.486936,30.02502],[31.487077,30.025072],[31.487388,30.025197]]},"properties":{"kind":"road","class":"primary","weight":2.4,"name":"\u0634\u0627\u0631\u0639 \u0627\u0644\u062c\u0632\u064a\u0631\u0629"}},{"type":"Feature","geometry":{"type":"LineString","coordinates":[[31.486312,30.024458],[31.486281,30.024487],[31.486244,30.024512],[31.486202,30.024531],[31.486158,30.024543],[31.486111,30.024548],[31.486065,30.024546],[31.486019,30.024537],[31.485976,30.024522],[31.485937,30.0245],[31.485903,30.024472],[31.485875,30.02444]]},"properties":{"kind":"road","class":"primary_link","weight":1.6,"name":null}},{"type":"Feature","geometry":{"type":"LineString","coordinates":[[31.486352,30.022891],[31.486445,30.022893],[31.486775,30.022897]]},"properties":{"kind":"road","class":"residential","weight":1.0,"name":null}},{"type":"Feature","geometry":{"type":"LineString","coordinates":[[31.488207,30.024283],[31.488366,30.024274],[31.488442,30.024254],[31.48851,30.02422],[31.488555,30.024183],[31.48863,30.024108],[31.4888,30.02387],[31.48896,30.02368],[31.489136,30.023502],[31.489329,30.023337],[31.489372,30.023254],[31.489406,30.023135],[31.489403,30.022993],[31.489396,30.022957],[31.489385,30.022919],[31.48928,30.022651],[31.489166,30.022389],[31.48911,30.022313],[31.489036,30.02225],[31.488947,30.022203],[31.488847,30.022175],[31.488714,30.022157],[31.488563,30.022156],[31.488448,30.022157],[31.488335,30.022166],[31.488206,30.022181],[31.487994,30.022195],[31.48777,30.022183],[31.487558,30.022151],[31.4874,30.022127],[31.48724,30.022133],[31.487086,30.02217],[31.48678,30.022337]]},"properties":{"kind":"road","class":"residential","weight":1.0,"name":null}},{"type":"Feature","geometry":{"type":"LineString","coordinates":[[31.488448,30.022157],[31.488443,30.02168],[31.488441,30.021526],[31.488438,30.02123]]},"properties":{"kind":"road","class":"residential","weight":1.0,"name":null}},{"type":"Feature","geometry":{"type":"LineString","coordinates":[[31.488017,30.024624],[31.487324,30.024636],[31.487213,30.024632],[31.487105,30.024608],[31.487005,30.024565],[31.486918,30.024506],[31.48683,30.024414],[31.486761,30.024313],[31.486711,30.024203],[31.486681,30.024087],[31.486673,30.023969],[31.486687,30.023851],[31.486722,30.023737],[31.486777,30.023629],[31.486852,30.02353]]},"properties":{"kind":"road","class":"residential","weight":1.0,"name":null}},{"type":"Feature","geometry":{"type":"LineString","coordinates":[[31.469152,29.999822],[31.469093,29.999938],[31.469038,30.000053],[31.46899,30.000171],[31.468958,30.000263],[31.468906,30.000448],[31.468896,30.000543],[31.46889,30.000603],[31.46888,30.001396],[31.468883,30.002261],[31.468889,30.002857],[31.468895,30.003216],[31.468903,30.003474],[31.468924,30.003732],[31.468959,30.003988],[31.469007,30.004243],[31.469067,30.004496],[31.469141,30.004746],[31.469227,30.004993],[31.469327,30.005236],[31.469434,30.005489],[31.469554,30.005738],[31.469667,30.005943],[31.469836,30.006218],[31.469996,30.006448],[31.47013,30.006618],[31.470243,30.006756],[31.47027,30.006788],[31.470355,30.006888],[31.470427,30.006963],[31.470553,30.007096],[31.470761,30.007308],[31.472662,30.008957],[31.472882,30.009152],[31.473092,30.009354],[31.473293,30.009564],[31.473483,30.009781],[31.473663,30.010004],[31.473832,30.010234],[31.47399,30.010469],[31.474137,30.01071],[31.474272,30.010956],[31.474406,30.011223],[31.474522,30.011497],[31.474624,30.011775],[31.474711,30.012057],[31.474783,30.012342],[31.474841,30.012629],[31.474883,30.012919],[31.47491,30.013209],[31.474923,30.013501],[31.474927,30.0144],[31.474936,30.016078],[31.474936,30.016168],[31.474936,30.016201],[31.474937,30.016381],[31.474937,30.016423],[31.474938,30.016766],[31.47494,30.017927],[31.474942,30.019106],[31.474945,30.020561],[31.474939,30.021702],[31.47502,30.0226],[31.475036,30.024229],[31.475087,30.024471],[31.475126,30.024575]]},"properties":{"kind":"road","class":"primary","weight":2.4,"name":"\u0645\u062d\u0648\u0631 \u0645\u062d\u0645\u062f \u0646\u062c\u064a\u0628"}},{"type":"Feature","geometry":{"type":"LineString","coordinates":[[31.489914,30.015712],[31.489913,30.015958],[31.489903,30.019379],[31.489903,30.019448],[31.489906,30.019793],[31.489908,30.020242],[31.489908,30.020305],[31.489911,30.020923],[31.489931,30.021004],[31.48997,30.021079],[31.490026,30.021145],[31.490097,30.021199],[31.49018,30.02124],[31.49027,30.021264],[31.490365,30.021272],[31.491335,30.021267],[31.491581,30.021266],[31.492147,30.021264],[31.492633,30.021267],[31.493501,30.021273],[31.494194,30.02127],[31.494832,30.021269],[31.494978,30.021269],[31.495212,30.021267],[31.4953,30.021258],[31.495382,30.021228],[31.495478,30.021187]]},"properties":{"kind":"road","class":"tertiary","weight":1.4,"name":null}},{"type":"Feature","geometry":{"type":"LineString","coordinates":[[31.495414,30.021574],[31.495353,30.021525],[31.495286,30.021482],[31.495214,30.021446],[31.495138,30.021417],[31.495058,30.021397],[31.494975,30.021392],[31.493201,30.021393],[31.492808,30.021394],[31.492688,30.021394],[31.492633,30.021394],[31.491333,30.021397],[31.490721,30.021399],[31.490366,30.0214],[31.490245,30.021392],[31.490138,30.021367],[31.490038,30.021325],[31.489949,30.021268],[31.489874,30.021196],[31.489816,30.021115],[31.489776,30.021025],[31.489762,30.020985],[31.489759,30.020635],[31.489759,30.019792],[31.489759,30.019674],[31.489759,30.019091],[31.489756,30.019004],[31.489755,30.018705],[31.489754,30.018368],[31.489753,30.01785],[31.489734,30.016093],[31.489719,30.01601],[31.489694,30.01593],[31.489658,30.015852],[31.489614,30.015777]]},"properties":{"kind":"road","class":"tertiary","weight":1.4,"name":null}},{"type":"Feature","geometry":{"type":"LineString","coordinates":[[31.489762,30.020985],[31.48968,30.020929],[31.489585,30.020889],[31.489483,30.020868],[31.489379,30.020866],[31.486552,30.020866],[31.486472,30.020869],[31.486395,30.020883],[31.486321,30.020906],[31.486251,30.020939],[31.486189,30.020981]]},"properties":{"kind":"road","class":"tertiary","weight":1.4,"name":null}},{"type":"Feature","geometry":{"type":"LineString","coordinates":[[31.486192,30.020582],[31.486249,30.020636],[31.486315,30.020682],[31.486389,30.020718],[31.486468,30.020743],[31.486552,30.020757],[31.486728,30.020757],[31.487218,30.020757],[31.487321,30.020757],[31.489378,30.020758],[31.489483,30.020755],[31.489585,30.020733],[31.489678,30.020692],[31.489759,30.020635]]},"properties":{"kind":"road","class":"tertiary","weight":1.4,"name":null}},{"type":"Feature","geometry":{"type":"LineString","coordinates":[[31.486552,30.020866],[31.486552,30.020757]]},"properties":{"kind":"road","class":"tertiary_link","weight":1.1,"name":null}},{"type":"Feature","geometry":{"type":"LineString","coordinates":[[31.49952,30.040116],[31.499503,30.040147],[31.499486,30.040159],[31.49947,30.040171],[31.499432,30.040179],[31.499391,30.040171],[31.499358,30.040147],[31.49934,30.040116],[31.49934,30.04008],[31.499358,30.040049],[31.499391,30.040025],[31.499432,30.040018],[31.49947,30.040025],[31.499503,30.040049],[31.49952,30.04008],[31.49952,30.040116]]},"properties":{"kind":"road","class":"residential","weight":1.0,"name":null}},{"type":"Feature","geometry":{"type":"LineString","coordinates":[[31.496807,30.040301],[31.496827,30.040225],[31.496865,30.040139],[31.496914,30.040043],[31.496993,30.039897],[31.497027,30.039839],[31.497083,30.039759],[31.497117,30.039718],[31.497204,30.039616],[31.497298,30.039519],[31.497498,30.039355],[31.497691,30.039229],[31.497875,30.03913],[31.498088,30.039039],[31.49826,30.038982],[31.498465,30.038934],[31.498669,30.038907],[31.498733,30.038907],[31.498792,30.038907],[31.498912,30.03892],[31.499018,30.038945],[31.499139,30.039004],[31.499186,30.039037],[31.499237,30.039084],[31.499269,30.039128],[31.499296,30.039165],[31.499339,30.039253],[31.499363,30.039355],[31.499369,30.039459],[31.499356,30.039642],[31.499346,30.039766],[31.499347,30.039845],[31.499358,30.039899],[31.499385,30.039957],[31.499432,30.040018]]},"properties":{"kind":"road","class":"residential","weight":1.0,"name":null}},{"type":"Feature","geometry":{"type":"LineString","coordinates":[[31.496975,30.040426],[31.496945,30.04047],[31.496906,30.040494],[31.496885,30.040499],[31.496844,30.040501],[31.496804,30.040491],[31.496762,30.040461],[31.496739,30.040419],[31.496739,30.040373],[31.496762,30.040331],[31.496807,30.040301],[31.496852,30.040291],[31.496898,30.040297],[31.496938,30.040317],[31.49695,30.04033],[31.496966,30.040349],[31.496979,30.040386],[31.496975,30.040426]]},"properties":{"kind":"road","class":"residential","weight":1.0,"name":null}},{"type":"Feature","geometry":{"type":"LineString","coordinates":[[31.499486,30.040159],[31.499482,30.040187],[31.499485,30.040225],[31.499505,30.040273],[31.499589,30.040377],[31.499658,30.040456],[31.499774,30.040546],[31.49987,30.040645],[31.499912,30.040706],[31.499952,30.040786],[31.499986,30.040871],[31.499994,30.040956],[31.499993,30.041007],[31.499972,30.041104],[31.499934,30.041199],[31.499924,30.041218],[31.499883,30.041291],[31.499828,30.041348],[31.499734,30.041428],[31.499623,30.041472],[31.499496,30.04151],[31.499343,30.041538],[31.499163,30.041565],[31.498864,30.041579],[31.498651,30.041568],[31.498416,30.041536],[31.498201,30.041488],[31.497931,30.041411],[31.497695,30.041302],[31.497505,30.041213],[31.497346,30.04112],[31.497187,30.041017],[31.497151,30.040994],[31.497024,30.04089],[31.496925,30.040782],[31.496869,30.040687],[31.496844,30.040618],[31.496813,30.040523],[31.496804,30.040491]]},"properties":{"kind":"road","class":"residential","weight":1.0,"name":null}},{"type":"Feature","geometry":{"type":"LineString","coordinates":[[31.496906,30.040494],[31.496916,30.040563],[31.496924,30.040588],[31.496962,30.040696],[31.496997,30.040749],[31.497038,30.040804],[31.497118,30.040875],[31.497238,30.040965],[31.497384,30.041063],[31.497551,30.041164],[31.497733,30.041255],[31.49796,30.041341],[31.498187,30.041399],[31.498417,30.041449],[31.498603,30.041472],[31.498803,30.041479],[31.499033,30.041474],[31.499192,30.041452],[31.499337,30.041423],[31.499489,30.041376],[31.499599,30.041329],[31.499683,30.041271],[31.499772,30.04118],[31.499797,30.041144],[31.49984,30.040979],[31.499846,30.040931],[31.49984,30.04084],[31.499809,30.040745],[31.499754,30.040655],[31.499687,30.040575],[31.499642,30.040527],[31.499606,30.040488],[31.499516,30.040393],[31.499458,30.040311],[31.499415,30.040232],[31.499404,30.040214],[31.499391,30.040171]]},"properties":{"kind":"road","class":"residential","weight":1.0,"name":null}},{"type":"Feature","geometry":{"type":"LineString","coordinates":[[31.49934,30.04008],[31.499303,30.03999],[31.499287,30.039901],[31.499282,30.039805],[31.499287,30.039664],[31.499285,30.039572],[31.499281,30.039445],[31.499256,30.039346],[31.49922,30.039258],[31.499177,30.03919],[31.499084,30.039107],[31.498995,30.03905],[31.498888,30.03901],[31.498779,30.038991],[31.498648,30.038985],[31.498481,30.038997],[31.498274,30.039041],[31.498097,30.039098],[31.497948,30.039164],[31.497778,30.039252],[31.49761,30.039356],[31.497399,30.039526],[31.497286,30.039641],[31.497169,30.03979],[31.497101,30.039874],[31.49705,30.039947],[31.496992,30.04005],[31.496961,30.040137],[31.496945,30.04022],[31.496938,30.040317]]},"properties":{"kind":"road","class":"residential","weight":1.0,"name":null}},{"type":"Feature","geometry":{"type":"LineString","coordinates":[[31.496762,30.040461],[31.496638,30.040437],[31.49636,30.040445],[31.496199,30.040457]]},"properties":{"kind":"road","class":"residential","weight":1.0,"name":null}},{"type":"Feature","geometry":{"type":"LineString","coordinates":[[31.49636,30.040445],[31.496355,30.040349]]},"properties":{"kind":"road","class":"residential","weight":1.0,"name":null}},{"type":"Feature","geometry":{"type":"LineString","coordinates":[[31.470316,30.029266],[31.469966,30.029368],[31.469886,30.0294],[31.469783,30.029443],[31.46968,30.02949],[31.469547,30.029558],[31.46943,30.029626],[31.469329,30.029685],[31.469072,30.029835],[31.468957,30.029892],[31.468839,30.029945],[31.468718,30.029993],[31.468557,30.030052],[31.467688,30.030386],[31.467514,30.030453],[31.467179,30.030593],[31.466778,30.03072],[31.466519,30.030782],[31.4662,30.030842],[31.466005,30.03088],[31.465947,30.03089],[31.465782,30.030907],[31.465603,30.030925],[31.465525,30.030934],[31.465096,30.030947],[31.464373,30.030947],[31.463508,30.030949],[31.462613,30.030951],[31.461736,30.030958],[31.461279,30.030961]]},"properties":{"kind":"road","class":"tertiary","weight":1.4,"name":"\u0634\u0627\u0631\u0639 \u0627\u0644\u062a\u0633\u0639\u064a\u0646 \u0627\u0644\u0634\u0645\u0627\u0644\u0649 \u0627\u0644\u062c\u0627\u0646\u0628\u0649"}},{"type":"Feature","geometry":{"type":"LineString","coordinates":[[31.474452,30.036922],[31.474403,30.036854],[31.474331,30.03679],[31.474254,30.03673],[31.474172,30.036675],[31.474085,30.036625],[31.473948,30.03659],[31.473823,30.036569],[31.473645,30.036562],[31.472566,30.036566],[31.47209,30.036568],[31.471766,30.036569],[31.471228,30.03657],[31.470748,30.036574],[31.4698,30.036578],[31.469287,30.03658],[31.469017,30.03658]]},"properties":{"kind":"road","class":"tertiary","weight":1.4,"name":"\u0634\u0627\u0631\u0639 \u0627\u0644\u064a\u0627\u0633\u0645\u064a\u0646"}},{"type":"Feature","geometry":{"type":"LineString","coordinates":[[31.490721,30.021399],[31.490672,30.02145],[31.490629,30.021515],[31.490599,30.021585],[31.490582,30.021658],[31.490586,30.022997],[31.49059,30.023783],[31.490592,30.024811],[31.490598,30.024855],[31.490603,30.024892],[31.490637,30.024968],[31.490692,30.025035],[31.490777,30.02512]]},"properties":{"kind":"road","class":"tertiary","weight":1.4,"name":null}},{"type":"Feature","geometry":{"type":"LineString","coordinates":[[31.498162,30.028685],[31.498244,30.028592],[31.498299,30.028514],[31.498342,30.02842],[31.498594,30.027667],[31.498611,30.027586],[31.498629,30.0275],[31.498653,30.027331],[31.498664,30.02716],[31.498663,30.02699],[31.49865,30.02682],[31.498415,30.025937],[31.498368,30.025824],[31.498328,30.025746],[31.498251,30.025648],[31.498155,30.025566],[31.498036,30.025497],[31.497835,30.025411]]},"properties":{"kind":"road","class":"tertiary","weight":1.4,"name":null}},{"type":"Feature","geometry":{"type":"LineString","coordinates":[[31.475479,30.036259],[31.47553,30.036294],[31.475584,30.036324],[31.475642,30.03635],[31.475704,30.03637],[31.475769,30.036385],[31.475835,30.036394],[31.475901,30.036397],[31.476867,30.036395],[31.476967,30.036395],[31.478797,30.036387],[31.479061,30.036387],[31.47918,30.036386],[31.480813,30.036367],[31.481151,30.036365],[31.481322,30.036364],[31.481861,30.036365],[31.483642,30.036362],[31.484066,30.036358],[31.484385,30.036349],[31.484527,30.036314],[31.484655,30.036252],[31.484763,30.036165],[31.484844,30.036058],[31.484917,30.035936]]},"properties":{"kind":"road","class":"tertiary","weight":1.4,"name":"\u0634\u0627\u0631\u0639 \u0633\u0644\u0627\u0645\u0647 \u062d\u062c\u0627\u0632\u0649"}},{"type":"Feature","geometry":{"type":"LineString","coordinates":[[31.48493,30.036892],[31.484856,30.036792],[31.484768,30.036704],[31.484662,30.036634],[31.484542,30.036583],[31.484413,30.036554],[31.484058,30.036543],[31.483282,30.036558],[31.483189,30.036558],[31.48114,30.036563],[31.480285,30.036568],[31.480014,30.036566],[31.479778,30.036566],[31.478798,30.036562],[31.477158,30.036569],[31.476003,30.036581],[31.475911,30.03659],[31.475821,30.036607],[31.475733,30.036632],[31.475648,30.036663],[31.47556,30.036705],[31.475478,30.036755]]},"properties":{"kind":"road","class":"tertiary","weight":1.4,"name":"\u0634\u0627\u0631\u0639 \u0633\u0644\u0627\u0645\u0647 \u062d\u062c\u0627\u0632\u0649"}},{"type":"Feature","geometry":{"type":"LineString","coordinates":[[31.48515,30.03774],[31.485326,30.037925],[31.485406,30.037994],[31.485478,30.038045],[31.485568,30.038091],[31.485666,30.038118],[31.485782,30.038128],[31.486791,30.038132],[31.487199,30.03813],[31.487927,30.038127],[31.48879,30.038123],[31.489226,30.038125],[31.491357,30.038127],[31.491615,30.038124],[31.491843,30.038118],[31.492325,30.038123],[31.493561,30.038127],[31.493629,30.038127],[31.49466,30.038127],[31.494845,30.038075],[31.495044,30.037996],[31.495226,30.037892],[31.495387,30.037765],[31.495522,30.037618]]},"properties":{"kind":"road","class":"tertiary","weight":1.4,"name":"\u0634\u0627\u0631\u0639 \u0645\u062d\u0645\u0648\u062f \u0627\u0644\u0634\u0631\u064a\u0641"}},{"type":"Feature","geometry":{"type":"LineString","coordinates":[[31.495526,30.038813],[31.495415,30.038686],[31.495262,30.038546],[31.495079,30.038435],[31.494875,30.038357],[31.494657,30.038316],[31.494151,30.038307],[31.493954,30.038303],[31.492745,30.038306],[31.492333,30.038307],[31.491767,30.038309],[31.491353,30.038309],[31.491211,30.03831],[31.490257,30.038313],[31.489807,30.038314],[31.487927,30.038312],[31.486814,30.038322],[31.485779,30.038343],[31.485678,30.03835],[31.485559,30.038373],[31.485468,30.038409],[31.485385,30.038463],[31.485292,30.038528],[31.485158,30.038644]]},"properties":{"kind":"road","class":"tertiary","weight":1.4,"name":"\u0634\u0627\u0631\u0639 \u0645\u062d\u0645\u0648\u062f \u0627\u0644\u0634\u0631\u064a\u0641"}},{"type":"Feature","geometry":{"type":"LineString","coordinates":[[31.484926,30.039271],[31.48487,30.039192],[31.484772,30.039127],[31.484674,30.039099],[31.48459,30.039094],[31.481343,30.039096],[31.481225,30.039099],[31.48111,30.039126],[31.481006,30.039175]]},"properties":{"kind":"road","class":"tertiary","weight":1.4,"name":"\u0634\u0627\u0631\u0639 \u0627\u0628\u0631\u0627\u0647\u064a\u0645 \u0639\u062b\u0645\u0627\u0646"}},{"type":"Feature","geometry":{"type":"LineString","coordinates":[[31.479997,30.038645],[31.479466,30.038648],[31.479289,30.038649],[31.478839,30.038651],[31.478533,30.038653],[31.478061,30.038655],[31.477453,30.038661],[31.476805,30.038661],[31.476724,30.038662],[31.47614,30.038664],[31.475829,30.038666],[31.475628,30.038662],[31.47552,30.038667],[31.475429,30.038695],[31.475339,30.038733],[31.475179,30.038816]]},"properties":{"kind":"road","class":"tertiary","weight":1.4,"name":"\u0634\u0627\u0631\u0639 \u062d\u0633\u0646 \u0631\u0634\u064a\u062f"}},{"type":"Feature","geometry":{"type":"LineString","coordinates":[[31.480918,30.039268],[31.480861,30.039352],[31.480823,30.039445],[31.480802,30.039548],[31.480815,30.040399],[31.48082,30.040668],[31.480812,30.042267],[31.480801,30.042344],[31.480776,30.042415],[31.480743,30.042476],[31.480698,30.042525],[31.480534,30.0427],[31.480485,30.042763],[31.480439,30.042817],[31.480407,30.042857]]},"properties":{"kind":"road","class":"tertiary","weight":1.4,"name":"\u0634\u0627\u0631\u0639 \u0635\u062f\u064a\u0642 \u0627\u0644\u0645\u0646\u0634\u0627\u0648\u0649"}},{"type":"Feature","geometry":{"type":"LineString","coordinates":[[31.480376,30.042974],[31.480345,30.043068],[31.480348,30.04312],[31.480347,30.043181],[31.480334,30.044914],[31.480342,30.044976],[31.48035,30.045001],[31.480358,30.045028],[31.480377,30.045075],[31.480406,30.045118],[31.480452,30.045178]]},"properties":{"kind":"road","class":"tertiary","weight":1.4,"name":"\u0634\u0627\u0631\u0639 \u0635\u062f\u064a\u0642 \u0627\u0644\u0645\u0646\u0634\u0627\u0648\u0649"}},{"type":"Feature","geometry":{"type":"LineString","coordinates":[[31.478795,30.042771],[31.478904,30.042655],[31.478939,30.042612],[31.478959,30.04256],[31.478969,30.042516],[31.47897,30.042463],[31.478953,30.041935],[31.478945,30.041845],[31.478927,30.041758],[31.478894,30.041683],[31.478846,30.041604],[31.478794,30.041537],[31.478679,30.041407],[31.478555,30.041282],[31.478461,30.041172],[31.478375,30.041063],[31.478302,30.040959],[31.478261,30.04088],[31.478248,30.040776],[31.478242,30.04068],[31.478224,30.040565],[31.478221,30.038954],[31.478221,30.038896],[31.47821,30.03884],[31.478196,30.038803],[31.478178,30.038768],[31.478154,30.038736],[31.478127,30.038706],[31.478096,30.038679],[31.478061,30.038655]]},"properties":{"kind":"road","class":"tertiary","weight":1.4,"name":"\u0634\u0627\u0631\u0639 \u0627\u0644\u0645\u0633\u062a\u0634\u0627\u0631 \u0645\u062d\u0645\u062f \u0643\u0627\u0645\u0644 \u0645\u0631\u0633\u0649"}},{"type":"Feature","geometry":{"type":"LineString","coordinates":[[31.48047,30.051939],[31.480571,30.05188],[31.480659,30.051807],[31.480733,30.051724],[31.480791,30.051631],[31.48083,30.051531],[31.480851,30.051427],[31.480834,30.048558],[31.480826,30.048494],[31.480812,30.048423],[31.480795,30.048361],[31.480785,30.048334],[31.480775,30.048308],[31.480719,30.048237],[31.480671,30.048183],[31.480615,30.04813],[31.480539,30.048074],[31.480423,30.048008],[31.480369,30.047985],[31.480303,30.047966],[31.480242,30.047954],[31.480176,30.047949],[31.480096,30.047946],[31.479039,30.047951],[31.478699,30.047957],[31.478399,30.047961],[31.475936,30.047976],[31.475887,30.047978],[31.47554,30.047985],[31.47544,30.047998],[31.475345,30.048023],[31.475268,30.048061]]},"properties":{"kind":"road","class":"tertiary","weight":1.4,"name":"\u0634\u0627\u0631\u0639 \u0639\u0644\u0649 \u0634\u0627\u0641\u0639\u0649"}},{"type":"Feature","geometry":{"type":"LineString","coordinates":[[31.475266,30.047691],[31.475364,30.047788],[31.475457,30.047837],[31.475538,30.047863],[31.475939,30.047854],[31.476369,30.047854],[31.476616,30.047854],[31.478515,30.047845],[31.479034,30.047843],[31.479276,30.047841],[31.479747,30.047836],[31.480239,30.047833],[31.480332,30.047843],[31.480423,30.047862],[31.48051,30.047892],[31.480591,30.047932],[31.480665,30.047981],[31.480953,30.048261],[31.480985,30.048325],[31.481,30.048375],[31.481013,30.048428],[31.481022,30.048483],[31.481026,30.048559],[31.481009,30.048678],[31.480992,30.048771],[31.480987,30.048863],[31.480997,30.050732],[31.480989,30.051189],[31.480991,30.051432],[31.480979,30.051547],[31.480945,30.051659],[31.480891,30.051764],[31.480818,30.051861],[31.480728,30.051945],[31.480623,30.052017]]},"properties":{"kind":"road","class":"tertiary","weight":1.4,"name":"\u0634\u0627\u0631\u0639 \u0639\u0644\u0649 \u0634\u0627\u0641\u0639\u0649"}},{"type":"Feature","geometry":{"type":"LineString","coordinates":[[31.478699,30.047957],[31.478644,30.048029],[31.478603,30.048102],[31.478578,30.04818],[31.47857,30.048261],[31.478577,30.049685],[31.478571,30.049857],[31.478552,30.050086]]},"properties":{"kind":"road","class":"tertiary","weight":1.4,"name":"\u0634\u0627\u0631\u0639 \u0639\u0644\u0649 \u0634\u0627\u0641\u0639\u0649"}},{"type":"Feature","geometry":{"type":"LineString","coordinates":[[31.492871,30.042385],[31.493002,30.042416],[31.49314,30.042437],[31.493279,30.042448],[31.495058,30.04243],[31.495167,30.042409],[31.495269,30.042362],[31.495393,30.042279]]},"properties":{"kind":"road","class":"residential","weight":1.0,"name":"\u0634\u0627\u0631\u0639 \u0639\u0644\u0649 \u062e\u0627\u0637\u0631"}},{"type":"Feature","geometry":{"type":"LineString","coordinates":[[31.492547,30.042347],[31.492539,30.041955],[31.492519,30.041019],[31.492517,30.040648],[31.492519,30.040566],[31.492521,30.040235],[31.492528,30.038662],[31.492514,30.038522],[31.492491,30.038466],[31.492478,30.038437],[31.492416,30.038363],[31.492333,30.038307]]},"properties":{"kind":"road","class":"residential","weight":1.0,"name":"\u0634\u0627\u0631\u0639 \u0627\u0628\u0631\u0627\u0647\u064a\u0645 \u0641\u0648\u0632\u064a"}},{"type":"Feature","geometry":{"type":"LineString","coordinates":[[31.490257,30.038313],[31.490151,30.038448],[31.490137,30.038504],[31.490131,30.038528],[31.49012,30.038617],[31.490154,30.040476],[31.490161,30.040577],[31.490194,30.040674],[31.490251,30.040762]]},"properties":{"kind":"road","class":"residential","weight":1.0,"name":"\u0634\u0627\u0631\u0639 \u0627\u0644\u0634\u0647\u064a\u062f \u0645\u0635\u0637\u0641\u0649 \u0634\u0643\u0631\u0649"}},{"type":"Feature","geometry":{"type":"LineString","coordinates":[[31.489709,30.043125],[31.489674,30.043242],[31.48965,30.043331],[31.489635,30.043421],[31.489632,30.043483],[31.48963,30.043513],[31.489618,30.045462],[31.489618,30.045503],[31.489627,30.045569],[31.489659,30.045637],[31.489711,30.045709],[31.489779,30.045794]]},"properties":{"kind":"road","class":"residential","weight":1.0,"name":"\u0634\u0627\u0631\u0639 \u0639\u0645\u0631 \u0641\u0631\u0648\u062e"}},{"type":"Feature","geometry":{"type":"LineString","coordinates":[[31.474614,30.043401],[31.474611,30.04334],[31.474576,30.043188],[31.474512,30.043056],[31.474413,30.042942],[31.474301,30.042852],[31.474163,30.042767],[31.474005,30.042693],[31.473836,30.042638],[31.473661,30.042602],[31.473465,30.042587],[31.472976,30.042589],[31.472631,30.042591],[31.472429,30.042592],[31.472141,30.042593],[31.471645,30.042595],[31.471194,30.042599],[31.47099,30.0426],[31.470712,30.042601],[31.470188,30.042601],[31.469797,30.042606],[31.46886,30.042606],[31.467311,30.042611],[31.466331,30.042607],[31.465967,30.042605],[31.465454,30.04261],[31.464975,30.042612],[31.464466,30.042614],[31.464025,30.042615],[31.463617,30.042616],[31.462744,30.042617],[31.46267,30.042623],[31.462526,30.042647],[31.462364,30.042692],[31.46226,30.042739],[31.462138,30.042832],[31.462115,30.042851],[31.462094,30.042865],[31.461961,30.042976],[31.461902,30.043039],[31.461844,30.043117],[31.461792,30.043203],[31.461751,30.043279],[31.461721,30.043362],[31.461709,30.043442],[31.461696,30.043554]]},"properties":{"kind":"road","class":"tertiary","weight":1.4,"name":"\u0634\u0627\u0631\u0639 \u0633\u0644\u064a\u0645\u0627\u0646 \u0627\u0644\u062d\u0644\u0628\u0649"}},{"type":"Feature","geometry":{"type":"LineString","coordinates":[[31.469723,30.031244],[31.47043,30.031249],[31.470672,30.031253],[31.471268,30.031262],[31.471394,30.031264],[31.472087,30.031275]]},"properties":{"kind":"road","class":"residential","weight":1.0,"name":null}},{"type":"Feature","geometry":{"type":"LineString","coordinates":[[31.472898,30.029833],[31.47291,30.031035],[31.472914,30.031426],[31.472916,30.031621],[31.472928,30.032821]]},"properties":{"kind":"road","class":"residential","weight":1.0,"name":null}},{"type":"Feature","geometry":{"type":"LineString","coordinates":[[31.474599,30.031329],[31.473747,30.031333]]},"properties":{"kind":"road","class":"residential","weight":1.0,"name":null}},{"type":"Feature","geometry":{"type":"LineString","coordinates":[[31.489068,30.027446],[31.488989,30.027442],[31.488915,30.027442],[31.487377,30.027466],[31.48677,30.027473],[31.486157,30.027472],[31.485989,30.02748],[31.485822,30.027496],[31.485657,30.027521],[31.485494,30.027556],[31.485333,30.027599],[31.485159,30.027648],[31.484663,30.027787],[31.484423,30.027854],[31.484284,30.027887],[31.484143,30.027906],[31.484,30.027914],[31.483627,30.027927],[31.483534,30.027931],[31.483452,30.027934],[31.483336,30.027941],[31.483068,30.027942],[31.482357,30.027944],[31.480853,30.027948],[31.480729,30.027945],[31.480606,30.027948],[31.480491,30.027966]]},"properties":{"kind":"road","class":"unclassified","weight":1.0,"name":null}},{"type":"Feature","geometry":{"type":"LineString","coordinates":[[31.472104,30.032823],[31.472928,30.032821],[31.473252,30.032821],[31.473379,30.032821],[31.473501,30.032789],[31.473607,30.032729],[31.473689,30.032645],[31.473739,30.032544],[31.473754,30.032434],[31.473748,30.031612],[31.473747,30.031333],[31.473744,30.031036],[31.473734,30.03022],[31.473733,30.030137],[31.473709,30.030057],[31.473664,30.029984],[31.473601,30.029922],[31.473523,30.029874],[31.473483,30.029853],[31.473391,30.02984],[31.473292,30.029832],[31.472898,30.029833],[31.472071,30.029833],[31.47111,30.029834],[31.470882,30.029846],[31.470658,30.02989],[31.470495,30.029953],[31.470296,30.03004],[31.470156,30.030126],[31.470022,30.030233],[31.469907,30.030355],[31.469821,30.030474],[31.469742,30.030594],[31.469682,30.030708],[31.469686,30.030915],[31.469723,30.031244],[31.469684,30.031952]]},"properties":{"kind":"road","class":"residential","weight":1.0,"name":null}},{"type":"Feature","geometry":{"type":"LineString","coordinates":[[31.471834,30.021011],[31.471934,30.020921],[31.472148,30.02073],[31.472428,30.020478],[31.472515,30.020401],[31.472594,30.020368],[31.472683,30.020366],[31.472764,30.020395],[31.472851,30.020468],[31.472882,30.020494],[31.473173,30.02074],[31.473426,30.020953],[31.473461,30.021033],[31.473454,30.021118],[31.473411,30.021196],[31.473335,30.021251],[31.47324,30.021274],[31.472259,30.021283],[31.472193,30.021278],[31.472133,30.021255],[31.472022,30.021164],[31.471834,30.021011],[31.47147,30.020713]]},"properties":{"kind":"road","class":"residential","weight":1.0,"name":null}},{"type":"Feature","geometry":{"type":"LineString","coordinates":[[31.485195,30.04919],[31.48533,30.049248],[31.48541,30.049279],[31.48549,30.049295],[31.485576,30.049303],[31.487445,30.049288],[31.487515,30.04928],[31.487584,30.049268],[31.487651,30.049249],[31.487715,30.049226]]},"properties":{"kind":"road","class":"residential","weight":1.0,"name":"\u0634\u0627\u0631\u0639 \u0627\u0644\u0634\u0647\u064a\u062f \u0645\u062d\u0645\u062f \u0641\u0637\u064a\u0646"}},{"type":"Feature","geometry":{"type":"LineString","coordinates":[[31.490435,30.048796],[31.490384,30.048772],[31.490303,30.048752],[31.490112,30.048728],[31.489045,30.04873],[31.488958,30.04873],[31.488311,30.048733],[31.488176,30.04876],[31.488055,30.048819],[31.487957,30.048904],[31.487898,30.049007],[31.487876,30.049121],[31.487859,30.049267],[31.48786,30.049408],[31.487876,30.049545],[31.487873,30.049803],[31.487876,30.049923],[31.487854,30.050055],[31.48782,30.050158],[31.487619,30.05049],[31.487553,30.050625],[31.487506,30.050766],[31.48748,30.050911],[31.487474,30.051057],[31.487522,30.052627],[31.48752,30.052815],[31.48752,30.052965],[31.487548,30.053042],[31.48758,30.053117],[31.48774,30.053278]]},"properties":{"kind":"road","class":"residential","weight":1.0,"name":"\u0634\u0627\u0631\u0639 \u0639\u0628\u062f\u0627\u0644\u0647\u0627\u062f\u0649 \u0631\u0627\u0636\u0649"}},{"type":"Feature","geometry":{"type":"LineString","coordinates":[[31.489962,30.049892],[31.49046,30.049289],[31.490506,30.049209],[31.490532,30.049122],[31.490535,30.049032],[31.490516,30.048943]]},"properties":{"kind":"road","class":"residential","weight":1.0,"name":"\u0634\u0627\u0631\u0639 \u0627\u062d\u0645\u062f \u0628\u062f\u0631\u062e\u0627\u0646"}},{"type":"Feature","geometry":{"type":"LineString","coordinates":[[31.485132,30.034678],[31.485072,30.034694],[31.485009,30.034696],[31.484958,30.034687],[31.48491,30.034668]]},"properties":{"kind":"road","class":"secondary_link","weight":1.3,"name":null}},{"type":"Feature","geometry":{"type":"LineString","coordinates":[[31.486791,30.038132],[31.486851,30.038066],[31.486896,30.037992],[31.486924,30.037912],[31.486933,30.037828],[31.486932,30.037693],[31.486931,30.03762],[31.48693,30.037538],[31.486915,30.035813],[31.486905,30.035487],[31.486901,30.035353],[31.486911,30.035219],[31.486936,30.035086],[31.486974,30.034956],[31.487026,30.03483],[31.48709,30.034708],[31.487168,30.034592],[31.487285,30.034454],[31.487324,30.034415],[31.487806,30.033934],[31.487829,30.033911],[31.487865,30.033875],[31.487906,30.033806],[31.487925,30.033729],[31.487922,30.033652],[31.487897,30.033576]]},"properties":{"kind":"road","class":"tertiary","weight":1.4,"name":"\u0634\u0627\u0631\u0639 \u0645\u062d\u0645\u062f \u0627\u0628\u0648 \u0634\u0627\u062f\u0649"}},{"type":"Feature","geometry":{"type":"LineString","coordinates":[[31.488883,30.03441],[31.488836,30.034342],[31.488784,30.034277],[31.488726,30.034216],[31.488665,30.034157],[31.488599,30.034103],[31.488282,30.033865],[31.487897,30.033576],[31.487801,30.033504],[31.487713,30.033425],[31.48763,30.033331],[31.487568,30.033245],[31.487511,30.033147],[31.487465,30.033044],[31.487438,30.032959],[31.487413,30.03283],[31.487395,30.032705],[31.487392,30.032578],[31.487409,30.032462],[31.487427,30.032339],[31.487478,30.032227],[31.487536,30.032145],[31.487635,30.032051],[31.487735,30.031997],[31.487846,30.031962],[31.487963,30.031948],[31.489352,30.031945],[31.492026,30.031939],[31.49394,30.031935],[31.494944,30.03193],[31.495058,30.031919],[31.495167,30.03189],[31.495268,30.031843],[31.495356,30.03178]]},"properties":{"kind":"road","class":"tertiary","weight":1.4,"name":"\u0634\u0627\u0631\u0639 \u0627\u0646\u0648\u0631 \u0648\u062c\u062f\u0649"}},{"type":"Feature","geometry":{"type":"LineString","coordinates":[[31.495342,30.033982],[31.495238,30.033952],[31.495133,30.033928],[31.495025,30.033912],[31.494916,30.033903],[31.494807,30.033902],[31.493625,30.033905],[31.493539,30.033905],[31.493348,30.033907],[31.493129,30.03391],[31.492912,30.033919],[31.492694,30.033934]]},"properties":{"kind":"road","class":"tertiary","weight":1.4,"name":"\u0634\u0627\u0631\u0639 \u0627\u0646\u0648\u0631 \u0648\u062c\u062f\u0649"}},{"type":"Feature","geometry":{"type":"LineString","coordinates":[[31.489188,30.034545],[31.489147,30.034595],[31.489115,30.03465],[31.489094,30.034709],[31.489085,30.034771],[31.489136,30.036908],[31.489138,30.037103],[31.489144,30.037213],[31.489133,30.037785],[31.489132,30.037885],[31.489144,30.037945],[31.489163,30.038008],[31.489193,30.038069],[31.489226,30.038125]]},"properties":{"kind":"road","class":"tertiary","weight":1.4,"name":"\u0634\u0627\u0631\u0639 \u0627\u0628\u0631\u0627\u0647\u064a\u0645 \u0634\u0641\u064a\u0642"}},{"type":"Feature","geometry":{"type":"LineString","coordinates":[[31.485132,30.032627],[31.485182,30.032666],[31.485238,30.032699],[31.485299,30.032724],[31.485364,30.032741],[31.485431,30.03275],[31.485491,30.032749],[31.486121,30.032742],[31.487096,30.032742],[31.487171,30.032737],[31.487206,30.032727],[31.487241,30.032716],[31.487304,30.032681],[31.487356,30.032634],[31.487392,30.032578]]},"properties":{"kind":"road","class":"tertiary","weight":1.4,"name":"\u0634\u0627\u0631\u0639 \u0633\u0627\u0645\u064a \u062c\u0628\u0631\u0647"}},{"type":"Feature","geometry":{"type":"LineString","coordinates":[[31.49248,30.03375],[31.49249,30.033661],[31.492498,30.033551],[31.492503,30.033441],[31.492505,30.033331],[31.492479,30.032384],[31.492465,30.032295],[31.492433,30.032209],[31.492383,30.032131],[31.492317,30.032061]]},"properties":{"kind":"road","class":"tertiary","weight":1.4,"name":null}},{"type":"Feature","geometry":{"type":"LineString","coordinates":[[31.490984,30.025499],[31.490916,30.025678],[31.490899,30.025723],[31.490871,30.025776],[31.490837,30.025847],[31.490826,30.025904],[31.490819,30.02636],[31.490819,30.026374],[31.490814,30.026686],[31.490814,30.026709],[31.490809,30.027013],[31.490819,30.027414],[31.490821,30.027494],[31.490822,30.027525],[31.490822,30.027559],[31.490823,30.02761],[31.490836,30.028204],[31.490841,30.028249],[31.49085,30.028294],[31.490869,30.028358],[31.490897,30.028421],[31.490932,30.02847]]},"properties":{"kind":"road","class":"tertiary","weight":1.4,"name":null}},{"type":"Feature","geometry":{"type":"LineString","coordinates":[[31.467967,30.019458],[31.468041,30.019522],[31.468073,30.019548],[31.468508,30.019932],[31.468583,30.019998],[31.46918,30.020513],[31.469192,30.020524],[31.469264,30.020586],[31.469376,30.020682],[31.469435,30.020733],[31.469442,30.020739],[31.469743,30.020997],[31.469782,30.02103],[31.469929,30.021118],[31.470093,30.021177],[31.470269,30.021207],[31.470447,30.021204],[31.470621,30.021169],[31.470783,30.021105],[31.470927,30.021013],[31.470954,30.02099],[31.47123,30.020749],[31.471285,30.020699],[31.47133,30.020657],[31.471413,30.020586],[31.471501,30.020508],[31.471529,30.020485],[31.472136,30.019971],[31.472212,30.019903],[31.472648,30.01953],[31.472654,30.019525],[31.472685,30.019499],[31.472703,30.019467],[31.472706,30.019432]]},"properties":{"kind":"road","class":"tertiary","weight":1.4,"name":null}},{"type":"Feature","geometry":{"type":"LineString","coordinates":[[31.472885,30.019578],[31.472834,30.019579],[31.472785,30.019588],[31.472739,30.019606],[31.472301,30.019979],[31.472224,30.020046],[31.471605,30.020568],[31.471584,30.020586],[31.471538,30.020655],[31.47147,30.020713],[31.471434,30.020739],[31.471364,30.020788],[31.471329,30.020812],[31.471235,30.020894],[31.471014,30.021081],[31.470855,30.021186],[31.470675,30.021262],[31.470481,30.021304],[31.470281,30.021311],[31.470084,30.021282],[31.469898,30.021219],[31.46973,30.021125],[31.46937,30.020828],[31.469348,30.020815],[31.469286,30.020779],[31.469213,30.020726],[31.469162,30.020667],[31.46911,30.020594],[31.469108,30.020593],[31.468497,30.020076],[31.468417,30.020009],[31.467995,30.019634],[31.46795,30.019598],[31.467878,30.01954]]},"properties":{"kind":"road","class":"tertiary","weight":1.4,"name":null}},{"type":"Feature","geometry":{"type":"LineString","coordinates":[[31.480145,30.02522],[31.480195,30.025112],[31.480227,30.025033],[31.480258,30.024963],[31.480284,30.024887],[31.480296,30.024801],[31.480298,30.024053],[31.480298,30.023806],[31.480298,30.023241],[31.480289,30.023181],[31.480266,30.023117],[31.480234,30.023063],[31.480181,30.023003]]},"properties":{"kind":"road","class":"tertiary","weight":1.4,"name":null}},{"type":"Feature","geometry":{"type":"LineString","coordinates":[[31.468958,30.000263],[31.468974,30.000294],[31.469013,30.000352],[31.469033,30.000421],[31.469037,30.000479],[31.46902,30.000708],[31.469011,30.001169],[31.469014,30.001395],[31.469014,30.001716],[31.469016,30.002025],[31.469017,30.002065],[31.469044,30.003176],[31.469062,30.003612],[31.469105,30.003957],[31.469173,30.004299],[31.469218,30.004462],[31.469266,30.004636],[31.469392,30.004967],[31.469512,30.00528],[31.469646,30.00559],[31.469806,30.005889],[31.469991,30.006178],[31.470202,30.006454],[31.470242,30.006505],[31.470267,30.006539],[31.4704,30.006713],[31.470563,30.006879],[31.470893,30.007215],[31.47137,30.007635],[31.471766,30.007976],[31.472779,30.008875],[31.473531,30.009571],[31.47377,30.009896],[31.473985,30.010183],[31.474045,30.010273],[31.474286,30.010708],[31.474396,30.010899],[31.474517,30.011131],[31.474607,30.011311],[31.474689,30.011493],[31.474764,30.011678],[31.474847,30.011919],[31.474916,30.012164],[31.474972,30.012411],[31.475014,30.01266],[31.475041,30.012911],[31.475047,30.012988],[31.475056,30.013215],[31.47507,30.013692],[31.475072,30.01418],[31.475089,30.014396],[31.475141,30.016049],[31.47516,30.016167],[31.475169,30.016248],[31.475188,30.016437],[31.475189,30.016478],[31.475189,30.016533],[31.475182,30.016607],[31.475182,30.016681],[31.475171,30.016785],[31.475155,30.016893],[31.47515,30.016929],[31.47515,30.017008],[31.475141,30.017285],[31.475147,30.018148],[31.475148,30.01834],[31.475136,30.0191],[31.475128,30.019833],[31.475127,30.019896],[31.475126,30.019949],[31.475111,30.020739],[31.475119,30.021771],[31.475122,30.021985],[31.475144,30.023592],[31.475148,30.024007],[31.475176,30.024255],[31.47522,30.024413],[31.475268,30.024528]]},"properties":{"kind":"road","class":"tertiary","weight":1.4,"name":"\u0645\u062d\u0648\u0631 \u0645\u062d\u0645\u062f \u0646\u062c\u064a\u0628 \u0627\u0644\u062c\u0627\u0646\u0628\u0649"}},{"type":"Feature","geometry":{"type":"LineString","coordinates":[[31.469757,30.041291],[31.469743,30.040803],[31.469748,30.040072],[31.469747,30.039965],[31.469739,30.039258],[31.469734,30.038541],[31.469734,30.037685],[31.469743,30.037585],[31.469783,30.037492],[31.469852,30.037411],[31.469929,30.037357],[31.470018,30.037321],[31.470115,30.037304],[31.470215,30.037304],[31.470966,30.037307],[31.471452,30.037309],[31.47203,30.037312],[31.472254,30.037313],[31.472378,30.037313],[31.472632,30.037314],[31.473219,30.037317],[31.473361,30.037325],[31.473494,30.037369],[31.473606,30.037445],[31.473687,30.037546],[31.47373,30.037664],[31.47373,30.037787],[31.473735,30.03851],[31.47374,30.039252],[31.47374,30.039358],[31.473745,30.040066],[31.473748,30.040595],[31.473755,30.041345],[31.473738,30.041437],[31.473697,30.041522],[31.473634,30.041597],[31.473563,30.041649],[31.473481,30.041688],[31.473387,30.041711],[31.473112,30.041711],[31.472359,30.041712],[31.471783,30.041713],[31.470997,30.041715],[31.470858,30.041715],[31.470153,30.041716],[31.470067,30.041693],[31.469986,30.041657],[31.469915,30.041609],[31.469855,30.041551],[31.469801,30.041471],[31.469768,30.041383],[31.469757,30.041291]]},"properties":{"kind":"road","class":"residential","weight":1.0,"name":null}},{"type":"Feature","geometry":{"type":"LineString","coordinates":[[31.47043,30.031249],[31.470429,30.031127],[31.470454,30.031008],[31.470505,30.030894],[31.47058,30.030791],[31.470676,30.030702],[31.47079,30.03063],[31.470917,30.030579],[31.471053,30.030548],[31.471289,30.030541],[31.472079,30.030518]]},"properties":{"kind":"road","class":"residential","weight":1.0,"name":null}},{"type":"Feature","geometry":{"type":"LineString","coordinates":[[31.478839,30.032588],[31.478756,30.032584],[31.478504,30.032606],[31.478396,30.032658],[31.478314,30.032737],[31.478266,30.032835],[31.478257,30.032941],[31.478245,30.03301],[31.478201,30.03307],[31.478134,30.033109],[31.478054,30.033121],[31.477246,30.033137],[31.477186,30.033139],[31.477134,30.033113],[31.477105,30.033068],[31.477107,30.033016],[31.477105,30.032258],[31.477119,30.032215],[31.477149,30.03218],[31.477192,30.032155],[31.477242,30.032146],[31.478608,30.032153],[31.478632,30.032154],[31.478653,30.032165],[31.478665,30.032183],[31.478666,30.032205],[31.478669,30.032414],[31.478672,30.032439],[31.478688,30.032459],[31.478713,30.032471],[31.478752,30.032475],[31.478839,30.032472]]},"properties":{"kind":"road","class":"residential","weight":1.0,"name":null}},{"type":"Feature","geometry":{"type":"LineString","coordinates":[[31.481014,30.034928],[31.480942,30.034875],[31.480859,30.034836],[31.480769,30.034812],[31.480676,30.034804],[31.479415,30.034805],[31.47934,30.034801],[31.479267,30.034785],[31.479199,30.034759],[31.479137,30.034721],[31.479046,30.034649],[31.47897,30.034565],[31.47891,30.034472],[31.478869,30.034372],[31.478846,30.034267],[31.478843,30.03416],[31.478843,30.034026],[31.478842,30.033912],[31.478839,30.032588],[31.478839,30.032472],[31.478837,30.03189],[31.478836,30.031442],[31.478836,30.031197],[31.478834,30.031137],[31.478817,30.031079],[31.478786,30.031026],[31.478742,30.03098],[31.478687,30.030943],[31.478625,30.030918]]},"properties":{"kind":"road","class":"residential","weight":1.0,"name":"\u0634\u0627\u0631\u0639 \u0627\u0644\u0645\u0633\u062a\u0634\u0627\u0631 \u0639\u0627\u062f\u0644 \u064a\u0648\u0646\u0633"}},{"type":"Feature","geometry":{"type":"LineString","coordinates":[[31.479157,30.030915],[31.479094,30.030949],[31.479043,30.030995],[31.479005,30.031051],[31.478985,30.031113],[31.478982,30.031177],[31.478987,30.031441],[31.478988,30.03193],[31.478995,30.034158],[31.478995,30.034234],[31.478997,30.034303],[31.479012,30.03437],[31.47904,30.034434],[31.479088,30.034506],[31.479153,30.034568],[31.47923,30.034616],[31.479318,30.03465],[31.479412,30.034667],[31.480684,30.034664],[31.480777,30.034654],[31.480866,30.034627],[31.480946,30.034584],[31.481014,30.034528]]},"properties":{"kind":"road","class":"residential","weight":1.0,"name":"\u0634\u0627\u0631\u0639 \u0627\u0644\u0645\u0633\u062a\u0634\u0627\u0631 \u0639\u0627\u062f\u0644 \u064a\u0648\u0646\u0633"}},{"type":"Feature","geometry":{"type":"LineString","coordinates":[[31.477854,30.031853],[31.477848,30.031288]]},"properties":{"kind":"road","class":"residential","weight":1.0,"name":null}},{"type":"Feature","geometry":{"type":"LineString","coordinates":[[31.472388,30.038512],[31.473735,30.03851]]},"properties":{"kind":"road","class":"residential","weight":1.0,"name":null}},{"type":"Feature","geometry":{"type":"LineString","coordinates":[[31.476075,30.032918],[31.47606,30.031613]]},"properties":{"kind":"road","class":"residential","weight":1.0,"name":null}},{"type":"Feature","geometry":{"type":"LineString","coordinates":[[31.475154,30.033671],[31.475301,30.033714],[31.475421,30.033746],[31.475451,30.033746],[31.475479,30.03374],[31.475505,30.033727],[31.475526,30.033709],[31.475541,30.033687],[31.475657,30.033355],[31.475669,30.033322],[31.475692,30.033293],[31.475723,30.03327],[31.47576,30.033257],[31.475801,30.033253],[31.477415,30.03324],[31.477465,30.033248],[31.477509,30.03327],[31.477542,30.033302],[31.477561,30.033342],[31.477563,30.033386],[31.477586,30.034576],[31.477577,30.034615],[31.477553,30.034649],[31.477517,30.034674],[31.477473,30.034686],[31.477427,30.034685],[31.475574,30.034684],[31.475518,30.034681],[31.475465,30.034666],[31.475418,30.034641],[31.475378,30.034607],[31.475349,30.034566],[31.475331,30.03452],[31.47533,30.034168],[31.475328,30.034149],[31.475317,30.034133],[31.475299,30.034122],[31.475157,30.034069]]},"properties":{"kind":"road","class":"residential","weight":1.0,"name":null}},{"type":"Feature","geometry":{"type":"LineString","coordinates":[[31.470964,30.036954],[31.470944,30.036847],[31.470899,30.036746],[31.470833,30.036653],[31.470748,30.036574]]},"properties":{"kind":"road","class":"residential","weight":1.0,"name":null}},{"type":"Feature","geometry":{"type":"LineString","coordinates":[[31.475156,30.032922],[31.475334,30.03292],[31.476075,30.032918],[31.476641,30.032916],[31.476679,30.032908],[31.476706,30.032891],[31.476718,30.032872],[31.476729,30.032843],[31.476722,30.031624],[31.47671,30.031046],[31.476707,30.030922]]},"properties":{"kind":"road","class":"residential","weight":1.0,"name":null}},{"type":"Feature","geometry":{"type":"LineString","coordinates":[[31.477792,30.031232],[31.477351,30.031231],[31.477322,30.031241],[31.477299,30.031259],[31.477284,30.031283],[31.477279,30.031309],[31.477279,30.031715],[31.477294,30.03176],[31.477322,30.031799],[31.477363,30.03183],[31.477413,30.031849],[31.477466,30.031855],[31.477854,30.031853],[31.478412,30.03185],[31.47844,30.03185],[31.478464,30.031839],[31.478479,30.03182],[31.478483,30.031797],[31.478493,30.031291],[31.478489,30.031268],[31.478476,30.031249],[31.478455,30.031236],[31.478429,30.031232],[31.477902,30.031246]]},"properties":{"kind":"road","class":"residential","weight":1.0,"name":null}},{"type":"Feature","geometry":{"type":"LineString","coordinates":[[31.474787,30.033575],[31.474625,30.033577],[31.473744,30.033577],[31.473645,30.033577],[31.47295,30.033583],[31.472561,30.033584]]},"properties":{"kind":"road","class":"residential","weight":1.0,"name":null}},{"type":"Feature","geometry":{"type":"LineString","coordinates":[[31.475099,30.03102],[31.475159,30.031133],[31.475179,30.031196],[31.475187,30.031342],[31.475176,30.031597],[31.475156,30.032922],[31.475151,30.033209],[31.475154,30.033671],[31.475157,30.034069],[31.475154,30.034431],[31.475171,30.035233],[31.475184,30.035896],[31.475206,30.03596],[31.475236,30.036021],[31.475275,30.036079],[31.475321,30.036132],[31.475374,30.03618],[31.475421,30.036214],[31.475479,30.036259]]},"properties":{"kind":"road","class":"tertiary","weight":1.4,"name":"\u0645\u062d\u0648\u0631 \u0645\u062d\u0645\u062f \u0646\u062c\u064a\u0628 \u0627\u0644\u062c\u0627\u0646\u0628\u0649"}},{"type":"Feature","geometry":{"type":"LineString","coordinates":[[31.472566,30.036566],[31.472482,30.036621],[31.472419,30.036694],[31.472382,30.03678],[31.472375,30.036871],[31.472376,30.037096],[31.472378,30.037313],[31.472388,30.038512],[31.472391,30.038856],[31.472396,30.03897],[31.472426,30.039081],[31.472446,30.039138]]},"properties":{"kind":"road","class":"residential","weight":1.0,"name":null}},{"type":"Feature","geometry":{"type":"LineString","coordinates":[[31.471074,30.040189],[31.47104,30.040264],[31.471009,30.04038],[31.470994,30.040498],[31.470997,30.041715],[31.470998,30.042179],[31.47101,30.042258],[31.471045,30.042332],[31.471103,30.042395],[31.471178,30.042467]]},"properties":{"kind":"road","class":"residential","weight":1.0,"name":null}},{"type":"Feature","geometry":{"type":"LineString","coordinates":[[31.475109,30.030637],[31.475195,30.030684],[31.47526,30.030724],[31.47533,30.030757],[31.475405,30.030781],[31.475482,30.030796],[31.475562,30.030803],[31.476345,30.0308],[31.476463,30.0308],[31.476846,30.030798],[31.47774,30.030795],[31.478213,30.030794],[31.478527,30.030793],[31.480188,30.030787],[31.480295,30.030774],[31.480399,30.03075],[31.480498,30.030715]]},"properties":{"kind":"road","class":"residential","weight":1.0,"name":"\u0634\u0627\u0631\u0639 \u062d\u0633\u064a\u0646 \u062c\u0646\u064a\u062f"}},{"type":"Feature","geometry":{"type":"LineString","coordinates":[[31.470542,30.032247],[31.470542,30.032694],[31.470539,30.033814],[31.470538,30.03427],[31.470537,30.034584],[31.470536,30.035001],[31.470541,30.035621]]},"properties":{"kind":"road","class":"residential","weight":1.0,"name":null}},{"type":"Feature","geometry":{"type":"LineString","coordinates":[[31.480556,30.030913],[31.479157,30.030915],[31.478625,30.030918],[31.477946,30.030919],[31.477844,30.030919],[31.477252,30.030921],[31.476847,30.030922],[31.476707,30.030922],[31.475566,30.030926],[31.475493,30.030926],[31.47542,30.030933],[31.475366,30.030938],[31.475308,30.030952],[31.475225,30.030977],[31.475099,30.03102]]},"properties":{"kind":"road","class":"residential","weight":1.0,"name":"\u0634\u0627\u0631\u0639 \u062d\u0633\u064a\u0646 \u062c\u0646\u064a\u062f"}},{"type":"Feature","geometry":{"type":"LineString","coordinates":[[31.477744,30.029078],[31.476851,30.029076],[31.476368,30.029083],[31.476264,30.029093],[31.476161,30.029111],[31.47606,30.029135],[31.475961,30.029166],[31.475869,30.029203],[31.47578,30.029245],[31.475695,30.029294],[31.475615,30.029348],[31.47554,30.029407],[31.475475,30.02947],[31.475416,30.029537],[31.475362,30.029608],[31.475315,30.029682],[31.475267,30.029775],[31.475228,30.029871],[31.475201,30.030003],[31.475196,30.030036],[31.475183,30.030068],[31.475165,30.030096],[31.475142,30.030122],[31.475113,30.030143]]},"properties":{"kind":"road","class":"secondary","weight":1.8,"name":null}},{"type":"Feature","geometry":{"type":"LineString","coordinates":[[31.470538,30.03427],[31.471193,30.034278],[31.471758,30.034282],[31.471934,30.03428],[31.472946,30.034292]]},"properties":{"kind":"road","class":"residential","weight":1.0,"name":null}},{"type":"Feature","geometry":{"type":"LineString","coordinates":[[31.471193,30.034278],[31.47179,30.033841]]},"properties":{"kind":"road","class":"residential","weight":1.0,"name":null}},{"type":"Feature","geometry":{"type":"LineString","coordinates":[[31.471394,30.031264],[31.470869,30.031668]]},"properties":{"kind":"road","class":"residential","weight":1.0,"name":null}},{"type":"Feature","geometry":{"type":"LineString","coordinates":[[31.47083,30.045097],[31.470732,30.045082],[31.470633,30.045076],[31.469771,30.045091],[31.469106,30.045103],[31.469068,30.045112],[31.469033,30.045121],[31.468968,30.045154],[31.468916,30.045202],[31.468878,30.04526]]},"properties":{"kind":"road","class":"residential","weight":1.0,"name":"\u0634\u0627\u0631\u0639 \u0639\u0628\u062f\u0627\u0644\u0631\u062d\u0645\u0646 \u0627\u0644\u0634\u0631\u0642\u0627\u0648\u0649"}},{"type":"Feature","geometry":{"type":"LineString","coordinates":[[31.461697,30.041652],[31.461717,30.041822],[31.461772,30.041969],[31.461868,30.042117],[31.462006,30.042239],[31.462127,30.042329],[31.462154,30.04235],[31.462301,30.042407],[31.46233,30.042416],[31.462454,30.042453],[31.462612,30.042485],[31.463624,30.042499],[31.464003,30.042495],[31.464464,30.042481],[31.465038,30.042481],[31.465501,30.042478],[31.465969,30.042483],[31.466381,30.042481],[31.467307,30.042477],[31.468859,30.042473],[31.469766,30.042471],[31.470187,30.042469],[31.470705,30.042468],[31.470987,30.042467],[31.471178,30.042467],[31.471644,30.042466],[31.472137,30.042462],[31.472402,30.042462],[31.472426,30.042462],[31.472625,30.042462],[31.472976,30.042462],[31.473471,30.042461],[31.473685,30.042436],[31.473892,30.042385],[31.473996,30.042347],[31.474205,30.042271],[31.47427,30.042226],[31.474309,30.042184]]},"properties":{"kind":"road","class":"tertiary","weight":1.4,"name":"\u0634\u0627\u0631\u0639 \u0633\u0644\u064a\u0645\u0627\u0646 \u0627\u0644\u062d\u0644\u0628\u0649"}},{"type":"Feature","geometry":{"type":"LineString","coordinates":[[31.477503,30.045786],[31.476873,30.045689],[31.476775,30.045679],[31.476676,30.045689],[31.476583,30.04572]]},"properties":{"kind":"road","class":"residential","weight":1.0,"name":null}},{"type":"Feature","geometry":{"type":"LineString","coordinates":[[31.473767,30.044957],[31.473134,30.044958],[31.472665,30.044959],[31.472582,30.044954],[31.47251,30.044926],[31.472371,30.044864],[31.472069,30.044729],[31.471993,30.044689],[31.471928,30.044637],[31.471875,30.044575],[31.471837,30.044506],[31.471815,30.044431],[31.471809,30.044355],[31.471812,30.043324]]},"properties":{"kind":"road","class":"residential","weight":1.0,"name":"\u0634\u0627\u0631\u0639 \u0635\u0644\u0627\u062d \u0633\u0627\u0644\u0645"}},{"type":"Feature","geometry":{"type":"LineString","coordinates":[[31.477605,30.046315],[31.477565,30.046332],[31.47752,30.046334],[31.477478,30.046319],[31.477447,30.046291],[31.477434,30.046265],[31.477431,30.046237],[31.477438,30.04621],[31.477454,30.046185],[31.477478,30.046166],[31.477507,30.046154],[31.477536,30.04615],[31.477566,30.046153],[31.477593,30.046163],[31.477616,30.04618],[31.477636,30.046205],[31.477645,30.046234],[31.477642,30.046264],[31.477628,30.046292],[31.477605,30.046315]]},"properties":{"kind":"road","class":"residential","weight":1.0,"name":null}},{"type":"Feature","geometry":{"type":"LineString","coordinates":[[31.471503,30.047421],[31.471483,30.046384],[31.471463,30.046304],[31.471425,30.046229],[31.471365,30.046165],[31.471198,30.04605],[31.471003,30.045916],[31.470899,30.045856],[31.470784,30.045815],[31.470661,30.045796],[31.470262,30.045802],[31.469774,30.045807]]},"properties":{"kind":"road","class":"residential","weight":1.0,"name":"\u0634\u0627\u0631\u0639 \u0627\u0644\u0634\u064a\u062e \u0627\u0644\u0628\u0627\u062c\u0648\u0631\u0649"}},{"type":"Feature","geometry":{"type":"LineString","coordinates":[[31.469785,30.047075],[31.469778,30.046738],[31.469774,30.045807],[31.469771,30.045091],[31.46977,30.044987],[31.469767,30.044264],[31.469776,30.043762],[31.469826,30.043597],[31.469891,30.04351],[31.469976,30.043437],[31.470076,30.04338],[31.470188,30.043343],[31.470306,30.043328],[31.470877,30.043325],[31.47101,30.043325],[31.471812,30.043324],[31.472373,30.043322],[31.473112,30.04332],[31.473288,30.04332],[31.47341,30.043344],[31.473522,30.043392],[31.473618,30.043462],[31.473682,30.043536],[31.473728,30.043619],[31.473753,30.043708],[31.473758,30.0442],[31.473767,30.044957],[31.473774,30.045683],[31.473775,30.045784],[31.473783,30.046533],[31.473789,30.047059],[31.47376,30.047151],[31.473709,30.047235],[31.473637,30.047307],[31.47355,30.047364],[31.47345,30.047403],[31.473343,30.047422],[31.472442,30.047421],[31.47232,30.047421],[31.471503,30.047421],[31.47101,30.047421],[31.470268,30.047412],[31.470156,30.047407],[31.47005,30.047378],[31.469955,30.047327],[31.469877,30.047258],[31.469821,30.047174],[31.469785,30.047075]]},"properties":{"kind":"road","class":"residential","weight":1.0,"name":"\u0634\u0627\u0631\u0639 \u0627\u0644\u0625\u0645\u0627\u0645 \u0632\u064a\u0646 \u0627\u0644\u0639\u0627\u0628\u062f\u064a\u0646"}},{"type":"Feature","geometry":{"type":"LineString","coordinates":[[31.473112,30.041711],[31.473089,30.040069]]},"properties":{"kind":"road","class":"residential","weight":1.0,"name":null}},{"type":"Feature","geometry":{"type":"LineString","coordinates":[[31.470268,30.047412],[31.470262,30.045802]]},"properties":{"kind":"road","class":"residential","weight":1.0,"name":null}},{"type":"Feature","geometry":{"type":"LineString","coordinates":[[31.471015,30.047844],[31.47101,30.047421],[31.471003,30.045916]]},"properties":{"kind":"road","class":"residential","weight":1.0,"name":"\u0634\u0627\u0631\u0639 \u0627\u0644\u0634\u0647\u064a\u062f \u0634\u0631\u064a\u0641 \u0631\u0636\u0648\u0627\u0646"}},{"type":"Feature","geometry":{"type":"LineString","coordinates":[[31.472152,30.045833],[31.472092,30.045735],[31.472009,30.045651],[31.471907,30.045586],[31.471612,30.045434],[31.470924,30.045125]]},"properties":{"kind":"road","class":"residential","weight":1.0,"name":"\u0634\u0627\u0631\u0639 \u0639\u0628\u062f\u0627\u0644\u0631\u062d\u0645\u0646 \u0627\u0644\u0634\u0631\u0642\u0627\u0648\u0649"}},{"type":"Feature","geometry":{"type":"LineString","coordinates":[[31.472372,30.042987],[31.472358,30.042897],[31.472326,30.042812],[31.472279,30.042732],[31.472216,30.04266],[31.472141,30.042593]]},"properties":{"kind":"road","class":"residential","weight":1.0,"name":"\u0634\u0627\u0631\u0639 \u0627\u0644\u0634\u0647\u064a\u062f \u0633\u0644\u064a\u0645\u0627\u0646 \u0639\u0644\u0649"}},{"type":"Feature","geometry":{"type":"LineString","coordinates":[[31.473783,30.046533],[31.472429,30.046545]]},"properties":{"kind":"road","class":"residential","weight":1.0,"name":"\u0634\u0627\u0631\u0639 \u0625\u0628\u0631\u0627\u0647\u064a\u0645 \u0633\u0639\u0641\u0627\u0646"}},{"type":"Feature","geometry":{"type":"LineString","coordinates":[[31.478558,30.047587],[31.478995,30.047386]]},"properties":{"kind":"road","class":"residential","weight":1.0,"name":null}},{"type":"Feature","geometry":{"type":"LineString","coordinates":[[31.475859,30.05019],[31.476006,30.050085],[31.476029,30.050073],[31.476053,30.050067],[31.476369,30.050053],[31.476756,30.050057],[31.477461,30.050047],[31.478001,30.050039],[31.478071,30.050027],[31.478136,30.050003],[31.478193,30.049967],[31.47824,30.049921],[31.478274,30.049867],[31.478294,30.049808],[31.478292,30.04967],[31.478287,30.049438],[31.47828,30.049402],[31.478264,30.049369],[31.478238,30.049341],[31.478205,30.049319],[31.478167,30.049304],[31.478126,30.049298],[31.478084,30.049298],[31.477466,30.049299],[31.476747,30.049299],[31.47597,30.049301],[31.475276,30.0493]]},"properties":{"kind":"road","class":"residential","weight":1.0,"name":null}},{"type":"Feature","geometry":{"type":"LineString","coordinates":[[31.473134,30.044958],[31.473112,30.04332]]},"properties":{"kind":"road","class":"residential","weight":1.0,"name":"\u0634\u0627\u0631\u0639 \u0627\u0644\u0634\u0647\u064a\u062f \u0637\u0627\u0631\u0642 \u0646\u0648\u0631"}},{"type":"Feature","geometry":{"type":"LineString","coordinates":[[31.478421,30.047193],[31.478546,30.047521],[31.478558,30.047587],[31.478554,30.047642],[31.478515,30.047845]]},"properties":{"kind":"road","class":"residential","weight":1.0,"name":null}},{"type":"Feature","geometry":{"type":"LineString","coordinates":[[31.477447,30.046291],[31.477277,30.04644],[31.476805,30.046888],[31.476742,30.046953],[31.476589,30.047191],[31.476465,30.047575]]},"properties":{"kind":"road","class":"residential","weight":1.0,"name":null}},{"type":"Feature","geometry":{"type":"LineString","coordinates":[[31.471097,30.044922],[31.471189,30.045015],[31.471282,30.045106],[31.47139,30.045185],[31.47168,30.045328],[31.472309,30.045648]]},"properties":{"kind":"road","class":"residential","weight":1.0,"name":"\u0634\u0627\u0631\u0639 \u0639\u0628\u062f\u0627\u0644\u0631\u062d\u0645\u0646 \u0627\u0644\u0634\u0631\u0642\u0627\u0648\u0649"}},{"type":"Feature","geometry":{"type":"LineString","coordinates":[[31.478073,30.046736],[31.478283,30.046692],[31.478366,30.046694],[31.478446,30.046714],[31.478518,30.046751],[31.478577,30.046802],[31.478796,30.047011]]},"properties":{"kind":"road","class":"residential","weight":1.0,"name":null}},{"type":"Feature","geometry":{"type":"LineString","coordinates":[[31.478421,30.047193],[31.47834,30.047045],[31.478073,30.046736],[31.477605,30.046315]]},"properties":{"kind":"road","class":"residential","weight":1.0,"name":null}},{"type":"Feature","geometry":{"type":"LineString","coordinates":[[31.47462,30.045776],[31.473775,30.045784],[31.472766,30.045786],[31.472669,30.045799],[31.472579,30.045833],[31.472502,30.045886]]},"properties":{"kind":"road","class":"residential","weight":1.0,"name":"\u0634\u0627\u0631\u0639 \u0627\u0644\u0634\u0647\u064a\u062f \u0639\u0628\u062f\u0627\u0644\u062d\u0645\u064a\u062f \u063a\u0628\u0627\u0631\u0629"}},{"type":"Feature","geometry":{"type":"LineString","coordinates":[[31.473745,30.040066],[31.473089,30.040069],[31.47263,30.040071],[31.47257,30.040072],[31.472511,30.040084],[31.472456,30.040107],[31.472357,30.040161],[31.472122,30.040291],[31.471894,30.040417],[31.471842,30.040469],[31.471805,30.040529],[31.471785,30.040595],[31.471783,30.040664],[31.471783,30.041713]]},"properties":{"kind":"road","class":"residential","weight":1.0,"name":null}},{"type":"Feature","geometry":{"type":"LineString","coordinates":[[31.471006,30.04907],[31.471009,30.049383],[31.471014,30.049828],[31.47103,30.049928],[31.471068,30.050024],[31.471127,30.050115]]},"properties":{"kind":"road","class":"residential","weight":1.0,"name":null}},{"type":"Feature","geometry":{"type":"LineString","coordinates":[[31.476029,30.046704],[31.475969,30.046697],[31.475909,30.046706],[31.475855,30.04673],[31.475812,30.046767],[31.475672,30.046885],[31.475601,30.04692],[31.475525,30.046945],[31.475445,30.046957],[31.475261,30.046966]]},"properties":{"kind":"road","class":"residential","weight":1.0,"name":null}},{"type":"Feature","geometry":{"type":"LineString","coordinates":[[31.478848,30.045749],[31.478547,30.0457],[31.478413,30.045691],[31.47828,30.04569],[31.478147,30.045699],[31.478014,30.045715],[31.477678,30.045784],[31.477607,30.04579],[31.477503,30.045786]]},"properties":{"kind":"road","class":"residential","weight":1.0,"name":null}},{"type":"Feature","geometry":{"type":"LineString","coordinates":[[31.503403,30.030878],[31.503301,30.030911],[31.503193,30.030952],[31.503096,30.031009],[31.503012,30.031081],[31.502944,30.031164],[31.502745,30.031466],[31.502662,30.031575],[31.502379,30.031938],[31.502249,30.032103],[31.502214,30.032157],[31.502189,30.032206],[31.502171,30.032293],[31.502148,30.032349],[31.502128,30.032409],[31.502092,30.032463],[31.50204,30.032505],[31.501977,30.032534],[31.501916,30.032547],[31.501859,30.03257],[31.501808,30.032602],[31.501711,30.032683],[31.501257,30.033048],[31.500733,30.033425],[31.500686,30.033459],[31.500625,30.033495],[31.500321,30.033673],[31.499928,30.033878],[31.499667,30.033991],[31.499319,30.034131],[31.499029,30.034229],[31.498717,30.034318],[31.498602,30.034353],[31.498507,30.034387],[31.498375,30.034451],[31.498298,30.034494],[31.498211,30.034518],[31.498119,30.034522],[31.498029,30.034505],[31.497909,30.034502],[31.497768,30.034508],[31.497525,30.034534],[31.497108,30.034575],[31.496761,30.034592],[31.496351,30.0346],[31.49625,30.034599],[31.496153,30.034622],[31.496065,30.034666],[31.495994,30.034728],[31.495944,30.034804]]},"properties":{"kind":"road","class":"tertiary","weight":1.4,"name":null}},{"type":"Feature","geometry":{"type":"LineString","coordinates":[[31.507172,30.032495],[31.506991,30.032484],[31.506813,30.032517],[31.506652,30.03259],[31.506561,30.03266],[31.506487,30.032743],[31.506104,30.033352],[31.505844,30.0337],[31.505682,30.033912],[31.505636,30.033973],[31.505545,30.034069],[31.505461,30.034158],[31.505074,30.03458],[31.504694,30.034959],[31.504236,30.035359],[31.503789,30.035732],[31.503615,30.035867],[31.503557,30.035912],[31.503425,30.036001],[31.503304,30.036074],[31.502567,30.036523],[31.502237,30.036699],[31.501884,30.036864],[31.501114,30.037196],[31.500415,30.037448],[31.499953,30.037584],[31.499892,30.037602],[31.499721,30.037645],[31.499166,30.037787],[31.49854,30.037904],[31.498089,30.037965],[31.497706,30.038004],[31.497322,30.038032],[31.496549,30.038051],[31.496411,30.038067],[31.49628,30.038113],[31.496164,30.038183],[31.496069,30.038274],[31.496,30.03838],[31.495961,30.038498]]},"properties":{"kind":"road","class":"tertiary","weight":1.4,"name":null}},{"type":"Feature","geometry":{"type":"LineString","coordinates":[[31.498713,30.037687],[31.498822,30.037581],[31.498892,30.037452],[31.498917,30.037311],[31.498896,30.03717],[31.498605,30.036073],[31.49858,30.035982],[31.498531,30.035798],[31.498234,30.034767],[31.498198,30.034678],[31.498158,30.034607],[31.498097,30.034548],[31.498029,30.034505],[31.498002,30.034488],[31.497987,30.034461],[31.497983,30.034431],[31.497987,30.034411],[31.497996,30.034392],[31.49801,30.034376]]},"properties":{"kind":"road","class":"tertiary","weight":1.4,"name":null}},{"type":"Feature","geometry":{"type":"LineString","coordinates":[[31.504597,30.034773],[31.50462,30.034653],[31.504606,30.034532],[31.504556,30.034419],[31.504473,30.03432],[31.503763,30.033782],[31.503664,30.033707],[31.502268,30.032655],[31.502196,30.032614],[31.502128,30.032579],[31.502054,30.032553],[31.501977,30.032534],[31.501935,30.03252],[31.501897,30.032497],[31.501867,30.032466],[31.501847,30.03243],[31.501837,30.032391]]},"properties":{"kind":"road","class":"tertiary","weight":1.4,"name":null}},{"type":"Feature","geometry":{"type":"LineString","coordinates":[[31.512789,30.041478],[31.51285,30.041545],[31.512896,30.04162],[31.512926,30.041701],[31.512936,30.041759],[31.512939,30.041817],[31.512933,30.041875],[31.512918,30.041932],[31.512882,30.042013],[31.512829,30.042088],[31.512762,30.042152],[31.512681,30.042205],[31.512591,30.042244],[31.512494,30.042269],[31.512431,30.042276],[31.512367,30.042277],[31.512303,30.042271],[31.51224,30.042259],[31.512149,30.042228],[31.512065,30.042184],[31.511992,30.042127],[31.511932,30.042061],[31.511886,30.041985],[31.511857,30.041905],[31.511844,30.041819],[31.51185,30.041734],[31.511874,30.04165],[31.511914,30.041571],[31.511971,30.0415],[31.512042,30.041438],[31.512125,30.04139],[31.512217,30.041354],[31.512314,30.041334],[31.512378,30.04133],[31.512442,30.041332],[31.512539,30.041347],[31.512631,30.041377],[31.512715,30.041421],[31.512789,30.041478]]},"properties":{"kind":"road","class":"tertiary","weight":1.4,"name":null}},{"type":"Feature","geometry":{"type":"LineString","coordinates":[[31.511874,30.04165],[31.511841,30.04154],[31.511796,30.041434],[31.511737,30.041333],[31.511665,30.041239],[31.511581,30.041152],[31.510902,30.040623],[31.51005,30.039925],[31.509587,30.039541],[31.50886,30.038937],[31.508108,30.038315],[31.508028,30.038249],[31.507434,30.037758],[31.506941,30.037369],[31.504736,30.035519],[31.504667,30.035474],[31.504533,30.035411],[31.504387,30.035372],[31.504236,30.035359]]},"properties":{"kind":"road","class":"tertiary","weight":1.4,"name":null}},{"type":"Feature","geometry":{"type":"LineString","coordinates":[[31.504157,30.039337],[31.504258,30.039369],[31.504365,30.039381],[31.504472,30.039372],[31.504552,30.039351],[31.504626,30.039319],[31.505192,30.038993],[31.505768,30.038604],[31.505889,30.038523],[31.506077,30.038398],[31.506809,30.037845],[31.506896,30.037771],[31.506957,30.037679],[31.506985,30.037575],[31.50698,30.037469],[31.506941,30.037369]]},"properties":{"kind":"road","class":"tertiary","weight":1.4,"name":null}},{"type":"Feature","geometry":{"type":"LineString","coordinates":[[31.495811,30.042465],[31.495908,30.042526],[31.496011,30.042578],[31.49612,30.04262],[31.496233,30.042654],[31.496327,30.042673],[31.496495,30.042694],[31.497085,30.04269],[31.497624,30.042663],[31.49811,30.042624],[31.498783,30.042555],[31.499587,30.042447],[31.499982,30.042371],[31.500624,30.042238],[31.50121,30.042105],[31.501472,30.042039],[31.501617,30.042002],[31.501977,30.041897],[31.502155,30.041846],[31.5026,30.041709],[31.503101,30.041526],[31.503824,30.041228],[31.504302,30.041015],[31.504671,30.04083],[31.504727,30.040776],[31.504773,30.040716],[31.504809,30.04065],[31.504832,30.04058],[31.504843,30.040508]]},"properties":{"kind":"road","class":"tertiary","weight":1.4,"name":null}},{"type":"Feature","geometry":{"type":"LineString","coordinates":[[31.504694,30.034959],[31.504675,30.035068],[31.504681,30.035179],[31.504712,30.035286],[31.504768,30.035385],[31.504818,30.035445],[31.507031,30.037276],[31.507522,30.037682],[31.50786,30.037961],[31.507969,30.038056],[31.508957,30.038861],[31.509686,30.039465],[31.510136,30.03984],[31.511289,30.040783],[31.511379,30.040858],[31.511659,30.041089],[31.511779,30.041159],[31.511905,30.041219],[31.512037,30.041268],[31.512174,30.041307],[31.512314,30.041334]]},"properties":{"kind":"road","class":"tertiary","weight":1.4,"name":null}},{"type":"Feature","geometry":{"type":"LineString","coordinates":[[31.491581,30.021266],[31.491635,30.021238],[31.4917,30.021191],[31.49175,30.021132],[31.491782,30.021064],[31.491793,30.021005],[31.491792,30.020839],[31.491785,30.019658],[31.491781,30.019116],[31.491792,30.019028],[31.491828,30.018907],[31.491882,30.018791],[31.491953,30.018682],[31.492039,30.018582],[31.492139,30.018492],[31.492252,30.018414],[31.492783,30.018099],[31.492903,30.018027]]},"properties":{"kind":"road","class":"tertiary","weight":1.4,"name":null}},{"type":"Feature","geometry":{"type":"LineString","coordinates":[[31.495858,30.020079],[31.495633,30.019913],[31.494951,30.01941],[31.494666,30.019199],[31.493392,30.018282],[31.493242,30.018174]]},"properties":{"kind":"road","class":"tertiary","weight":1.4,"name":null}},{"type":"Feature","geometry":{"type":"LineString","coordinates":[[31.471495,30.019479],[31.471392,30.019569],[31.470662,30.020212],[31.470485,30.020369],[31.47044,30.020405],[31.470383,30.020428],[31.470321,30.020433],[31.470261,30.02042],[31.470209,30.020391],[31.46965,30.019915],[31.469506,30.019793],[31.46925,30.019575],[31.469155,30.019495]]},"properties":{"kind":"road","class":"residential","weight":1.0,"name":null}},{"type":"Feature","geometry":{"type":"LineString","coordinates":[[31.472224,30.020046],[31.472136,30.019971],[31.472065,30.019911],[31.472044,30.019895],[31.471495,30.019479],[31.47113,30.019168],[31.471073,30.019123],[31.471002,30.019096],[31.470857,30.019091],[31.470326,30.019093],[31.469755,30.019095],[31.469654,30.019097],[31.469597,30.019114],[31.469549,30.019145],[31.469406,30.019271],[31.469187,30.019467],[31.469155,30.019495],[31.468698,30.019899],[31.468666,30.019927],[31.468583,30.019998],[31.468497,30.020076]]},"properties":{"kind":"road","class":"residential","weight":1.0,"name":null}},{"type":"Feature","geometry":{"type":"LineString","coordinates":[[31.47774,30.030795],[31.47781,30.03073],[31.477862,30.030659],[31.477896,30.030579],[31.477909,30.030495],[31.477898,30.029811],[31.477897,30.029734],[31.477892,30.029425],[31.477884,30.029365],[31.47787,30.029306],[31.477851,30.029248],[31.477825,30.029192],[31.477794,30.029138],[31.477744,30.029078]]},"properties":{"kind":"road","class":"residential","weight":1.0,"name":"\u0634\u0627\u0631\u0639 \u0627\u0644\u0634\u0647\u064a\u062f \u0627\u0633\u0645\u0627\u0639\u064a\u0644 \u0627\u0644\u0641\u0642\u064a"}},{"type":"Feature","geometry":{"type":"LineString","coordinates":[[31.477786,30.024265],[31.477809,30.024486],[31.477801,30.024505],[31.477783,30.024519],[31.477759,30.024523],[31.477607,30.024529],[31.477578,30.024521],[31.477557,30.024502],[31.477549,30.024476],[31.477552,30.024275]]},"properties":{"kind":"road","class":"residential","weight":1.0,"name":null}},{"type":"Feature","geometry":{"type":"LineString","coordinates":[[31.476157,30.02407],[31.476185,30.024095],[31.476252,30.024157],[31.47626,30.024181],[31.476261,30.024206],[31.476254,30.024229],[31.476253,30.024231],[31.476058,30.024396],[31.476039,30.024405],[31.476017,30.024405],[31.475997,30.024398],[31.475881,30.0243],[31.475853,30.024276],[31.475845,30.024257],[31.475846,30.024236],[31.475856,30.024218],[31.475899,30.024189],[31.476056,30.024083],[31.476086,30.024066],[31.476122,30.024061],[31.476157,30.02407]]},"properties":{"kind":"road","class":"residential","weight":1.0,"name":null}},{"type":"Feature","geometry":{"type":"LineString","coordinates":[[31.476878,30.023995],[31.477292,30.023632],[31.477615,30.023348],[31.477937,30.023066],[31.478356,30.022698]]},"properties":{"kind":"road","class":"residential","weight":1.0,"name":null}},{"type":"Feature","geometry":{"type":"LineString","coordinates":[[31.469767,30.044264],[31.470882,30.044258]]},"properties":{"kind":"road","class":"residential","weight":1.0,"name":"\u0634\u0627\u0631\u0639 \u062d\u0633\u064a\u0646 \u0628\u064a\u0643\u0627\u0631"}},{"type":"Feature","geometry":{"type":"LineString","coordinates":[[31.498507,30.05294],[31.498446,30.052697],[31.498406,30.05258],[31.498349,30.052464],[31.498051,30.051763],[31.497993,30.051629],[31.497835,30.051256],[31.497532,30.050515],[31.497384,30.050164],[31.496995,30.049242],[31.49691,30.049044],[31.496749,30.048667],[31.496545,30.048192],[31.496368,30.047779],[31.496349,30.047732],[31.496351,30.047712],[31.496364,30.047699],[31.496499,30.04766]]},"properties":{"kind":"road","class":"residential","weight":1.0,"name":"\u0645\u062d\u0648\u0631 \u0627\u0644\u062a\u062d\u0631\u064a\u0631 \u0627\u0644\u062c\u0627\u0646\u0628\u0649"}},{"type":"Feature","geometry":{"type":"LineString","coordinates":[[31.490449,30.04885],[31.490435,30.048796],[31.490436,30.048729],[31.490457,30.048665],[31.490497,30.048608],[31.490552,30.048561],[31.490587,30.048542],[31.490624,30.048528],[31.490715,30.048512],[31.490807,30.048522],[31.490891,30.048556],[31.490959,30.048611],[31.491003,30.048682],[31.49102,30.048762],[31.491013,30.048818],[31.490993,30.048872],[31.490949,30.048931],[31.490874,30.048985],[31.490784,30.049015],[31.490687,30.049018],[31.490594,30.048993],[31.490516,30.048943],[31.490477,30.0489],[31.490449,30.04885]]},"properties":{"kind":"road","class":"residential","weight":1.0,"name":null}},{"type":"Feature","geometry":{"type":"LineString","coordinates":[[31.491157,30.048402],[31.491242,30.04847],[31.49135,30.048537],[31.491509,30.048583],[31.491685,30.04859],[31.492801,30.04859],[31.492963,30.048607],[31.493121,30.048642],[31.493271,30.048697],[31.493361,30.048742],[31.493446,30.048793],[31.493519,30.048845],[31.494038,30.049319],[31.494145,30.049454],[31.494222,30.049604],[31.494269,30.049776],[31.494278,30.050173],[31.494283,30.050503],[31.494287,30.052937],[31.494297,30.052986],[31.494315,30.053035],[31.494345,30.053088],[31.494384,30.053135],[31.494499,30.05325]]},"properties":{"kind":"road","class":"residential","weight":1.0,"name":"\u0634\u0627\u0631\u0639 \u0639\u0628\u062f\u0627\u0644\u0647\u0627\u062f\u0649 \u0631\u0627\u0636\u0649"}},{"type":"Feature","geometry":{"type":"LineString","coordinates":[[31.490949,30.048931],[31.490294,30.049763],[31.490211,30.049886],[31.490136,30.050063]]},"properties":{"kind":"road","class":"residential","weight":1.0,"name":"\u0634\u0627\u0631\u0639 \u0627\u062d\u0645\u062f \u0628\u062f\u0631\u062e\u0627\u0646"}},{"type":"Feature","geometry":{"type":"LineString","coordinates":[[31.493928,30.053252],[31.49403,30.053136],[31.494069,30.053086],[31.494097,30.053031],[31.494112,30.05298],[31.494117,30.052926],[31.494159,30.051594],[31.494155,30.050567],[31.494158,30.050105],[31.494155,30.04989],[31.494148,30.049781],[31.494131,30.049685],[31.494099,30.049604],[31.494054,30.049524],[31.493989,30.049435],[31.493472,30.04897],[31.493359,30.048885],[31.493233,30.048815],[31.493097,30.048763],[31.492952,30.048728],[31.492846,30.048717],[31.492804,30.048712],[31.49172,30.048725],[31.491449,30.048728],[31.491301,30.048745],[31.49116,30.048786],[31.490993,30.048872]]},"properties":{"kind":"road","class":"residential","weight":1.0,"name":"\u0634\u0627\u0631\u0639 \u0639\u0628\u062f\u0627\u0644\u0647\u0627\u062f\u0649 \u0631\u0627\u0636\u0649"}},{"type":"Feature","geometry":{"type":"LineString","coordinates":[[31.491361,30.045965],[31.491261,30.046012],[31.491186,30.046089],[31.491143,30.046182],[31.491131,30.046283],[31.491145,30.047433],[31.491149,30.047627],[31.491157,30.048402],[31.491148,30.048614],[31.491127,30.048678],[31.49108,30.048729],[31.49102,30.048762]]},"properties":{"kind":"road","class":"residential","weight":1.0,"name":"\u0634\u0627\u0631\u0639 \u0627\u062d\u0645\u062f \u0628\u062f\u0631\u062e\u0627\u0646"}},{"type":"Feature","geometry":{"type":"LineString","coordinates":[[31.490624,30.048528],[31.490745,30.048454],[31.490844,30.048338],[31.49092,30.04821],[31.490965,30.048065],[31.490952,30.046294],[31.490931,30.046188],[31.490873,30.046099],[31.490793,30.046025],[31.490694,30.045967]]},"properties":{"kind":"road","class":"residential","weight":1.0,"name":"\u0634\u0627\u0631\u0639 \u0627\u062d\u0645\u062f \u0628\u062f\u0631\u062e\u0627\u0646"}},{"type":"Feature","geometry":{"type":"LineString","coordinates":[[31.512918,30.041932],[31.512995,30.042092],[31.513093,30.042243],[31.513211,30.042382],[31.513348,30.042508],[31.513519,30.042646],[31.513868,30.042934],[31.514056,30.04307],[31.51423,30.043167],[31.514374,30.043222],[31.514523,30.043261],[31.514644,30.043285],[31.51488,30.043306],[31.515159,30.043294],[31.51539,30.043287],[31.515548,30.043287],[31.515825,30.043305],[31.516071,30.04334],[31.516308,30.043407],[31.516532,30.043504],[31.516736,30.043629],[31.518963,30.045741],[31.519044,30.045799],[31.519135,30.045844],[31.519234,30.045874],[31.519338,30.045889],[31.519443,30.045888],[31.519593,30.045883]]},"properties":{"kind":"road","class":"tertiary","weight":1.4,"name":null}},{"type":"Feature","geometry":{"type":"LineString","coordinates":[[31.510655,30.043297],[31.510617,30.043399],[31.510598,30.043505],[31.5106,30.043613],[31.510621,30.043719],[31.510662,30.04382],[31.510722,30.043915],[31.510798,30.044],[31.511072,30.044299],[31.511686,30.044979],[31.512106,30.045486],[31.512456,30.045856],[31.513074,30.046533],[31.513123,30.046587],[31.513177,30.046646],[31.514544,30.048167],[31.514829,30.048484],[31.514902,30.048554],[31.514988,30.048612],[31.515136,30.048675],[31.515297,30.048705],[31.515557,30.048699]]},"properties":{"kind":"road","class":"tertiary","weight":1.4,"name":null}},{"type":"Feature","geometry":{"type":"LineString","coordinates":[[31.508002,30.044873],[31.507981,30.044979],[31.50798,30.045086],[31.508002,30.045191],[31.508043,30.045292],[31.508576,30.046078],[31.508715,30.046281],[31.508807,30.046442],[31.508841,30.046532],[31.508868,30.046624],[31.508888,30.046717],[31.508906,30.046868],[31.508905,30.047015],[31.508887,30.04716],[31.508852,30.047303],[31.508801,30.047442],[31.508733,30.047576],[31.50865,30.047704],[31.508481,30.047949],[31.508385,30.048065],[31.508329,30.048132],[31.508266,30.048194],[31.508196,30.04825],[31.508122,30.048302],[31.508043,30.048347],[31.507671,30.048502],[31.50668,30.04891],[31.505856,30.049248],[31.50575,30.049292],[31.505556,30.049401],[31.505478,30.049465],[31.505403,30.049539],[31.505332,30.049623],[31.505254,30.04974],[31.505188,30.049895],[31.505164,30.049971],[31.505143,30.050087],[31.505113,30.050339]]},"properties":{"kind":"road","class":"tertiary","weight":1.4,"name":null}},{"type":"Feature","geometry":{"type":"LineString","coordinates":[[31.49674,30.049225],[31.496616,30.04926],[31.496168,30.049385],[31.495991,30.049435],[31.49586,30.049438],[31.495733,30.049408],[31.495622,30.049347],[31.495536,30.049261],[31.495448,30.049085],[31.495411,30.049001],[31.495313,30.048747],[31.495179,30.048413],[31.494951,30.047837],[31.494814,30.047474]]},"properties":{"kind":"road","class":"residential","weight":1.0,"name":null}},{"type":"Feature","geometry":{"type":"LineString","coordinates":[[31.496995,30.049242],[31.496912,30.049221],[31.496826,30.049215],[31.49674,30.049225]]},"properties":{"kind":"road","class":"residential","weight":1.0,"name":null}},{"type":"Feature","geometry":{"type":"LineString","coordinates":[[31.49674,30.049225],[31.496809,30.049174],[31.496866,30.049113],[31.49691,30.049044]]},"properties":{"kind":"road","class":"residential","weight":1.0,"name":null}},{"type":"Feature","geometry":{"type":"LineString","coordinates":[[31.494814,30.047474],[31.494056,30.047704],[31.4935,30.047876],[31.49346,30.047889],[31.493425,30.047908],[31.493401,30.047938],[31.49339,30.047974],[31.493301,30.048511],[31.493271,30.048697]]},"properties":{"kind":"road","class":"residential","weight":1.0,"name":null}},{"type":"Feature","geometry":{"type":"LineString","coordinates":[[31.494814,30.047474],[31.494472,30.046655],[31.494344,30.046348]]},"properties":{"kind":"road","class":"residential","weight":1.0,"name":null}},{"type":"Feature","geometry":{"type":"LineString","coordinates":[[31.516898,30.017187],[31.516615,30.017328],[31.516557,30.01739],[31.516514,30.017461],[31.516488,30.017538],[31.51648,30.017617],[31.516489,30.017697],[31.516555,30.018029],[31.516579,30.018214],[31.516581,30.0184],[31.516562,30.018586],[31.516522,30.018768],[31.516461,30.018947],[31.516445,30.018983],[31.516428,30.019021],[31.516034,30.019749],[31.515999,30.019847],[31.515988,30.019949],[31.516003,30.020051],[31.516042,30.020147],[31.516103,30.020235],[31.516267,30.02038]]},"properties":{"kind":"road","class":"residential","weight":1.0,"name":null}},{"type":"Feature","geometry":{"type":"LineString","coordinates":[[31.528347,30.027543],[31.528159,30.027438],[31.527978,30.027341],[31.527794,30.02726],[31.527612,30.027193],[31.527496,30.027159],[31.527379,30.027146],[31.527058,30.02714],[31.526557,30.027135],[31.526198,30.027133],[31.526014,30.027133],[31.524701,30.027133],[31.523457,30.027176],[31.523209,30.027198],[31.523006,30.027237],[31.522605,30.027318],[31.522133,30.027417],[31.52169,30.027516],[31.521308,30.027619],[31.520937,30.027724],[31.52053,30.027864],[31.519861,30.028114],[31.51953,30.028246],[31.519128,30.028435],[31.518924,30.02853],[31.518754,30.028613],[31.518587,30.028706],[31.518469,30.028776],[31.51835,30.028861]]},"properties":{"kind":"road","class":"tertiary","weight":1.4,"name":null}},{"type":"Feature","geometry":{"type":"LineString","coordinates":[[31.518352,30.025049],[31.518429,30.025116],[31.518538,30.025203],[31.518641,30.025275],[31.518753,30.025337],[31.519015,30.025464],[31.519277,30.025584],[31.519813,30.02581],[31.520425,30.026042],[31.521047,30.02623],[31.521452,30.026358],[31.521827,30.026457],[31.522218,30.026537],[31.52257,30.026598],[31.523252,30.026681],[31.523669,30.026711],[31.523843,30.026719],[31.524126,30.026725],[31.525115,30.026715],[31.526576,30.026713],[31.526986,30.026707],[31.527075,30.026706],[31.52731,30.026697],[31.52742,30.0267],[31.527689,30.026651],[31.527921,30.026582],[31.528084,30.026519],[31.528233,30.026466]]},"properties":{"kind":"road","class":"tertiary","weight":1.4,"name":null}},{"type":"Feature","geometry":{"type":"LineString","coordinates":[[31.479696,30.028658],[31.4798,30.028681],[31.479836,30.028708],[31.479847,30.028747],[31.47984,30.028786],[31.479817,30.02882],[31.479781,30.028844],[31.479741,30.028861],[31.479594,30.028908]]},"properties":{"kind":"road","class":"primary_link","weight":1.6,"name":null}},{"type":"Feature","geometry":{"type":"LineString","coordinates":[[31.480149,30.028909],[31.480089,30.02889],[31.48004,30.028859],[31.480029,30.028807],[31.480047,30.028758],[31.480088,30.02872],[31.480144,30.028702],[31.480277,30.02866]]},"properties":{"kind":"road","class":"primary_link","weight":1.6,"name":null}},{"type":"Feature","geometry":{"type":"LineString","coordinates":[[31.490275,30.025123],[31.490359,30.025035],[31.490418,30.024969],[31.490454,30.024892],[31.49046,30.024844],[31.490465,30.024809],[31.490452,30.022997],[31.490452,30.022918],[31.490443,30.02166],[31.490439,30.021591],[31.490423,30.021524],[31.490395,30.021459],[31.490366,30.0214]]},"properties":{"kind":"road","class":"tertiary","weight":1.4,"name":null}},{"type":"Feature","geometry":{"type":"LineString","coordinates":[[31.4793,30.023948],[31.479304,30.02386]]},"properties":{"kind":"road","class":"residential","weight":1.0,"name":null}},{"type":"Feature","geometry":{"type":"LineString","coordinates":[[31.478845,30.024477],[31.478838,30.02394]]},"properties":{"kind":"road","class":"residential","weight":1.0,"name":null}},{"type":"Feature","geometry":{"type":"LineString","coordinates":[[31.47634,30.021759],[31.476339,30.021837],[31.476338,30.021916],[31.476338,30.022324],[31.476338,30.022373],[31.476338,30.022484],[31.476338,30.022814],[31.476338,30.022865],[31.476338,30.02312],[31.476338,30.023243],[31.476338,30.023359],[31.476363,30.023472],[31.476411,30.023579],[31.476481,30.023677],[31.47657,30.023763],[31.476878,30.023995],[31.477071,30.024141],[31.477185,30.024188],[31.47736,30.024246],[31.477552,30.024275],[31.477786,30.024265],[31.477955,30.02423],[31.478115,30.024171],[31.478261,30.024089],[31.478389,30.023988],[31.478496,30.023869],[31.478593,30.023705],[31.478639,30.023576],[31.478664,30.023444],[31.478668,30.023309],[31.478653,30.023204],[31.478631,30.02313],[31.478591,30.023002],[31.478497,30.02284],[31.478356,30.022698],[31.477486,30.02193],[31.477444,30.021909],[31.477397,30.021898],[31.477352,30.021905],[31.477315,30.021919],[31.477173,30.022049],[31.477121,30.02212],[31.477092,30.022183],[31.477082,30.022217],[31.477062,30.022315],[31.477049,30.022448],[31.477053,30.022582],[31.477074,30.022714],[31.47711,30.022844],[31.477135,30.022881],[31.477185,30.022958],[31.477266,30.023031],[31.477615,30.023348]]},"properties":{"kind":"road","class":"residential","weight":1.0,"name":null}},{"type":"Feature","geometry":{"type":"LineString","coordinates":[[31.474667,30.049161],[31.47464,30.048826],[31.474623,30.048672],[31.474612,30.048517],[31.474607,30.048363],[31.474607,30.048202],[31.474614,30.048041],[31.474627,30.04788],[31.474646,30.047719],[31.474675,30.04727],[31.474671,30.047062],[31.47462,30.045776],[31.474618,30.045679],[31.474608,30.044873],[31.474602,30.044193],[31.474614,30.043401]]},"properties":{"kind":"road","class":"tertiary","weight":1.4,"name":"\u0645\u062d\u0648\u0631 \u0645\u062d\u0645\u062f \u0646\u062c\u064a\u0628 \u0627\u0644\u062c\u0627\u0646\u0628\u0649"}},{"type":"Feature","geometry":{"type":"LineString","coordinates":[[31.472264,30.050128],[31.472285,30.050029],[31.4723,30.049906],[31.472306,30.049064],[31.472309,30.048637],[31.472269,30.048451],[31.472207,30.048372],[31.472122,30.048292]]},"properties":{"kind":"road","class":"residential","weight":1.0,"name":null}},{"type":"Feature","geometry":{"type":"LineString","coordinates":[[31.47264,30.048291],[31.472568,30.048364],[31.472504,30.048446],[31.472464,30.048539],[31.47245,30.048638],[31.472478,30.049058],[31.472473,30.049177],[31.472442,30.049747],[31.472433,30.049911],[31.472437,30.049989],[31.472442,30.050031],[31.472447,30.050068],[31.472489,30.050128]]},"properties":{"kind":"road","class":"residential","weight":1.0,"name":null}},{"type":"Feature","geometry":{"type":"LineString","coordinates":[[31.469812,30.052551],[31.469812,30.051878],[31.469804,30.051114],[31.469803,30.050998],[31.469796,30.050285],[31.469797,30.049378],[31.469832,30.049301],[31.469893,30.049221],[31.469974,30.049156],[31.470061,30.049109],[31.470167,30.04908],[31.470279,30.049068],[31.470662,30.049072],[31.471006,30.04907],[31.471488,30.049075],[31.472306,30.049064],[31.472478,30.049058],[31.472696,30.049058],[31.472722,30.049057],[31.472953,30.049059],[31.473344,30.04906],[31.473486,30.049077],[31.473532,30.049097],[31.473614,30.049134],[31.473714,30.049224],[31.473774,30.049336],[31.473782,30.049399],[31.473789,30.04946],[31.47379,30.049588],[31.473792,30.049774],[31.473796,30.050252],[31.473796,30.050358],[31.473787,30.051102],[31.473788,30.051682],[31.473789,30.052422],[31.473793,30.053134],[31.473775,30.053199],[31.473733,30.053284],[31.473672,30.05336],[31.473595,30.053423],[31.473506,30.053472],[31.473406,30.053504],[31.47328,30.053505],[31.473175,30.053491],[31.47263,30.053403],[31.472444,30.053372],[31.471869,30.053279],[31.471042,30.053144],[31.470929,30.053126],[31.470347,30.053028],[31.470157,30.052997],[31.470066,30.052947],[31.469986,30.052885],[31.469918,30.052812],[31.469866,30.052731],[31.46983,30.052643],[31.469812,30.052551]]},"properties":{"kind":"road","class":"residential","weight":1.0,"name":"\u0634\u0627\u0631\u0639 \u0639\u0628\u062f\u0627\u0644\u0644\u0647 \u0645\u0633\u0644\u0645\u0649"}},{"type":"Feature","geometry":{"type":"LineString","coordinates":[[31.470279,30.049068],[31.470223,30.050283]]},"properties":{"kind":"road","class":"residential","weight":1.0,"name":null}},{"type":"Feature","geometry":{"type":"LineString","coordinates":[[31.470829,30.044853],[31.470864,30.044795],[31.470881,30.044733],[31.470885,30.044669],[31.470882,30.044258],[31.470877,30.043325],[31.470874,30.04285],[31.470862,30.042777],[31.470829,30.04271],[31.470778,30.042651],[31.470712,30.042601]]},"properties":{"kind":"road","class":"residential","weight":1.0,"name":null}},{"type":"Feature","geometry":{"type":"LineString","coordinates":[[31.471194,30.042599],[31.471132,30.042644],[31.471071,30.042701],[31.471029,30.04277],[31.47101,30.042851],[31.47101,30.043325],[31.471011,30.04457],[31.471018,30.044683],[31.471047,30.044792],[31.471067,30.044877]]},"properties":{"kind":"road","class":"residential","weight":1.0,"name":null}},{"type":"Feature","geometry":{"type":"LineString","coordinates":[[31.472371,30.044864],[31.472373,30.043322],[31.472372,30.042987]]},"properties":{"kind":"road","class":"residential","weight":1.0,"name":"\u0634\u0627\u0631\u0639 \u0627\u0644\u0634\u0647\u064a\u062f \u0633\u0644\u064a\u0645\u0627\u0646 \u0639\u0644\u0649"}},{"type":"Feature","geometry":{"type":"LineString","coordinates":[[31.472631,30.042591],[31.472547,30.042654],[31.472477,30.042725],[31.472424,30.042806],[31.472388,30.042894],[31.472372,30.042987]]},"properties":{"kind":"road","class":"residential","weight":1.0,"name":"\u0634\u0627\u0631\u0639 \u0627\u0644\u0634\u0647\u064a\u062f \u0633\u0644\u064a\u0645\u0627\u0646 \u0639\u0644\u0649"}},{"type":"Feature","geometry":{"type":"LineString","coordinates":[[31.472125,30.048183],[31.472209,30.048115],[31.472276,30.04804],[31.472318,30.047952],[31.472326,30.047857],[31.47232,30.047421],[31.472303,30.046286],[31.472294,30.04616],[31.472264,30.046036],[31.472212,30.045929]]},"properties":{"kind":"road","class":"residential","weight":1.0,"name":null}},{"type":"Feature","geometry":{"type":"LineString","coordinates":[[31.47247,30.045923],[31.472437,30.046001],[31.472422,30.046089],[31.472429,30.046545],[31.472442,30.047421],[31.472448,30.047843],[31.47245,30.047954],[31.472477,30.048043],[31.47253,30.048123],[31.472573,30.048178]]},"properties":{"kind":"road","class":"residential","weight":1.0,"name":null}},{"type":"Feature","geometry":{"type":"LineString","coordinates":[[31.472436,30.04567],[31.472578,30.045682],[31.47272,30.045688],[31.473774,30.045683],[31.474618,30.045679]]},"properties":{"kind":"road","class":"residential","weight":1.0,"name":"\u0634\u0627\u0631\u0639 \u0627\u0644\u0634\u0647\u064a\u062f \u0639\u0628\u062f\u0627\u0644\u062d\u0645\u064a\u062f \u063a\u0628\u0627\u0631\u0629"}},{"type":"Feature","geometry":{"type":"LineString","coordinates":[[31.471015,30.047844],[31.471049,30.04795],[31.471113,30.048046],[31.471202,30.048125],[31.471294,30.048191]]},"properties":{"kind":"road","class":"residential","weight":1.0,"name":"\u0634\u0627\u0631\u0639 \u0627\u0644\u0634\u0647\u064a\u062f \u0634\u0631\u064a\u0641 \u0631\u0636\u0648\u0627\u0646"}},{"type":"Feature","geometry":{"type":"LineString","coordinates":[[31.470772,30.048196],[31.470852,30.048132],[31.470934,30.048049],[31.470989,30.047951],[31.471015,30.047844]]},"properties":{"kind":"road","class":"residential","weight":1.0,"name":"\u0634\u0627\u0631\u0639 \u0627\u0644\u0634\u0647\u064a\u062f \u0634\u0631\u064a\u0641 \u0631\u0636\u0648\u0627\u0646"}},{"type":"Feature","geometry":{"type":"LineString","coordinates":[[31.472436,30.04567],[31.472479,30.045702],[31.472509,30.045743],[31.472524,30.045791],[31.472521,30.04584],[31.472502,30.045886],[31.472488,30.045905],[31.47247,30.045923],[31.472425,30.045952],[31.472371,30.045968],[31.472314,30.045969],[31.47226,30.045956],[31.472212,30.045929],[31.472183,30.045901],[31.472163,30.045869],[31.472152,30.045833],[31.472152,30.045782],[31.472171,30.045734],[31.472205,30.045693],[31.472253,30.045663],[31.472309,30.045648],[31.472375,30.045649],[31.472436,30.04567]]},"properties":{"kind":"road","class":"residential","weight":1.0,"name":null}},{"type":"Feature","geometry":{"type":"LineString","coordinates":[[31.470927,30.044823],[31.470979,30.044828],[31.471027,30.044847],[31.471067,30.044877],[31.471084,30.044898],[31.471097,30.044922],[31.471107,30.044971],[31.4711,30.04502],[31.471074,30.045064],[31.471033,30.045098],[31.470981,30.04512],[31.470924,30.045125],[31.470875,30.045117],[31.47083,30.045097],[31.470785,30.045055],[31.470761,30.045002],[31.470761,30.044944],[31.470786,30.044891],[31.470806,30.04487],[31.470829,30.044853],[31.470875,30.044831],[31.470927,30.044823]]},"properties":{"kind":"road","class":"residential","weight":1.0,"name":null}},{"type":"Feature","geometry":{"type":"LineString","coordinates":[[31.468877,30.044859],[31.468926,30.044922],[31.468997,30.044966],[31.469082,30.044986],[31.46977,30.044987],[31.470618,30.044982],[31.470672,30.044967],[31.470722,30.044942],[31.470786,30.044891]]},"properties":{"kind":"road","class":"residential","weight":1.0,"name":"\u0634\u0627\u0631\u0639 \u0639\u0628\u062f\u0627\u0644\u0631\u062d\u0645\u0646 \u0627\u0644\u0634\u0631\u0642\u0627\u0648\u0649"}},{"type":"Feature","geometry":{"type":"LineString","coordinates":[[31.479768,30.045356],[31.479693,30.045407],[31.479636,30.045468],[31.479603,30.045541],[31.479596,30.04562],[31.479584,30.047572],[31.479591,30.047651],[31.479622,30.047726],[31.479676,30.047791],[31.479747,30.047836]]},"properties":{"kind":"road","class":"tertiary","weight":1.4,"name":"\u0634\u0627\u0631\u0639 \u0645\u062d\u0645\u062f \u0645\u0647\u062f\u0649 \u0639\u0644\u0627"}},{"type":"Feature","geometry":{"type":"LineString","coordinates":[[31.484978,30.048576],[31.484907,30.048507],[31.484822,30.048451],[31.484726,30.048412],[31.484622,30.048391],[31.482573,30.048399],[31.482331,30.048399],[31.48146,30.048401],[31.481377,30.04841],[31.48131,30.048433],[31.481248,30.048461],[31.481186,30.048495],[31.48113,30.048535],[31.481099,30.048553],[31.481063,30.04856],[31.481026,30.048559],[31.480834,30.048558]]},"properties":{"kind":"road","class":"tertiary","weight":1.4,"name":null}},{"type":"Feature","geometry":{"type":"LineString","coordinates":[[31.478345,30.050029],[31.478404,30.049925],[31.47843,30.049849],[31.478436,30.049788],[31.478437,30.049698],[31.478424,30.048703],[31.478422,30.048621],[31.478418,30.048383],[31.478413,30.048148],[31.478399,30.047961]]},"properties":{"kind":"road","class":"tertiary","weight":1.4,"name":"\u0634\u0627\u0631\u0639 \u0639\u0644\u0649 \u0634\u0627\u0641\u0639\u0649"}},{"type":"Feature","geometry":{"type":"LineString","coordinates":[[31.474301,30.042852],[31.474229,30.042769],[31.474179,30.04267],[31.474155,30.042564],[31.474158,30.042457],[31.474167,30.042403],[31.474189,30.042337],[31.474205,30.042271]]},"properties":{"kind":"road","class":"tertiary_link","weight":1.1,"name":null}},{"type":"Feature","geometry":{"type":"LineString","coordinates":[[31.474839,30.049161],[31.474667,30.049161]]},"properties":{"kind":"road","class":"primary_link","weight":1.6,"name":null}},{"type":"Feature","geometry":{"type":"LineString","coordinates":[[31.484459,30.049767],[31.484458,30.049797],[31.484466,30.05034],[31.484466,30.050373],[31.484458,30.050405],[31.48444,30.050434],[31.484414,30.050458],[31.484382,30.050475],[31.484347,30.050486],[31.48432,30.050488],[31.483893,30.050494],[31.483314,30.050501],[31.483258,30.050502],[31.483214,30.050496],[31.483169,30.050475],[31.483132,30.050445],[31.483107,30.050407],[31.483096,30.050364],[31.483085,30.049883]]},"properties":{"kind":"road","class":"residential","weight":1.0,"name":null}},{"type":"Feature","geometry":{"type":"LineString","coordinates":[[31.484981,30.04988],[31.484959,30.049836],[31.484921,30.049801],[31.484872,30.049777],[31.484817,30.049768]]},"properties":{"kind":"road","class":"residential","weight":1.0,"name":null}},{"type":"Feature","geometry":{"type":"LineString","coordinates":[[31.482291,30.048797],[31.482388,30.048809],[31.482484,30.048835],[31.482502,30.048844],[31.482553,30.048869],[31.482709,30.048973],[31.482787,30.049047],[31.48285,30.049132],[31.482896,30.049224],[31.482926,30.049321],[31.482937,30.049421],[31.482929,30.049699],[31.482921,30.049953],[31.482901,30.050041],[31.482867,30.050127],[31.482819,30.050207],[31.482758,30.050281],[31.482685,30.050345],[31.482602,30.050401],[31.482521,30.05044],[31.482511,30.050445],[31.482441,30.050469],[31.482369,30.050488],[31.482295,30.050499],[31.481851,30.050512],[31.481651,30.050518],[31.481599,30.050512],[31.48155,30.050495],[31.481509,30.050467],[31.481478,30.05043],[31.481459,30.050388],[31.481455,30.050342],[31.481448,30.049747],[31.481445,30.049543],[31.481439,30.048971],[31.48144,30.048918],[31.481463,30.048869],[31.481504,30.048829],[31.481559,30.048805],[31.48162,30.048798],[31.481828,30.048798],[31.482291,30.048797]]},"properties":{"kind":"road","class":"residential","weight":1.0,"name":null}},{"type":"Feature","geometry":{"type":"LineString","coordinates":[[31.478843,30.03416],[31.478995,30.034158]]},"properties":{"kind":"road","class":"residential","weight":1.0,"name":null}},{"type":"Feature","geometry":{"type":"LineString","coordinates":[[31.480975,30.029078],[31.480915,30.029141],[31.480869,30.029212],[31.480838,30.029289],[31.480822,30.02937],[31.480834,30.03066]]},"properties":{"kind":"road","class":"residential","weight":1.0,"name":"\u0634\u0627\u0631\u0639 \u0632\u0643\u0649 \u0637\u0644\u064a\u0645\u0627\u062a"}},{"type":"Feature","geometry":{"type":"LineString","coordinates":[[31.480577,30.030632],[31.480615,30.030568],[31.480644,30.030499],[31.480665,30.030429],[31.480677,30.030356],[31.480689,30.029078]]},"properties":{"kind":"road","class":"residential","weight":1.0,"name":"\u0634\u0627\u0631\u0639 \u0632\u0643\u0649 \u0637\u0644\u064a\u0645\u0627\u062a"}},{"type":"Feature","geometry":{"type":"LineString","coordinates":[[31.480651,30.030607],[31.480691,30.030604],[31.480731,30.030609],[31.480769,30.03062],[31.480804,30.030637],[31.480834,30.03066],[31.480856,30.030684],[31.480873,30.030712],[31.480883,30.030741],[31.480888,30.030772],[31.480885,30.03081],[31.480873,30.030846],[31.480851,30.03088],[31.480822,30.030908],[31.480787,30.030931],[31.480746,30.030946],[31.480703,30.030953],[31.480651,30.030951],[31.4806,30.030937],[31.480556,30.030913],[31.480522,30.030881],[31.480498,30.030843],[31.480486,30.030801],[31.480486,30.030757],[31.480498,30.030715],[31.480517,30.030683],[31.480544,30.030655],[31.480577,30.030632],[31.480612,30.030617],[31.480651,30.030607]]},"properties":{"kind":"road","class":"residential","weight":1.0,"name":null}},{"type":"Feature","geometry":{"type":"LineString","coordinates":[[31.480888,30.030772],[31.480999,30.030924],[31.48113,30.031063],[31.481278,30.03119],[31.481442,30.031301],[31.481618,30.031397]]},"properties":{"kind":"road","class":"residential","weight":1.0,"name":"\u0634\u0627\u0631\u0639 \u0632\u0643\u0649 \u0637\u0644\u064a\u0645\u0627\u062a"}},{"type":"Feature","geometry":{"type":"LineString","coordinates":[[31.48139,30.031522],[31.481269,30.031394],[31.48114,30.031273],[31.481002,30.031159],[31.480857,30.031053],[31.480703,30.030953]]},"properties":{"kind":"road","class":"residential","weight":1.0,"name":"\u0634\u0627\u0631\u0639 \u0632\u0643\u0649 \u0637\u0644\u064a\u0645\u0627\u062a"}},{"type":"Feature","geometry":{"type":"LineString","coordinates":[[31.480813,30.036367],[31.480903,30.036309],[31.48097,30.036231],[31.481008,30.03614],[31.481014,30.036043],[31.481017,30.035946],[31.481017,30.035536],[31.481016,30.035437],[31.481014,30.034928],[31.481014,30.034528],[31.481015,30.033365],[31.481034,30.033227],[31.481066,30.033126],[31.481076,30.033093],[31.481138,30.032965],[31.481217,30.032843],[31.481332,30.032676],[31.481357,30.032625],[31.481376,30.032578],[31.481392,30.032531],[31.48141,30.032463],[31.481421,30.032395],[31.481422,30.031645]]},"properties":{"kind":"road","class":"residential","weight":1.0,"name":"\u0634\u0627\u0631\u0639 \u0632\u0643\u0649 \u0637\u0644\u064a\u0645\u0627\u062a"}},{"type":"Feature","geometry":{"type":"LineString","coordinates":[[31.481434,30.031444],[31.481473,30.031416],[31.481519,30.031398],[31.481569,30.031392],[31.481618,30.031397],[31.481664,30.031414],[31.481704,30.031441],[31.481733,30.031476],[31.48175,30.031517],[31.481754,30.031561],[31.481744,30.031603],[31.481721,30.031642],[31.481688,30.031674],[31.481657,30.031692],[31.481622,30.031704],[31.481585,30.03171],[31.481548,30.031709],[31.481511,30.031702],[31.481478,30.031689],[31.481447,30.031669],[31.481422,30.031645],[31.481398,30.031607],[31.481387,30.031565],[31.48139,30.031522],[31.481406,30.03148],[31.481434,30.031444]]},"properties":{"kind":"road","class":"residential","weight":1.0,"name":null}},{"type":"Feature","geometry":{"type":"LineString","coordinates":[[31.481664,30.031414],[31.482939,30.031413],[31.483033,30.031412],[31.484517,30.031411],[31.484588,30.031405],[31.484656,30.031386],[31.484717,30.031355],[31.484769,30.031312],[31.484809,30.031261],[31.484901,30.031136]]},"properties":{"kind":"road","class":"residential","weight":1.0,"name":"\u0634\u0627\u0631\u0639 \u0627\u0644\u0634\u0647\u064a\u062f \u0645\u0646\u064a\u0631 \u0645\u064a\u062e\u0627\u0626\u064a\u0644"}},{"type":"Feature","geometry":{"type":"LineString","coordinates":[[31.484907,30.031691],[31.484837,30.031635],[31.484758,30.031588],[31.484671,30.031552],[31.484579,30.031529],[31.484473,30.031529],[31.483152,30.031554],[31.483047,30.031553],[31.482135,30.031541],[31.482027,30.03155],[31.481921,30.03157],[31.481819,30.031601],[31.481721,30.031642]]},"properties":{"kind":"road","class":"residential","weight":1.0,"name":"\u0634\u0627\u0631\u0639 \u0627\u0644\u0634\u0647\u064a\u062f \u0645\u0646\u064a\u0631 \u0645\u064a\u062e\u0627\u0626\u064a\u0644"}},{"type":"Feature","geometry":{"type":"LineString","coordinates":[[31.481688,30.031674],[31.481641,30.031758],[31.481616,30.031829],[31.481604,30.031903],[31.481598,30.032352],[31.481589,30.032467],[31.481562,30.032579],[31.481518,30.032687],[31.481459,30.03279],[31.481342,30.032956],[31.481265,30.033089],[31.481234,30.033173],[31.481213,30.03323],[31.481187,30.033377],[31.481188,30.033526],[31.481179,30.035948],[31.481176,30.036035],[31.481181,30.036125],[31.481208,30.036213],[31.481255,30.036294],[31.481322,30.036364]]},"properties":{"kind":"road","class":"residential","weight":1.0,"name":"\u0634\u0627\u0631\u0639 \u0632\u0643\u0649 \u0637\u0644\u064a\u0645\u0627\u062a"}},{"type":"Feature","geometry":{"type":"LineString","coordinates":[[31.483493,30.035945],[31.483841,30.035939],[31.48446,30.035931],[31.484473,30.03593],[31.484487,30.035926],[31.484495,30.035919],[31.484497,30.035907],[31.484504,30.035649],[31.4845,30.035625],[31.484488,30.035608],[31.484469,30.035598],[31.484443,30.035594],[31.483869,30.035593],[31.483854,30.035595],[31.483843,30.035601],[31.483836,30.035612],[31.483834,30.035625],[31.483841,30.035939]]},"properties":{"kind":"road","class":"residential","weight":1.0,"name":null}},{"type":"Feature","geometry":{"type":"LineString","coordinates":[[31.481762,30.035934],[31.481727,30.035936],[31.481696,30.035923],[31.481675,30.035898],[31.481671,30.035867],[31.481663,30.035651],[31.48167,30.035629],[31.481689,30.035608],[31.48172,30.035592],[31.48176,30.035585],[31.482205,30.035591],[31.482221,30.035596],[31.482229,30.035606],[31.482235,30.035618],[31.48224,30.035639],[31.48226,30.035913],[31.481762,30.035934]]},"properties":{"kind":"road","class":"residential","weight":1.0,"name":null}},{"type":"Feature","geometry":{"type":"LineString","coordinates":[[31.481861,30.036365],[31.481941,30.036311],[31.482033,30.036274],[31.482132,30.036256],[31.482357,30.036245],[31.482389,30.036234],[31.482417,30.036216],[31.48244,30.036194],[31.482514,30.036064],[31.482566,30.035959],[31.48266,30.035881],[31.482772,30.035821],[31.482896,30.035784],[31.483026,30.035769],[31.483156,30.03578],[31.483281,30.035813],[31.483395,30.035869],[31.483493,30.035945],[31.48357,30.036036],[31.483612,30.036113],[31.483644,30.036253],[31.483642,30.036362]]},"properties":{"kind":"road","class":"residential","weight":1.0,"name":null}},{"type":"Feature","geometry":{"type":"LineString","coordinates":[[31.475041,30.039701],[31.475189,30.039701]]},"properties":{"kind":"road","class":"primary_link","weight":1.6,"name":null}},{"type":"Feature","geometry":{"type":"LineString","coordinates":[[31.477452,30.038537],[31.477453,30.038661]]},"properties":{"kind":"road","class":"tertiary_link","weight":1.1,"name":null}},{"type":"Feature","geometry":{"type":"LineString","coordinates":[[31.475478,30.036755],[31.475402,30.036812],[31.475333,30.036875],[31.4753,30.036908],[31.475272,30.036944],[31.475246,30.036991],[31.475228,30.037041],[31.475219,30.037092],[31.475178,30.037955],[31.475179,30.038418],[31.475179,30.038816],[31.475187,30.039434],[31.475189,30.039701],[31.475194,30.040289],[31.475203,30.041342],[31.475205,30.041499],[31.475222,30.042626],[31.47523,30.043003],[31.475242,30.044213]]},"properties":{"kind":"road","class":"tertiary","weight":1.4,"name":"\u0645\u062d\u0648\u0631 \u0645\u062d\u0645\u062f \u0646\u062c\u064a\u0628 \u0627\u0644\u062c\u0627\u0646\u0628\u0649"}},{"type":"Feature","geometry":{"type":"LineString","coordinates":[[31.475179,30.038418],[31.475292,30.038491],[31.475325,30.038509],[31.475379,30.038526],[31.475438,30.038535],[31.475499,30.03854],[31.475826,30.038542],[31.47614,30.03854],[31.477452,30.038537],[31.478839,30.038528],[31.479663,30.038524],[31.479773,30.038512],[31.479879,30.038483],[31.479977,30.038437]]},"properties":{"kind":"road","class":"tertiary","weight":1.4,"name":"\u0634\u0627\u0631\u0639 \u062d\u0633\u0646 \u0631\u0634\u064a\u062f"}},{"type":"Feature","geometry":{"type":"LineString","coordinates":[[31.480017,30.038401],[31.480087,30.038304],[31.480108,30.038246],[31.480127,30.038195],[31.480135,30.038081],[31.480134,30.037869],[31.480139,30.037003],[31.480137,30.036844],[31.480128,30.036786],[31.480112,30.036729],[31.480087,30.036672],[31.480055,30.036617],[31.480014,30.036566]]},"properties":{"kind":"road","class":"tertiary","weight":1.4,"name":"\u0634\u0627\u0631\u0639 \u0635\u062f\u064a\u0642 \u0627\u0644\u0645\u0646\u0634\u0627\u0648\u0649"}},{"type":"Feature","geometry":{"type":"LineString","coordinates":[[31.480078,30.038376],[31.480145,30.03837],[31.48021,30.038386],[31.480265,30.038421],[31.480301,30.038471],[31.480314,30.038526],[31.480305,30.038581],[31.480275,30.038631],[31.480227,30.038668],[31.480167,30.038689],[31.480105,30.038691],[31.480047,30.038676],[31.479997,30.038645],[31.479959,30.038599],[31.479942,30.038544],[31.479949,30.038488],[31.479977,30.038437],[31.480017,30.038401],[31.480078,30.038376]]},"properties":{"kind":"road","class":"tertiary","weight":1.4,"name":null}},{"type":"Feature","geometry":{"type":"LineString","coordinates":[[31.480903,30.038962],[31.480961,30.038999],[31.481001,30.039052],[31.481016,30.039113],[31.481006,30.039175],[31.480972,30.039228],[31.480918,30.039268],[31.480843,30.039291],[31.480763,30.039286],[31.480691,30.039254],[31.48064,30.039202],[31.480616,30.039113],[31.480628,30.03906],[31.480658,30.039012],[31.480704,30.038975],[31.480761,30.038952],[31.480824,30.038945],[31.480864,30.03895],[31.480903,30.038962]]},"properties":{"kind":"road","class":"tertiary","weight":1.4,"name":null}},{"type":"Feature","geometry":{"type":"LineString","coordinates":[[31.480616,30.039113],[31.480553,30.03901],[31.480475,30.038914],[31.480384,30.038828],[31.48028,30.038752],[31.480167,30.038689]]},"properties":{"kind":"road","class":"tertiary","weight":1.4,"name":"\u0634\u0627\u0631\u0639 \u0635\u062f\u064a\u0642 \u0627\u0644\u0645\u0646\u0634\u0627\u0648\u0649"}},{"type":"Feature","geometry":{"type":"LineString","coordinates":[[31.480314,30.038526],[31.480385,30.038635],[31.480473,30.038733],[31.480577,30.038819],[31.480695,30.03889],[31.480824,30.038945]]},"properties":{"kind":"road","class":"tertiary","weight":1.4,"name":"\u0634\u0627\u0631\u0639 \u0635\u062f\u064a\u0642 \u0627\u0644\u0645\u0646\u0634\u0627\u0648\u0649"}},{"type":"Feature","geometry":{"type":"LineString","coordinates":[[31.480038,30.042963],[31.479883,30.042914],[31.479832,30.042903],[31.479776,30.042898],[31.479714,30.042895],[31.479569,30.042897],[31.478041,30.04291],[31.476655,30.04291],[31.476357,30.042908],[31.475507,30.042919],[31.47544,30.042922],[31.475374,30.042931],[31.47523,30.043003]]},"properties":{"kind":"road","class":"tertiary","weight":1.4,"name":"\u0634\u0627\u0631\u0639 \u0639\u0632\u0627\u0644\u062f\u064a\u0646 \u0630\u0648 \u0627\u0644\u0641\u0642\u0627\u0631"}},{"type":"Feature","geometry":{"type":"LineString","coordinates":[[31.479996,30.045179],[31.480099,30.045102],[31.480136,30.045066],[31.480164,30.045029],[31.480185,30.044977],[31.480192,30.044941],[31.480187,30.044029],[31.480187,30.043253],[31.480183,30.043204],[31.480175,30.043152],[31.480172,30.043102],[31.480163,30.043046]]},"properties":{"kind":"road","class":"tertiary","weight":1.4,"name":"\u0634\u0627\u0631\u0639 \u0635\u062f\u064a\u0642 \u0627\u0644\u0645\u0646\u0634\u0627\u0648\u0649"}},{"type":"Feature","geometry":{"type":"LineString","coordinates":[[31.480277,30.042717],[31.480378,30.042642],[31.480581,30.04248],[31.480621,30.042417],[31.480647,30.042359],[31.480676,30.042296],[31.480668,30.039546],[31.480668,30.039431],[31.480658,30.039327],[31.48064,30.039202]]},"properties":{"kind":"road","class":"tertiary","weight":1.4,"name":"\u0634\u0627\u0631\u0639 \u0635\u062f\u064a\u0642 \u0627\u0644\u0645\u0646\u0634\u0627\u0648\u0649"}},{"type":"Feature","geometry":{"type":"LineString","coordinates":[[31.480277,30.042717],[31.48034,30.042749],[31.480385,30.042797],[31.480407,30.042857],[31.480404,30.042918],[31.480376,30.042974],[31.480319,30.043023],[31.480244,30.043048],[31.480163,30.043046],[31.480113,30.043028],[31.48007,30.043],[31.480038,30.042963],[31.480015,30.042908],[31.480015,30.04285],[31.480038,30.042796],[31.48008,30.04275],[31.480123,30.042725],[31.480173,30.04271],[31.480226,30.042708],[31.480277,30.042717]]},"properties":{"kind":"road","class":"tertiary","weight":1.4,"name":null}},{"type":"Feature","geometry":{"type":"LineString","coordinates":[[31.475043,30.04251],[31.475222,30.042626],[31.475327,30.042699],[31.47542,30.04275],[31.475515,30.042774],[31.475604,30.042775],[31.476353,30.042775],[31.47665,30.042772],[31.47754,30.042772],[31.477636,30.042772],[31.478039,30.042772],[31.478374,30.042772],[31.478512,30.042772],[31.478795,30.042771],[31.479026,30.042766],[31.47918,30.042766],[31.479569,30.042758],[31.479798,30.042756],[31.48008,30.04275]]},"properties":{"kind":"road","class":"tertiary","weight":1.4,"name":"\u0634\u0627\u0631\u0639 \u0639\u0632\u0627\u0644\u062f\u064a\u0646 \u0630\u0648 \u0627\u0644\u0641\u0642\u0627\u0631"}},{"type":"Feature","geometry":{"type":"LineString","coordinates":[[31.480903,30.038962],[31.481042,30.038969],[31.481181,30.038975],[31.48132,30.038978],[31.48198,30.038979],[31.483771,30.038988],[31.484601,30.038991],[31.484679,30.038981],[31.484785,30.038951],[31.484864,30.038904],[31.484928,30.038843]]},"properties":{"kind":"road","class":"tertiary","weight":1.4,"name":"\u0634\u0627\u0631\u0639 \u0627\u0628\u0631\u0627\u0647\u064a\u0645 \u0639\u062b\u0645\u0627\u0646"}},{"type":"Feature","geometry":{"type":"LineString","coordinates":[[31.482912,30.040122],[31.483025,30.040128],[31.483138,30.040121],[31.483249,30.040102],[31.483356,30.040071],[31.483459,30.040029]]},"properties":{"kind":"road","class":"residential","weight":1.0,"name":null}},{"type":"Feature","geometry":{"type":"LineString","coordinates":[[31.482781,30.040124],[31.482799,30.040112],[31.48282,30.040105],[31.482844,30.040101],[31.482869,30.040103],[31.482892,30.04011],[31.482912,30.040122],[31.48294,30.040156],[31.482945,30.040197],[31.482927,30.040236],[31.482891,30.040263],[31.482852,30.040271],[31.48282,30.040268],[31.482791,30.040256],[31.482768,30.040236],[31.482754,30.040211],[31.482749,30.040183],[31.482756,30.040156],[31.482766,30.040138],[31.482781,30.040124]]},"properties":{"kind":"road","class":"residential","weight":1.0,"name":null}},{"type":"Feature","geometry":{"type":"LineString","coordinates":[[31.482526,30.040836],[31.482498,30.040895],[31.482442,30.040937],[31.48237,30.04095],[31.482299,30.040933],[31.482245,30.040889],[31.482221,30.040829],[31.482232,30.040766],[31.482277,30.040715],[31.482343,30.040688],[31.482417,30.04069],[31.482465,30.040711],[31.482503,30.040746],[31.482524,30.040789],[31.482526,30.040836]]},"properties":{"kind":"road","class":"residential","weight":1.0,"name":null}},{"type":"Feature","geometry":{"type":"LineString","coordinates":[[31.484235,30.043583],[31.484278,30.043615],[31.484333,30.043629],[31.48439,30.043622],[31.484437,30.043594]]},"properties":{"kind":"road","class":"residential","weight":1.0,"name":null}},{"type":"Feature","geometry":{"type":"LineString","coordinates":[[31.483504,30.040018],[31.483548,30.04003],[31.483578,30.040059],[31.483587,30.040097],[31.48357,30.040134],[31.483538,30.040156],[31.483497,30.040163],[31.483458,30.040151],[31.48343,30.040125],[31.48342,30.04009],[31.483431,30.040056],[31.483459,30.040029],[31.483504,30.040018]]},"properties":{"kind":"road","class":"residential","weight":1.0,"name":null}},{"type":"Feature","geometry":{"type":"LineString","coordinates":[[31.484568,30.042329],[31.484537,30.042277],[31.484515,30.042222],[31.4845,30.042151],[31.484499,30.042079],[31.484513,30.042008],[31.484538,30.041945],[31.484574,30.041886]]},"properties":{"kind":"road","class":"residential","weight":1.0,"name":null}},{"type":"Feature","geometry":{"type":"LineString","coordinates":[[31.484247,30.043201],[31.484083,30.043004],[31.483997,30.042908],[31.483893,30.042825],[31.483775,30.042759],[31.483646,30.042711],[31.483503,30.04269],[31.483332,30.042672],[31.483293,30.042668],[31.483157,30.042641],[31.483027,30.042582],[31.482916,30.042498],[31.482831,30.042395],[31.482776,30.042277],[31.482756,30.042151],[31.482758,30.042125],[31.482765,30.04203],[31.482802,30.041914],[31.482866,30.041806],[31.482955,30.041713],[31.483078,30.041638],[31.483216,30.041585],[31.483303,30.041568],[31.483344,30.041559],[31.483513,30.041551],[31.48367,30.041517],[31.483814,30.041455],[31.483939,30.041367],[31.484048,30.041259],[31.484094,30.041203],[31.48414,30.041123],[31.484171,30.04104],[31.484192,30.040954],[31.484203,30.040867],[31.484204,30.04078],[31.484195,30.040693],[31.484175,30.040607],[31.484155,30.040544],[31.484097,30.040463],[31.484028,30.040388],[31.483951,30.04032],[31.483865,30.04026],[31.483773,30.040209],[31.483674,30.040167],[31.48357,30.040134]]},"properties":{"kind":"road","class":"residential","weight":1.0,"name":null}},{"type":"Feature","geometry":{"type":"LineString","coordinates":[[31.484262,30.043153],[31.484247,30.043201],[31.484235,30.043237],[31.484219,30.043323],[31.484214,30.04341],[31.484219,30.043497],[31.484235,30.043583],[31.484154,30.043697],[31.484086,30.043793],[31.484003,30.043881],[31.483907,30.043958],[31.483799,30.044023],[31.483683,30.044075],[31.483556,30.044114]]},"properties":{"kind":"road","class":"residential","weight":1.0,"name":null}},{"type":"Feature","geometry":{"type":"LineString","coordinates":[[31.483447,30.044072],[31.48348,30.04407],[31.483513,30.044078],[31.483538,30.044093],[31.483556,30.044114],[31.483567,30.044148],[31.483561,30.044182],[31.48354,30.044212],[31.483507,30.044231],[31.483471,30.044238],[31.483435,30.044232],[31.483404,30.044215],[31.48338,30.044184],[31.483373,30.044147],[31.483386,30.044111],[31.483416,30.044084],[31.483447,30.044072]]},"properties":{"kind":"road","class":"residential","weight":1.0,"name":null}},{"type":"Feature","geometry":{"type":"LineString","coordinates":[[31.484568,30.042329],[31.484582,30.042406],[31.484582,30.042483],[31.48457,30.04256],[31.484468,30.042863],[31.484407,30.043046],[31.484435,30.043135],[31.484454,30.043226],[31.484464,30.043319],[31.484464,30.043411],[31.484455,30.043503],[31.484437,30.043594],[31.484452,30.044007],[31.484465,30.044364],[31.484477,30.044717],[31.484455,30.0448],[31.48442,30.044873],[31.484364,30.044934],[31.484291,30.044981],[31.484206,30.045009],[31.484171,30.045013],[31.484115,30.045018],[31.484016,30.045016],[31.483922,30.044989],[31.483841,30.044939],[31.483781,30.044871],[31.483746,30.04479],[31.483734,30.04469],[31.483708,30.044593],[31.48367,30.044498],[31.483645,30.044456],[31.483618,30.044409],[31.483507,30.044231]]},"properties":{"kind":"road","class":"residential","weight":1.0,"name":null}},{"type":"Feature","geometry":{"type":"LineString","coordinates":[[31.483404,30.044215],[31.483334,30.044184],[31.483261,30.044157],[31.483186,30.044136],[31.483109,30.044122],[31.483031,30.044114],[31.482952,30.044113]]},"properties":{"kind":"road","class":"residential","weight":1.0,"name":null}},{"type":"Feature","geometry":{"type":"LineString","coordinates":[[31.482973,30.04396],[31.483052,30.044005],[31.483137,30.044041],[31.483228,30.044066],[31.483321,30.044081],[31.483416,30.044084]]},"properties":{"kind":"road","class":"residential","weight":1.0,"name":null}},{"type":"Feature","geometry":{"type":"LineString","coordinates":[[31.482631,30.043611],[31.482558,30.043586],[31.482482,30.043568],[31.482405,30.043554]]},"properties":{"kind":"road","class":"residential","weight":1.0,"name":null}},{"type":"Feature","geometry":{"type":"LineString","coordinates":[[31.482251,30.043359],[31.482301,30.043318],[31.482367,30.043301],[31.482434,30.043311],[31.482476,30.043335],[31.482506,30.043369],[31.482524,30.043426],[31.482509,30.043484],[31.482467,30.04353],[31.482405,30.043554],[31.482336,30.043552],[31.482276,30.043524],[31.482237,30.043474],[31.482228,30.043415],[31.482251,30.043359]]},"properties":{"kind":"road","class":"residential","weight":1.0,"name":null}},{"type":"Feature","geometry":{"type":"LineString","coordinates":[[31.482506,30.043369],[31.482568,30.04344],[31.482611,30.043521],[31.482631,30.043611]]},"properties":{"kind":"road","class":"residential","weight":1.0,"name":null}},{"type":"Feature","geometry":{"type":"LineString","coordinates":[[31.482893,30.043946],[31.482935,30.043946],[31.482973,30.04396],[31.483002,30.043987],[31.483016,30.044023],[31.48301,30.04406],[31.482988,30.044092],[31.482952,30.044113],[31.482905,30.044119],[31.482861,30.044106],[31.482828,30.044076],[31.482814,30.044037],[31.482822,30.043997],[31.482851,30.043964],[31.482893,30.043946]]},"properties":{"kind":"road","class":"residential","weight":1.0,"name":null}},{"type":"Feature","geometry":{"type":"LineString","coordinates":[[31.481741,30.043058],[31.481341,30.043059],[31.481305,30.043056],[31.481272,30.043044],[31.481247,30.043022],[31.481232,30.042993],[31.481229,30.042962],[31.481239,30.042932],[31.48126,30.042907],[31.481291,30.04289],[31.481326,30.042883],[31.481741,30.042875]]},"properties":{"kind":"road","class":"residential","weight":1.0,"name":null}},{"type":"Feature","geometry":{"type":"LineString","coordinates":[[31.481739,30.042215],[31.481316,30.042216],[31.481287,30.042209],[31.481261,30.042195],[31.481241,30.042175],[31.481229,30.042151],[31.481225,30.042125],[31.48123,30.042099],[31.481243,30.042075],[31.481264,30.042056],[31.48129,30.042043],[31.48132,30.042037],[31.481739,30.042031]]},"properties":{"kind":"road","class":"residential","weight":1.0,"name":null}},{"type":"Feature","geometry":{"type":"LineString","coordinates":[[31.481737,30.041443],[31.481323,30.041438],[31.481291,30.04143],[31.481264,30.041413],[31.481245,30.04139],[31.481236,30.041362],[31.481238,30.041333],[31.481252,30.041307],[31.481275,30.041286],[31.481305,30.041273],[31.481737,30.041277]]},"properties":{"kind":"road","class":"residential","weight":1.0,"name":null}},{"type":"Feature","geometry":{"type":"LineString","coordinates":[[31.481746,30.040655],[31.481736,30.041157],[31.481737,30.041277],[31.481737,30.041443],[31.481739,30.042031],[31.481739,30.042215],[31.481741,30.042875],[31.481741,30.043058],[31.481743,30.043607]]},"properties":{"kind":"road","class":"residential","weight":1.0,"name":null}},{"type":"Feature","geometry":{"type":"LineString","coordinates":[[31.480815,30.040399],[31.480885,30.040465],[31.480934,30.040493],[31.481002,30.040517],[31.481099,30.040542]]},"properties":{"kind":"road","class":"residential","weight":1.0,"name":null}},{"type":"Feature","geometry":{"type":"LineString","coordinates":[[31.481099,30.040542],[31.48105,30.040554],[31.480993,30.040571],[31.480938,30.040593],[31.480879,30.040624],[31.48082,30.040668]]},"properties":{"kind":"road","class":"residential","weight":1.0,"name":null}},{"type":"Feature","geometry":{"type":"LineString","coordinates":[[31.481649,30.040564],[31.481099,30.040542]]},"properties":{"kind":"road","class":"residential","weight":1.0,"name":null}},{"type":"Feature","geometry":{"type":"LineString","coordinates":[[31.48168,30.040523],[31.481704,30.040511],[31.481732,30.040507],[31.48176,30.040511],[31.481785,30.040523],[31.481804,30.040541],[31.481816,30.040564],[31.481818,30.040588],[31.481811,30.040612],[31.481796,30.040632],[31.481773,30.040647],[31.481746,30.040655],[31.481718,30.040655],[31.481691,30.040647],[31.481669,30.040632],[31.481654,30.040612],[31.481647,30.040588],[31.481649,30.040564],[31.48166,30.040541],[31.48168,30.040523]]},"properties":{"kind":"road","class":"residential","weight":1.0,"name":null}},{"type":"Feature","geometry":{"type":"LineString","coordinates":[[31.472472,30.039169],[31.472505,30.03918],[31.472608,30.03922],[31.472716,30.039244],[31.472827,30.039254],[31.47374,30.039252],[31.474635,30.039261]]},"properties":{"kind":"road","class":"residential","weight":1.0,"name":null}},{"type":"Feature","geometry":{"type":"LineString","coordinates":[[31.472294,30.039097],[31.472335,30.039095],[31.472376,30.039102],[31.472413,30.039116],[31.472446,30.039138],[31.472472,30.039169],[31.47249,30.039209],[31.472494,30.039253],[31.472483,30.039295],[31.472458,30.039333],[31.472421,30.039363],[31.472386,30.039379],[31.472347,30.039388],[31.472307,30.039388],[31.472268,30.03938],[31.47223,30.039364],[31.472198,30.03934],[31.472174,30.039309],[31.472159,30.039274],[31.472155,30.039237],[31.472161,30.039201],[31.472191,30.039151],[31.47222,30.039126],[31.472255,30.039108],[31.472294,30.039097]]},"properties":{"kind":"road","class":"residential","weight":1.0,"name":null}},{"type":"Feature","geometry":{"type":"LineString","coordinates":[[31.470987,30.039945],[31.471031,30.039964],[31.471067,30.039992],[31.471093,30.040027],[31.471108,30.040067],[31.47111,30.040109],[31.471098,30.040151],[31.471074,30.040189],[31.47104,30.040218],[31.470999,30.040239],[31.470953,30.040249],[31.470906,30.040249],[31.47086,30.040238],[31.470819,30.040218],[31.470788,30.040191],[31.470765,30.040159],[31.470751,30.040117],[31.470751,30.040073],[31.470764,30.040031],[31.470791,30.039993],[31.470829,30.039964],[31.470863,30.039948],[31.470901,30.039939],[31.47094,30.039938],[31.470987,30.039945]]},"properties":{"kind":"road","class":"residential","weight":1.0,"name":null}},{"type":"Feature","geometry":{"type":"LineString","coordinates":[[31.470705,30.042468],[31.470768,30.042389],[31.470815,30.042323],[31.470846,30.042249],[31.470857,30.042172],[31.470858,30.041715],[31.470861,30.040813],[31.470862,30.040388],[31.470842,30.040278],[31.470819,30.040218]]},"properties":{"kind":"road","class":"residential","weight":1.0,"name":null}},{"type":"Feature","geometry":{"type":"LineString","coordinates":[[31.468846,30.039743],[31.468913,30.039836],[31.469006,30.039907],[31.469117,30.039951],[31.469239,30.039966],[31.469747,30.039965],[31.470829,30.039964]]},"properties":{"kind":"road","class":"residential","weight":1.0,"name":null}},{"type":"Feature","geometry":{"type":"LineString","coordinates":[[31.472268,30.03938],[31.472178,30.039435],[31.472078,30.039495],[31.471697,30.03969],[31.471414,30.039835],[31.471325,30.039889],[31.471247,30.039957],[31.471176,30.040031],[31.47111,30.040109]]},"properties":{"kind":"road","class":"residential","weight":1.0,"name":null}},{"type":"Feature","geometry":{"type":"LineString","coordinates":[[31.474636,30.039365],[31.47374,30.039358],[31.472421,30.039363]]},"properties":{"kind":"road","class":"residential","weight":1.0,"name":null}},{"type":"Feature","geometry":{"type":"LineString","coordinates":[[31.470461,30.0319],[31.470503,30.031905],[31.470539,30.031923],[31.470566,30.031951],[31.47058,30.031985],[31.470578,30.032023],[31.470561,30.032057],[31.47053,30.032084],[31.47049,30.032098],[31.470446,30.032099],[31.470405,30.032086],[31.470373,30.032061],[31.470354,30.032027],[31.47035,30.031991],[31.470362,30.031955],[31.470388,30.031926],[31.470409,30.031912],[31.470435,30.031904],[31.470461,30.0319]]},"properties":{"kind":"road","class":"residential","weight":1.0,"name":null}},{"type":"Feature","geometry":{"type":"LineString","coordinates":[[31.471228,30.03657],[31.471141,30.036619],[31.471063,30.036686],[31.471005,30.036768],[31.47098,30.036847],[31.470964,30.036954]]},"properties":{"kind":"road","class":"residential","weight":1.0,"name":null}},{"type":"Feature","geometry":{"type":"LineString","coordinates":[[31.470971,30.039126],[31.470966,30.037307],[31.470964,30.036954]]},"properties":{"kind":"road","class":"residential","weight":1.0,"name":null}},{"type":"Feature","geometry":{"type":"LineString","coordinates":[[31.469743,30.040803],[31.470861,30.040813]]},"properties":{"kind":"road","class":"residential","weight":1.0,"name":null}},{"type":"Feature","geometry":{"type":"LineString","coordinates":[[31.470765,30.040159],[31.47069,30.040117],[31.47059,30.040084],[31.470484,30.040067],[31.469748,30.040072],[31.469223,30.040076],[31.469108,30.040092],[31.469002,30.040135],[31.468914,30.040202],[31.46885,30.040288]]},"properties":{"kind":"road","class":"residential","weight":1.0,"name":null}},{"type":"Feature","geometry":{"type":"LineString","coordinates":[[31.472191,30.039151],[31.47222,30.03908],[31.472245,30.038963],[31.472253,30.038845],[31.472254,30.037313],[31.472254,30.03687],[31.472248,30.036783],[31.472218,30.0367],[31.472164,30.036627],[31.47209,30.036568]]},"properties":{"kind":"road","class":"residential","weight":1.0,"name":null}},{"type":"Feature","geometry":{"type":"LineString","coordinates":[[31.472368,30.042115],[31.472393,30.042181],[31.472426,30.042245],[31.472466,30.042306],[31.472513,30.042362],[31.472566,30.042415],[31.472625,30.042462]]},"properties":{"kind":"road","class":"residential","weight":1.0,"name":null}},{"type":"Feature","geometry":{"type":"LineString","coordinates":[[31.472137,30.042462],[31.472197,30.042418],[31.47225,30.042366],[31.472294,30.042309],[31.472328,30.042248],[31.472353,30.042182],[31.472368,30.042115]]},"properties":{"kind":"road","class":"residential","weight":1.0,"name":null}},{"type":"Feature","geometry":{"type":"LineString","coordinates":[[31.472051,30.033456],[31.472077,30.033399],[31.472096,30.033341],[31.472106,30.033281],[31.472108,30.03322]]},"properties":{"kind":"road","class":"residential","weight":1.0,"name":null}},{"type":"Feature","geometry":{"type":"LineString","coordinates":[[31.472561,30.033584],[31.472478,30.033586],[31.472394,30.033592],[31.472311,30.0336],[31.472229,30.033611]]},"properties":{"kind":"road","class":"residential","weight":1.0,"name":null}},{"type":"Feature","geometry":{"type":"LineString","coordinates":[[31.472091,30.033433],[31.472139,30.033424],[31.472187,30.033433],[31.472228,30.033456],[31.472255,30.03349],[31.472266,30.033532],[31.472257,30.033575],[31.472229,30.033611],[31.472188,30.033635],[31.47214,30.033644],[31.47209,30.033635],[31.472048,30.03361],[31.472021,30.033572],[31.472013,30.033531],[31.472023,30.03349],[31.472051,30.033456],[31.472091,30.033433]]},"properties":{"kind":"road","class":"residential","weight":1.0,"name":null}},{"type":"Feature","geometry":{"type":"LineString","coordinates":[[31.473645,30.033577],[31.47381,30.033493],[31.473967,30.033396],[31.474112,30.033287],[31.474246,30.033167],[31.474367,30.033038],[31.474474,30.032899],[31.474615,30.032753]]},"properties":{"kind":"road","class":"residential","weight":1.0,"name":null}},{"type":"Feature","geometry":{"type":"LineString","coordinates":[[31.475007,30.031945],[31.475029,30.03321],[31.475033,30.034431],[31.475037,30.03523],[31.475016,30.036302],[31.475027,30.03715],[31.475032,30.037479],[31.475038,30.037957],[31.475039,30.039509],[31.475041,30.039701],[31.475042,30.041669],[31.475043,30.04251],[31.475044,30.04422],[31.475066,30.045903],[31.47507,30.045975],[31.475078,30.047691],[31.475067,30.047988],[31.475068,30.048136],[31.475071,30.048714],[31.475073,30.049087],[31.475082,30.050741],[31.475114,30.053783],[31.47511,30.05415],[31.475103,30.054497],[31.475097,30.054844],[31.475097,30.05519],[31.475098,30.055537],[31.475099,30.055867],[31.475126,30.056918],[31.475144,30.057626],[31.475148,30.058176],[31.475163,30.05877],[31.475167,30.059068],[31.475161,30.059997],[31.475072,30.063443],[31.475075,30.063635],[31.475076,30.064033],[31.475077,30.064132],[31.475079,30.06502],[31.475082,30.065406],[31.475092,30.065779],[31.475098,30.065928],[31.475104,30.066089],[31.47513,30.066278],[31.475148,30.066468],[31.47516,30.066658],[31.475164,30.066853],[31.475159,30.067049],[31.475145,30.067244],[31.475121,30.067438],[31.475089,30.067632],[31.474799,30.069369],[31.474777,30.069509],[31.474764,30.069649],[31.474758,30.069818],[31.474767,30.06995],[31.474774,30.06999],[31.474808,30.070175],[31.474882,30.07045]]},"properties":{"kind":"road","class":"primary","weight":2.4,"name":"\u0645\u062d\u0648\u0631 \u0645\u062d\u0645\u062f \u0646\u062c\u064a\u0628"}},{"type":"Feature","geometry":{"type":"LineString","coordinates":[[31.478081,30.041126],[31.477934,30.041117]]},"properties":{"kind":"road","class":"residential","weight":1.0,"name":null}},{"type":"Feature","geometry":{"type":"LineString","coordinates":[[31.475837,30.041373],[31.475834,30.041178],[31.47585,30.040522],[31.47585,30.040409],[31.475859,30.040364],[31.475879,30.040334],[31.475908,30.040315],[31.475941,30.040302],[31.476024,30.040295],[31.477962,30.040289],[31.478,30.040295],[31.478029,30.04031],[31.478047,30.040336],[31.478058,30.040366],[31.478084,30.040929],[31.478081,30.041126],[31.478067,30.0422],[31.478078,30.042586]]},"properties":{"kind":"road","class":"residential","weight":1.0,"name":null}},{"type":"Feature","geometry":{"type":"LineString","coordinates":[[31.475802,30.041376],[31.475837,30.041373],[31.475871,30.041381],[31.4759,30.041399],[31.47592,30.041424],[31.475929,30.041454],[31.475925,30.041485],[31.47591,30.041512],[31.475884,30.041533],[31.475852,30.041546],[31.475817,30.041548],[31.475783,30.04154],[31.475755,30.041522],[31.475735,30.041497],[31.475726,30.041467],[31.47573,30.041437],[31.475745,30.04141],[31.47577,30.041388],[31.475802,30.041376]]},"properties":{"kind":"road","class":"residential","weight":1.0,"name":null}},{"type":"Feature","geometry":{"type":"LineString","coordinates":[[31.475735,30.041497],[31.475403,30.0415],[31.475349,30.0415],[31.47531,30.0415],[31.475205,30.041499]]},"properties":{"kind":"road","class":"residential","weight":1.0,"name":null}},{"type":"Feature","geometry":{"type":"LineString","coordinates":[[31.475203,30.041342],[31.475303,30.041387],[31.475358,30.041407],[31.475396,30.041415],[31.47573,30.041437]]},"properties":{"kind":"road","class":"residential","weight":1.0,"name":null}},{"type":"Feature","geometry":{"type":"LineString","coordinates":[[31.48315,30.039773],[31.483217,30.039746],[31.483266,30.039698],[31.483287,30.039636],[31.483276,30.039568],[31.483232,30.039511],[31.483164,30.039476],[31.482837,30.039473],[31.482575,30.039471],[31.48252,30.039494],[31.482477,30.039531],[31.482449,30.039588],[31.482449,30.039651],[31.482478,30.039708],[31.482531,30.039751],[31.482599,30.039771],[31.482786,30.039778],[31.482821,30.039779],[31.48315,30.039773]]},"properties":{"kind":"road","class":"residential","weight":1.0,"name":null}},{"type":"Feature","geometry":{"type":"LineString","coordinates":[[31.480783,30.043705],[31.480753,30.043774],[31.480709,30.04381],[31.480658,30.043832],[31.480602,30.043846],[31.480547,30.04384],[31.480515,30.043801],[31.480513,30.043753],[31.480547,30.043718],[31.48061,30.043698],[31.480676,30.043701],[31.480783,30.043705]]},"properties":{"kind":"road","class":"residential","weight":1.0,"name":null}},{"type":"Feature","geometry":{"type":"LineString","coordinates":[[31.481606,30.044251],[31.481614,30.044309],[31.481605,30.044364],[31.481577,30.044418],[31.481516,30.044526],[31.481437,30.044625],[31.481341,30.044712],[31.481258,30.044743],[31.481167,30.044747],[31.481078,30.044728],[31.480999,30.044686],[31.480933,30.044627],[31.48089,30.044553],[31.480875,30.044472],[31.480889,30.04439],[31.48093,30.044316],[31.480997,30.04426],[31.481078,30.044221],[31.481167,30.0442],[31.48126,30.044194],[31.481365,30.044196],[31.48145,30.044198],[31.481531,30.044217],[31.481606,30.044251]]},"properties":{"kind":"road","class":"residential","weight":1.0,"name":null}},{"type":"Feature","geometry":{"type":"LineString","coordinates":[[31.482167,30.044764],[31.482115,30.044763],[31.482067,30.044746],[31.482027,30.044718],[31.481999,30.04468],[31.481988,30.044636],[31.481993,30.044591],[31.482014,30.04455],[31.482049,30.044518],[31.482094,30.044496],[31.482145,30.044488],[31.482452,30.044488],[31.483131,30.044489],[31.483179,30.044502],[31.48322,30.044528],[31.483249,30.044564],[31.483263,30.044606],[31.483261,30.04465],[31.483243,30.044691],[31.48321,30.044724],[31.483167,30.044747],[31.483118,30.044756],[31.482167,30.044764]]},"properties":{"kind":"road","class":"residential","weight":1.0,"name":null}},{"type":"Feature","geometry":{"type":"LineString","coordinates":[[31.482006,30.039913],[31.481998,30.039861],[31.481983,30.039811],[31.48197,30.039755],[31.481953,30.039701],[31.481929,30.039645],[31.481891,30.039594],[31.481841,30.039552],[31.481782,30.03952],[31.481719,30.039501],[31.481654,30.039493],[31.481588,30.039497],[31.481524,30.039513],[31.481466,30.03954],[31.481415,30.039576],[31.481374,30.039621],[31.481344,30.039672],[31.481327,30.039727],[31.481324,30.039783],[31.481334,30.039838],[31.481356,30.039891],[31.48139,30.039938],[31.481434,30.039979],[31.481486,30.040011],[31.481546,30.040033],[31.48161,30.040045],[31.481676,30.040045],[31.481741,30.040033],[31.481801,30.040011],[31.481855,30.039984],[31.481906,30.039961],[31.481957,30.039937],[31.482006,30.039913]]},"properties":{"kind":"road","class":"residential","weight":1.0,"name":null}},{"type":"Feature","geometry":{"type":"LineString","coordinates":[[31.482893,30.03886],[31.482149,30.038849],[31.482128,30.038845],[31.482109,30.038837],[31.482094,30.038824],[31.482083,30.038808],[31.482052,30.03876],[31.482032,30.03874],[31.482006,30.038725],[31.481974,30.038715]]},"properties":{"kind":"road","class":"residential","weight":1.0,"name":null}},{"type":"Feature","geometry":{"type":"LineString","coordinates":[[31.480541,30.037318],[31.480636,30.037318],[31.480843,30.037319],[31.481864,30.037324]]},"properties":{"kind":"road","class":"residential","weight":1.0,"name":null}},{"type":"Feature","geometry":{"type":"LineString","coordinates":[[31.486475,30.033177],[31.486473,30.033005],[31.486472,30.032871]]},"properties":{"kind":"road","class":"residential","weight":1.0,"name":null}},{"type":"Feature","geometry":{"type":"LineString","coordinates":[[31.487438,30.032959],[31.487362,30.032916],[31.487278,30.032887],[31.487237,30.032879],[31.48719,30.032871],[31.487099,30.032869],[31.486533,30.032871],[31.486472,30.032871],[31.485502,30.032874],[31.485422,30.032881],[31.485343,30.032895],[31.485266,30.032917],[31.485192,30.032945],[31.485122,30.032981]]},"properties":{"kind":"road","class":"tertiary","weight":1.4,"name":"\u0634\u0627\u0631\u0639 \u0633\u0627\u0645\u064a \u062c\u0628\u0631\u0647"}},{"type":"Feature","geometry":{"type":"LineString","coordinates":[[31.491667,30.036386],[31.491692,30.036368],[31.49171,30.036344],[31.491716,30.036316],[31.491744,30.036241],[31.491794,30.036179],[31.491819,30.036124],[31.491821,30.036065],[31.491815,30.035566],[31.491815,30.03554],[31.491808,30.03506],[31.4918,30.035004],[31.491771,30.034946],[31.491731,30.034898],[31.491679,30.03486],[31.491618,30.034833],[31.49156,30.034823],[31.491483,30.034818],[31.491418,30.034818],[31.491369,30.034818],[31.491032,30.03482],[31.491011,30.03482],[31.490923,30.03482],[31.490686,30.034821],[31.490476,30.034822],[31.490351,30.034823],[31.490149,30.034824],[31.490024,30.034824],[31.48993,30.034825],[31.489611,30.034826],[31.489439,30.034827],[31.489392,30.034835],[31.489349,30.034852],[31.489334,30.034863],[31.489311,30.034878],[31.489282,30.034908],[31.489261,30.034943],[31.489249,30.034981],[31.489247,30.035021],[31.48925,30.035107],[31.489252,30.035186],[31.489258,30.035398],[31.489267,30.035707],[31.48927,30.035797],[31.48928,30.03615],[31.489284,30.036365],[31.489279,30.036735],[31.489289,30.036807],[31.489314,30.036876],[31.489354,30.036939],[31.489431,30.037006],[31.489461,30.037022],[31.48957,30.037095],[31.489674,30.037153],[31.489881,30.037301],[31.489989,30.037392],[31.49006,30.037481],[31.490231,30.037698],[31.490295,30.037772],[31.49038,30.037844],[31.490442,30.037881],[31.490579,30.037936],[31.490744,30.037957],[31.490869,30.037963],[31.491458,30.037958],[31.491647,30.037957],[31.491716,30.037947],[31.491774,30.037915],[31.491815,30.037866],[31.49183,30.037807],[31.491827,30.037497],[31.491821,30.036895],[31.491809,30.036819],[31.491781,30.036746],[31.49174,30.036678],[31.491709,30.036642],[31.491694,30.036598],[31.491689,30.036568],[31.491668,30.036544],[31.491648,30.036533],[31.491615,30.036503],[31.491607,30.036477],[31.491603,30.036462],[31.491621,30.036415],[31.491667,30.036386]]},"properties":{"kind":"road","class":"residential","weight":1.0,"name":null}},{"type":"Feature","geometry":{"type":"LineString","coordinates":[[31.491607,30.036477],[31.491508,30.036486],[31.491431,30.036501],[31.491358,30.036525],[31.491289,30.036559],[31.491202,30.036615],[31.49104,30.036721],[31.490964,30.03679],[31.490919,30.036845]]},"properties":{"kind":"road","class":"residential","weight":1.0,"name":null}},{"type":"Feature","geometry":{"type":"LineString","coordinates":[[31.489321,30.037105],[31.489329,30.037199],[31.489342,30.037862],[31.489348,30.037912],[31.489365,30.037941],[31.489398,30.037962],[31.489452,30.037966],[31.490085,30.037948],[31.49013,30.037943],[31.490174,30.037933]]},"properties":{"kind":"road","class":"residential","weight":1.0,"name":null}},{"type":"Feature","geometry":{"type":"LineString","coordinates":[[31.489244,30.037101],[31.489321,30.037105],[31.489366,30.037089],[31.489397,30.037065],[31.489417,30.037037],[31.489431,30.037006]]},"properties":{"kind":"road","class":"residential","weight":1.0,"name":null}},{"type":"Feature","geometry":{"type":"LineString","coordinates":[[31.48957,30.037095],[31.489499,30.03713],[31.489438,30.037162],[31.489379,30.037186],[31.489329,30.037199],[31.489248,30.037203]]},"properties":{"kind":"road","class":"residential","weight":1.0,"name":null}},{"type":"Feature","geometry":{"type":"LineString","coordinates":[[31.491851,30.034488],[31.491684,30.034428],[31.491571,30.0344],[31.491456,30.034386],[31.48967,30.03439],[31.489565,30.034396],[31.489462,30.034412],[31.489361,30.034436],[31.489262,30.034469]]},"properties":{"kind":"road","class":"tertiary","weight":1.4,"name":"\u0634\u0627\u0631\u0639 \u0627\u0646\u0648\u0631 \u0648\u062c\u062f\u0649"}},{"type":"Feature","geometry":{"type":"LineString","coordinates":[[31.48879,30.038123],[31.488908,30.038065],[31.488946,30.038025],[31.48897,30.037977],[31.488988,30.037894],[31.488991,30.037788],[31.488992,30.037216],[31.488991,30.0371],[31.488986,30.036905],[31.488942,30.034788],[31.48894,30.034667],[31.488933,30.034585],[31.488922,30.034504]]},"properties":{"kind":"road","class":"tertiary","weight":1.4,"name":"\u0634\u0627\u0631\u0639 \u0627\u0628\u0631\u0627\u0647\u064a\u0645 \u0634\u0641\u064a\u0642"}},{"type":"Feature","geometry":{"type":"LineString","coordinates":[[31.48895,30.034273],[31.489,30.034246],[31.489057,30.034232],[31.489096,30.034232],[31.489134,30.034237],[31.489171,30.03425],[31.489219,30.03428],[31.489254,30.034321],[31.489274,30.034369],[31.489277,30.034419],[31.489262,30.034469],[31.489243,30.034498],[31.489218,30.034524],[31.489188,30.034545],[31.489134,30.034566],[31.489075,30.034573],[31.489017,30.034564],[31.488964,30.03454],[31.488922,30.034504],[31.488902,30.034475],[31.488889,30.034443],[31.488883,30.03441],[31.488889,30.034359],[31.488912,30.034312],[31.48895,30.034273]]},"properties":{"kind":"road","class":"tertiary","weight":1.4,"name":null}},{"type":"Feature","geometry":{"type":"LineString","coordinates":[[31.488282,30.033865],[31.488202,30.033875],[31.488125,30.033895],[31.488052,30.033925],[31.487985,30.033964],[31.487941,30.033998],[31.487925,30.034011],[31.48734,30.034608],[31.48727,30.034694],[31.48721,30.034785],[31.48716,30.034881],[31.48712,30.03498],[31.487091,30.035081],[31.487072,30.035185],[31.487064,30.03529],[31.487067,30.035654],[31.487067,30.035748],[31.48708,30.037694],[31.487081,30.037827],[31.487088,30.037909],[31.487111,30.037988],[31.487148,30.038063],[31.487199,30.03813]]},"properties":{"kind":"road","class":"tertiary","weight":1.4,"name":"\u0634\u0627\u0631\u0639 \u0645\u062d\u0645\u062f \u0627\u0628\u0648 \u0634\u0627\u062f\u0649"}},{"type":"Feature","geometry":{"type":"LineString","coordinates":[[31.48949,30.036264],[31.489567,30.036265],[31.489885,30.036264],[31.489967,30.036283],[31.490063,30.03633]]},"properties":{"kind":"road","class":"residential","weight":1.0,"name":null}},{"type":"Feature","geometry":{"type":"LineString","coordinates":[[31.48949,30.036264],[31.489414,30.036285],[31.489344,30.036319],[31.489284,30.036365]]},"properties":{"kind":"road","class":"residential","weight":1.0,"name":null}},{"type":"Feature","geometry":{"type":"LineString","coordinates":[[31.48928,30.03615],[31.489342,30.036198],[31.489413,30.036237],[31.48949,30.036264]]},"properties":{"kind":"road","class":"residential","weight":1.0,"name":null}},{"type":"Feature","geometry":{"type":"LineString","coordinates":[[31.490339,30.034998],[31.490351,30.035087],[31.490371,30.035168],[31.490375,30.035189],[31.490402,30.03525],[31.490442,30.035329],[31.490491,30.035404],[31.490548,30.035475],[31.490612,30.035541],[31.490642,30.035565],[31.490684,30.0356],[31.490737,30.035638],[31.490772,30.035659]]},"properties":{"kind":"road","class":"residential","weight":1.0,"name":null}},{"type":"Feature","geometry":{"type":"LineString","coordinates":[[31.490339,30.034998],[31.490302,30.034946],[31.490258,30.034899],[31.490207,30.034857],[31.490149,30.034824]]},"properties":{"kind":"road","class":"residential","weight":1.0,"name":null}},{"type":"Feature","geometry":{"type":"LineString","coordinates":[[31.490476,30.034822],[31.490433,30.034861],[31.490396,30.034904],[31.490364,30.03495],[31.490339,30.034998]]},"properties":{"kind":"road","class":"residential","weight":1.0,"name":null}},{"type":"Feature","geometry":{"type":"LineString","coordinates":[[31.489171,30.03425],[31.489295,30.034255],[31.489419,30.034259],[31.489543,30.03426],[31.489668,30.034258],[31.491529,30.034256],[31.491641,30.034253],[31.491753,30.034253],[31.491921,30.034254]]},"properties":{"kind":"road","class":"tertiary","weight":1.4,"name":"\u0634\u0627\u0631\u0639 \u0627\u0646\u0648\u0631 \u0648\u062c\u062f\u0649"}},{"type":"Feature","geometry":{"type":"LineString","coordinates":[[31.495359,30.032149],[31.495259,30.032111],[31.495155,30.032082],[31.495048,30.032063],[31.49494,30.032055],[31.493942,30.032055],[31.49272,30.032059],[31.492317,30.032061],[31.487966,30.032079],[31.487891,30.032088],[31.487818,30.032107],[31.487736,30.032153],[31.487647,30.032238],[31.487611,30.032283],[31.487571,30.03236],[31.487549,30.032443],[31.487545,30.032528],[31.487544,30.032704],[31.487567,30.032879],[31.487591,30.032977],[31.487627,30.033072],[31.487675,30.033164],[31.487742,30.033258],[31.487813,30.033338],[31.487903,30.033417],[31.488495,30.033859],[31.488851,30.034124],[31.488914,30.034169],[31.488983,30.034205],[31.489057,30.034232]]},"properties":{"kind":"road","class":"tertiary","weight":1.4,"name":"\u0634\u0627\u0631\u0639 \u0627\u0646\u0648\u0631 \u0648\u062c\u062f\u0649"}},{"type":"Feature","geometry":{"type":"LineString","coordinates":[[31.487067,30.035654],[31.487295,30.035651],[31.48748,30.035648]]},"properties":{"kind":"road","class":"residential","weight":1.0,"name":null}},{"type":"Feature","geometry":{"type":"LineString","coordinates":[[31.488986,30.036905],[31.489136,30.036908]]},"properties":{"kind":"road","class":"tertiary_link","weight":1.1,"name":null}},{"type":"Feature","geometry":{"type":"LineString","coordinates":[[31.487927,30.038312],[31.487927,30.038127]]},"properties":{"kind":"road","class":"tertiary_link","weight":1.1,"name":null}},{"type":"Feature","geometry":{"type":"LineString","coordinates":[[31.491961,30.034239],[31.492004,30.034232],[31.49207,30.034238],[31.492131,30.034264],[31.492178,30.034305],[31.492205,30.034357],[31.492211,30.034413],[31.492197,30.034468],[31.492168,30.034507],[31.492129,30.034539],[31.492081,30.03456],[31.492029,30.034569],[31.491976,30.034565],[31.491926,30.034549],[31.491883,30.034523],[31.491851,30.034488],[31.49183,30.034447],[31.491823,30.034402],[31.491829,30.034358],[31.491848,30.034317],[31.49188,30.034281],[31.491921,30.034254],[31.491961,30.034239]]},"properties":{"kind":"road","class":"tertiary","weight":1.4,"name":null}},{"type":"Feature","geometry":{"type":"LineString","coordinates":[[31.492197,30.034468],[31.492172,30.034568],[31.492156,30.034669],[31.492148,30.034771],[31.49215,30.034873],[31.492159,30.035274],[31.492164,30.03593],[31.492169,30.036741],[31.492174,30.037755],[31.492179,30.037821],[31.492193,30.037886],[31.492214,30.03795],[31.492244,30.038011],[31.492281,30.038069],[31.492325,30.038123]]},"properties":{"kind":"road","class":"tertiary","weight":1.4,"name":"\u0634\u0627\u0631\u0639 \u0645\u062d\u0645\u0648\u062f \u0635\u062f\u064a\u0642"}},{"type":"Feature","geometry":{"type":"LineString","coordinates":[[31.491843,30.038118],[31.4919,30.038072],[31.491949,30.038018],[31.491988,30.037959],[31.492016,30.037895],[31.492032,30.037828],[31.492036,30.03776],[31.492023,30.036523],[31.492022,30.036416],[31.492018,30.035933],[31.492016,30.034869],[31.492009,30.034782],[31.491989,30.034696],[31.491958,30.034613],[31.491926,30.034549]]},"properties":{"kind":"road","class":"tertiary","weight":1.4,"name":"\u0634\u0627\u0631\u0639 \u0645\u062d\u0645\u0648\u062f \u0635\u062f\u064a\u0642"}},{"type":"Feature","geometry":{"type":"LineString","coordinates":[[31.492739,30.033719],[31.492941,30.033754],[31.493144,30.033776],[31.493349,30.033785],[31.49483,30.033788],[31.494964,30.033785],[31.495098,30.033768],[31.495229,30.033739],[31.495356,30.033698]]},"properties":{"kind":"road","class":"tertiary","weight":1.4,"name":"\u0634\u0627\u0631\u0639 \u0627\u0646\u0648\u0631 \u0648\u062c\u062f\u0649"}},{"type":"Feature","geometry":{"type":"LineString","coordinates":[[31.49272,30.032059],[31.492667,30.032132],[31.49263,30.032211],[31.492612,30.032295],[31.492612,30.032381],[31.49263,30.033439],[31.49264,30.033528],[31.492666,30.033615],[31.492708,30.033697]]},"properties":{"kind":"road","class":"tertiary","weight":1.4,"name":null}},{"type":"Feature","geometry":{"type":"LineString","coordinates":[[31.492004,30.034232],[31.492067,30.034175],[31.492155,30.034105],[31.492248,30.034036],[31.492331,30.033959],[31.492405,30.033874],[31.492467,30.033783]]},"properties":{"kind":"road","class":"tertiary","weight":1.4,"name":"\u0634\u0627\u0631\u0639 \u0627\u0646\u0648\u0631 \u0648\u062c\u062f\u0649"}},{"type":"Feature","geometry":{"type":"LineString","coordinates":[[31.495279,30.029523],[31.4953,30.029476],[31.495331,30.029432],[31.495371,30.029394],[31.495418,30.029364],[31.495471,30.029342],[31.495528,30.029328],[31.495587,30.029324],[31.495645,30.02933],[31.495702,30.029345],[31.495754,30.029369],[31.4958,30.029401],[31.495838,30.02944],[31.495867,30.029485],[31.495886,30.029533]]},"properties":{"kind":"road","class":"primary_link","weight":1.6,"name":null}},{"type":"Feature","geometry":{"type":"LineString","coordinates":[[31.4813,30.038128],[31.481464,30.038125],[31.481485,30.038129],[31.481504,30.038138],[31.481518,30.038152],[31.481526,30.038169],[31.481524,30.038266]]},"properties":{"kind":"road","class":"residential","weight":1.0,"name":null}},{"type":"Feature","geometry":{"type":"LineString","coordinates":[[31.478797,30.036387],[31.478798,30.036562]]},"properties":{"kind":"road","class":"tertiary_link","weight":1.1,"name":null}},{"type":"Feature","geometry":{"type":"LineString","coordinates":[[31.484909,30.034959],[31.484941,30.03494],[31.484977,30.034926],[31.485016,30.034919],[31.485055,30.034918],[31.485094,30.034924],[31.485131,30.034936]]},"properties":{"kind":"road","class":"secondary_link","weight":1.3,"name":null}},{"type":"Feature","geometry":{"type":"LineString","coordinates":[[31.485637,30.033843],[31.485672,30.033897],[31.485722,30.033942],[31.485785,30.033972],[31.485855,30.033987],[31.485926,30.033984]]},"properties":{"kind":"road","class":"residential","weight":1.0,"name":null}},{"type":"Feature","geometry":{"type":"LineString","coordinates":[[31.486549,30.033368],[31.486482,30.033494],[31.486399,30.033614],[31.486301,30.033723],[31.486188,30.033822],[31.486063,30.03391],[31.485926,30.033984]]},"properties":{"kind":"road","class":"residential","weight":1.0,"name":null}},{"type":"Feature","geometry":{"type":"LineString","coordinates":[[31.486434,30.033196],[31.486475,30.033177],[31.486507,30.033173],[31.486538,30.033176],[31.486573,30.03319],[31.486601,30.033213],[31.486619,30.033242],[31.486625,30.033275],[31.486615,30.033314],[31.486588,30.033347],[31.486549,30.033368],[31.486504,30.033374],[31.486459,30.033365],[31.486422,30.033341],[31.486399,30.033307],[31.486392,30.033267],[31.486404,30.033228],[31.486434,30.033196]]},"properties":{"kind":"road","class":"residential","weight":1.0,"name":null}},{"type":"Feature","geometry":{"type":"LineString","coordinates":[[31.482893,30.043946],[31.482823,30.04388],[31.482751,30.043794],[31.482687,30.043704],[31.482631,30.043611]]},"properties":{"kind":"road","class":"residential","weight":1.0,"name":null}},{"type":"Feature","geometry":{"type":"LineString","coordinates":[[31.482417,30.04069],[31.482486,30.040668],[31.482549,30.040635],[31.482622,30.040574]]},"properties":{"kind":"road","class":"residential","weight":1.0,"name":null}},{"type":"Feature","geometry":{"type":"LineString","coordinates":[[31.482622,30.040574],[31.482633,30.040631],[31.482627,30.040689],[31.482607,30.040745],[31.482572,30.040795],[31.482526,30.040836]]},"properties":{"kind":"road","class":"residential","weight":1.0,"name":null}},{"type":"Feature","geometry":{"type":"LineString","coordinates":[[31.482852,30.040271],[31.482801,30.040356],[31.482742,30.040438],[31.482676,30.040517],[31.482622,30.040574]]},"properties":{"kind":"road","class":"residential","weight":1.0,"name":null}},{"type":"Feature","geometry":{"type":"LineString","coordinates":[[31.482192,30.040194],[31.482084,30.040254],[31.481971,30.040333],[31.481867,30.04042],[31.481785,30.040523]]},"properties":{"kind":"road","class":"residential","weight":1.0,"name":null}},{"type":"Feature","geometry":{"type":"LineString","coordinates":[[31.483458,30.040151],[31.483342,30.040159],[31.483226,30.040173],[31.483112,30.040196],[31.483,30.040226],[31.482891,30.040263]]},"properties":{"kind":"road","class":"residential","weight":1.0,"name":null}},{"type":"Feature","geometry":{"type":"LineString","coordinates":[[31.469002,30.03641],[31.469646,30.036419],[31.470518,30.036418],[31.471229,30.036418],[31.471767,30.036417],[31.471787,30.036417],[31.473118,30.036417],[31.473635,30.036417],[31.473805,30.03641],[31.473972,30.036382],[31.474063,30.036348]]},"properties":{"kind":"road","class":"tertiary","weight":1.4,"name":"\u0634\u0627\u0631\u0639 \u0627\u0644\u064a\u0627\u0633\u0645\u064a\u0646"}},{"type":"Feature","geometry":{"type":"LineString","coordinates":[[31.48498,30.048706],[31.485191,30.048704]]},"properties":{"kind":"road","class":"secondary_link","weight":1.3,"name":null}},{"type":"Feature","geometry":{"type":"LineString","coordinates":[[31.472255,30.03349],[31.472328,30.033522],[31.472403,30.033548],[31.472481,30.033569],[31.472561,30.033584]]},"properties":{"kind":"road","class":"residential","weight":1.0,"name":null}},{"type":"Feature","geometry":{"type":"LineString","coordinates":[[31.472108,30.03322],[31.472104,30.032823],[31.472089,30.031436],[31.472087,30.031275],[31.472079,30.030518],[31.472071,30.029833],[31.472092,30.029304]]},"properties":{"kind":"road","class":"residential","weight":1.0,"name":null}},{"type":"Feature","geometry":{"type":"LineString","coordinates":[[31.472108,30.03322],[31.47213,30.033282],[31.472157,30.033342],[31.47219,30.0334],[31.472228,30.033456]]},"properties":{"kind":"road","class":"residential","weight":1.0,"name":null}},{"type":"Feature","geometry":{"type":"LineString","coordinates":[[31.475044,30.04422],[31.475242,30.044213]]},"properties":{"kind":"road","class":"primary_link","weight":1.6,"name":null}},{"type":"Feature","geometry":{"type":"LineString","coordinates":[[31.476514,30.045352],[31.476506,30.045185]]},"properties":{"kind":"road","class":"secondary_link","weight":1.3,"name":null}},{"type":"Feature","geometry":{"type":"LineString","coordinates":[[31.484821,30.049679],[31.484866,30.049678],[31.484908,30.049664],[31.484944,30.04964],[31.484981,30.049607]]},"properties":{"kind":"road","class":"residential","weight":1.0,"name":null}},{"type":"Feature","geometry":{"type":"LineString","coordinates":[[31.483085,30.049883],[31.483559,30.04947],[31.48359,30.049443],[31.483871,30.049198],[31.483902,30.049182],[31.483936,30.04917],[31.483972,30.049163],[31.484009,30.049162],[31.484451,30.049171]]},"properties":{"kind":"road","class":"residential","weight":1.0,"name":null}},{"type":"Feature","geometry":{"type":"LineString","coordinates":[[31.484459,30.049767],[31.484458,30.049678],[31.484455,30.049523],[31.484451,30.049171],[31.484448,30.048938],[31.48444,30.048901],[31.484422,30.048868],[31.484395,30.048838],[31.48436,30.048816],[31.484321,30.048801],[31.484278,30.048795],[31.483831,30.048796],[31.483252,30.048797],[31.483204,30.048806],[31.48316,30.048825],[31.483122,30.048851],[31.483092,30.048885],[31.483071,30.048924],[31.483062,30.048966],[31.483085,30.049883]]},"properties":{"kind":"road","class":"residential","weight":1.0,"name":null}},{"type":"Feature","geometry":{"type":"LineString","coordinates":[[31.484058,30.036543],[31.484066,30.036358]]},"properties":{"kind":"road","class":"tertiary_link","weight":1.1,"name":null}},{"type":"Feature","geometry":{"type":"LineString","coordinates":[[31.478533,30.038653],[31.478447,30.038738],[31.478421,30.038775],[31.478401,30.038815],[31.478386,30.038857],[31.478377,30.038909],[31.478376,30.038961],[31.478351,30.040613],[31.478368,30.040744],[31.478412,30.040853],[31.478479,30.040986],[31.478542,30.041088],[31.478739,30.041268],[31.478948,30.041472],[31.479018,30.041577],[31.479077,30.041708],[31.479102,30.041866],[31.479118,30.042474],[31.479128,30.042544],[31.479136,30.042595],[31.47918,30.042766]]},"properties":{"kind":"road","class":"tertiary","weight":1.4,"name":"\u0634\u0627\u0631\u0639 \u0627\u0644\u0645\u0633\u062a\u0634\u0627\u0631 \u0645\u062d\u0645\u062f \u0643\u0627\u0645\u0644 \u0645\u0631\u0633\u0649"}},{"type":"Feature","geometry":{"type":"LineString","coordinates":[[31.478041,30.04291],[31.478039,30.042772]]},"properties":{"kind":"road","class":"tertiary_link","weight":1.1,"name":null}},{"type":"Feature","geometry":{"type":"LineString","coordinates":[[31.476655,30.04291],[31.47665,30.042772]]},"properties":{"kind":"road","class":"tertiary_link","weight":1.1,"name":null}},{"type":"Feature","geometry":{"type":"LineString","coordinates":[[31.476353,30.042775],[31.476357,30.042908]]},"properties":{"kind":"road","class":"tertiary_link","weight":1.1,"name":null}},{"type":"Feature","geometry":{"type":"LineString","coordinates":[[31.474788,30.048373],[31.474821,30.048362],[31.474856,30.048359],[31.474891,30.048364],[31.474923,30.048376],[31.474947,30.048392],[31.474965,30.048411],[31.474979,30.048434],[31.474986,30.048458],[31.475002,30.048857],[31.475004,30.048897],[31.475011,30.048937],[31.475025,30.048989],[31.475046,30.049039],[31.475073,30.049087]]},"properties":{"kind":"road","class":"primary_link","weight":1.6,"name":null}},{"type":"Feature","geometry":{"type":"LineString","coordinates":[[31.475068,30.048136],[31.475046,30.048149],[31.47502,30.048158],[31.474993,30.04816],[31.474966,30.048157],[31.474938,30.048146],[31.474915,30.048128],[31.474898,30.048106],[31.474893,30.048084],[31.474889,30.048041],[31.474884,30.048002],[31.474867,30.047947],[31.474841,30.047896],[31.474806,30.047849]]},"properties":{"kind":"road","class":"primary_link","weight":1.6,"name":null}},{"type":"Feature","geometry":{"type":"LineString","coordinates":[[31.474309,30.042184],[31.474341,30.042151],[31.474518,30.041982],[31.474568,30.041903],[31.474606,30.041828],[31.474628,30.041762],[31.474653,30.041651],[31.474661,30.041552],[31.474649,30.040594],[31.474648,30.040461],[31.474637,30.039538],[31.474636,30.039365],[31.474635,30.039261],[31.474634,30.039068],[31.474632,30.037786],[31.474626,30.037518],[31.474615,30.037381],[31.474588,30.037238],[31.474506,30.036997],[31.474452,30.036922],[31.474397,30.03675],[31.474371,30.036656],[31.474354,30.036561],[31.474346,30.036464],[31.474347,30.036368],[31.474358,30.036271],[31.474402,30.036182]]},"properties":{"kind":"road","class":"tertiary","weight":1.4,"name":"\u0645\u062d\u0648\u0631 \u0645\u062d\u0645\u062f \u0646\u062c\u064a\u0628 \u0627\u0644\u062c\u0627\u0646\u0628\u0649"}},{"type":"Feature","geometry":{"type":"LineString","coordinates":[[31.470869,30.031668],[31.470884,30.031589],[31.470879,30.031508],[31.470854,30.031431],[31.470809,30.03136],[31.470747,30.0313],[31.470672,30.031253]]},"properties":{"kind":"road","class":"residential","weight":1.0,"name":null}},{"type":"Feature","geometry":{"type":"LineString","coordinates":[[31.47214,30.033644],[31.47206,30.033673],[31.471981,30.033706],[31.471906,30.033743]]},"properties":{"kind":"road","class":"residential","weight":1.0,"name":null}},{"type":"Feature","geometry":{"type":"LineString","coordinates":[[31.47179,30.033841],[31.471801,30.033942],[31.471809,30.034064],[31.471826,30.034125],[31.471861,30.034179],[31.471934,30.03428]]},"properties":{"kind":"road","class":"residential","weight":1.0,"name":null}},{"type":"Feature","geometry":{"type":"LineString","coordinates":[[31.484574,30.041886],[31.484621,30.041946],[31.484652,30.042012],[31.484666,30.042081],[31.484663,30.042151],[31.484645,30.042223],[31.484612,30.042277],[31.484568,30.042329]]},"properties":{"kind":"road","class":"residential","weight":1.0,"name":null}},{"type":"Feature","geometry":{"type":"LineString","coordinates":[[31.482179,30.040178],[31.482172,30.040159],[31.482172,30.040138],[31.482179,30.040119],[31.482193,30.040103],[31.482211,30.04009],[31.482233,30.040083],[31.482256,30.040082],[31.482279,30.040088],[31.482299,30.040098],[31.482314,30.040114],[31.482323,30.040133],[31.482325,30.040153],[31.482318,30.040178],[31.4823,30.040198],[31.482274,30.040212],[31.482245,30.040216],[31.482216,30.040209],[31.482192,30.040194],[31.482179,30.040178]]},"properties":{"kind":"road","class":"residential","weight":1.0,"name":null}},{"type":"Feature","geometry":{"type":"LineString","coordinates":[[31.482756,30.040156],[31.482325,30.040153]]},"properties":{"kind":"road","class":"residential","weight":1.0,"name":null}},{"type":"Feature","geometry":{"type":"LineString","coordinates":[[31.48282,30.040105],[31.482821,30.039779]]},"properties":{"kind":"road","class":"residential","weight":1.0,"name":null}},{"type":"Feature","geometry":{"type":"LineString","coordinates":[[31.487722,30.049506],[31.487667,30.04946],[31.487601,30.049428],[31.487528,30.049412],[31.485541,30.049409],[31.485431,30.049417],[31.485326,30.049438],[31.485292,30.049447],[31.485194,30.049471]]},"properties":{"kind":"road","class":"residential","weight":1.0,"name":"\u0634\u0627\u0631\u0639 \u0627\u0644\u0634\u0647\u064a\u062f \u0645\u062d\u0645\u062f \u0641\u0637\u064a\u0646"}},{"type":"Feature","geometry":{"type":"LineString","coordinates":[[31.480785,30.048334],[31.480818,30.048305],[31.480857,30.048283],[31.4809,30.048269],[31.480953,30.048261],[31.481027,30.048264],[31.481102,30.048278],[31.48118,30.048286],[31.481273,30.048291],[31.484634,30.048272],[31.484713,30.048267],[31.484789,30.04825],[31.48486,30.04822],[31.484924,30.04818],[31.484978,30.04813]]},"properties":{"kind":"road","class":"tertiary","weight":1.4,"name":null}},{"type":"Feature","geometry":{"type":"LineString","coordinates":[[31.479039,30.047951],[31.479034,30.047843]]},"properties":{"kind":"road","class":"tertiary_link","weight":1.1,"name":null}},{"type":"Feature","geometry":{"type":"LineString","coordinates":[[31.479276,30.047841],[31.479335,30.047783],[31.479381,30.047716],[31.479414,30.047644],[31.479433,30.047569],[31.479442,30.045613],[31.47942,30.045529],[31.479374,30.045456],[31.479306,30.045397],[31.479222,30.045356]]},"properties":{"kind":"road","class":"tertiary","weight":1.4,"name":"\u0634\u0627\u0631\u0639 \u0645\u062d\u0645\u062f \u0645\u0647\u062f\u0649 \u0639\u0644\u0627"}},{"type":"Feature","geometry":{"type":"LineString","coordinates":[[31.492745,30.038306],[31.492695,30.038366],[31.492667,30.038437],[31.492663,30.038511],[31.492667,30.040236],[31.492668,30.040569],[31.492663,30.041583],[31.492667,30.042087],[31.492685,30.042199],[31.492745,30.042283]]},"properties":{"kind":"road","class":"residential","weight":1.0,"name":"\u0634\u0627\u0631\u0639 \u0627\u0628\u0631\u0627\u0647\u064a\u0645 \u0641\u0648\u0632\u064a"}},{"type":"Feature","geometry":{"type":"LineString","coordinates":[[31.492638,30.042586],[31.492479,30.042672],[31.492277,30.042781],[31.492166,30.042846],[31.492048,30.042901],[31.491924,30.042947],[31.491797,30.042984],[31.491666,30.04301],[31.489979,30.043026],[31.489779,30.043028]]},"properties":{"kind":"road","class":"residential","weight":1.0,"name":"\u0634\u0627\u0631\u0639 \u0627\u0644\u062d\u0627\u0631\u062b \u0628\u0646 \u0627\u0646\u0633"}},{"type":"Feature","geometry":{"type":"LineString","coordinates":[[31.492704,30.042594],[31.492638,30.042586],[31.492589,30.042563],[31.492551,30.04253],[31.492525,30.042487],[31.492517,30.042415],[31.492547,30.042347],[31.492601,30.042303],[31.49267,30.04228],[31.492745,30.042283],[31.492799,30.042304],[31.492843,30.04234],[31.492871,30.042385],[31.492881,30.042429],[31.492876,30.042474],[31.492856,30.042516],[31.492824,30.042551],[31.492769,30.042582],[31.492704,30.042594]]},"properties":{"kind":"road","class":"residential","weight":1.0,"name":null}},{"type":"Feature","geometry":{"type":"LineString","coordinates":[[31.489308,30.045794],[31.489415,30.045673],[31.489461,30.045579],[31.489473,30.045489],[31.489475,30.04546],[31.48948,30.045399],[31.489473,30.043471],[31.489472,30.043297],[31.489462,30.043211],[31.489451,30.043093]]},"properties":{"kind":"road","class":"residential","weight":1.0,"name":"\u0634\u0627\u0631\u0639 \u0639\u0645\u0631 \u0641\u0631\u0648\u062e"}},{"type":"Feature","geometry":{"type":"LineString","coordinates":[[31.489601,30.043157],[31.489544,30.04315],[31.489492,30.043128],[31.489451,30.043093],[31.489424,30.043049],[31.489415,30.043],[31.489423,30.042951],[31.489449,30.042906],[31.489489,30.042871],[31.489539,30.042848],[31.489596,30.042839],[31.489645,30.042845],[31.489691,30.042861],[31.489731,30.042888],[31.489757,30.042918],[31.489774,30.042953],[31.489782,30.04299],[31.489779,30.043028],[31.489765,30.043065],[31.489741,30.043098],[31.489709,30.043125],[31.489658,30.043148],[31.489601,30.043157]]},"properties":{"kind":"road","class":"residential","weight":1.0,"name":null}},{"type":"Feature","geometry":{"type":"LineString","coordinates":[[31.487161,30.041626],[31.487113,30.041578],[31.487052,30.041542],[31.486982,30.04152],[31.486908,30.041514],[31.485579,30.041509],[31.485542,30.041512],[31.485464,30.041519],[31.485353,30.041545],[31.485248,30.041586],[31.485175,30.04164]]},"properties":{"kind":"road","class":"residential","weight":1.0,"name":"\u0634\u0627\u0631\u0639 \u0627\u0644\u0634\u0647\u064a\u062f \u0639\u0644\u064a \u0627\u0644\u0633\u064a\u062f"}},{"type":"Feature","geometry":{"type":"LineString","coordinates":[[31.485176,30.041228],[31.485248,30.041296],[31.485356,30.041343],[31.485473,30.04137],[31.485548,30.041373],[31.485595,30.041374],[31.486931,30.041366],[31.487036,30.041358],[31.487128,30.041313],[31.487188,30.041243]]},"properties":{"kind":"road","class":"residential","weight":1.0,"name":"\u0634\u0627\u0631\u0639 \u0627\u0644\u0634\u0647\u064a\u062f \u0639\u0644\u064a \u0627\u0644\u0633\u064a\u062f"}},{"type":"Feature","geometry":{"type":"LineString","coordinates":[[31.486768,30.043809],[31.48618,30.043804],[31.48599,30.043802],[31.485931,30.0438],[31.485875,30.043786],[31.485823,30.043762],[31.485779,30.043728],[31.485745,30.043686],[31.485725,30.043582],[31.485709,30.0435]]},"properties":{"kind":"road","class":"residential","weight":1.0,"name":null}},{"type":"Feature","geometry":{"type":"LineString","coordinates":[[31.485709,30.0435],[31.485714,30.043423],[31.485751,30.043352],[31.485814,30.043297],[31.485896,30.043266],[31.485985,30.043261],[31.486241,30.04332],[31.486327,30.043346],[31.486739,30.043515],[31.486768,30.043544],[31.486788,30.043593],[31.486784,30.043639],[31.486779,30.043716],[31.486768,30.043809]]},"properties":{"kind":"road","class":"residential","weight":1.0,"name":null}},{"type":"Feature","geometry":{"type":"LineString","coordinates":[[31.486241,30.04332],[31.4864,30.042968]]},"properties":{"kind":"road","class":"residential","weight":1.0,"name":null}},{"type":"Feature","geometry":{"type":"LineString","coordinates":[[31.486484,30.042996],[31.486327,30.043346]]},"properties":{"kind":"road","class":"residential","weight":1.0,"name":null}},{"type":"Feature","geometry":{"type":"LineString","coordinates":[[31.48738,30.045255],[31.487374,30.045116],[31.48737,30.045073],[31.487361,30.045028],[31.487346,30.044982],[31.487291,30.044809],[31.487285,30.044789],[31.487258,30.044743],[31.487215,30.044704],[31.487059,30.044577],[31.486845,30.044401],[31.48679,30.044352],[31.486776,30.044332],[31.486759,30.044309],[31.486732,30.044243],[31.486768,30.043809]]},"properties":{"kind":"road","class":"residential","weight":1.0,"name":null}},{"type":"Feature","geometry":{"type":"LineString","coordinates":[[31.488214,30.045252],[31.488129,30.045252],[31.48738,30.045255],[31.487181,30.045261],[31.487043,30.045264],[31.486586,30.045277],[31.486221,30.045287],[31.486131,30.045273],[31.486052,30.045245],[31.485981,30.045204],[31.485972,30.045197],[31.48591,30.045149],[31.485892,30.045127],[31.485856,30.045082],[31.485823,30.045002],[31.48582,30.04478],[31.485816,30.044541],[31.485815,30.044449],[31.485815,30.044423],[31.485821,30.044364],[31.485854,30.044308],[31.485907,30.044276],[31.485962,30.044263],[31.486259,30.044255],[31.486732,30.044243]]},"properties":{"kind":"road","class":"residential","weight":1.0,"name":null}},{"type":"Feature","geometry":{"type":"LineString","coordinates":[[31.487711,30.045703],[31.487732,30.045702],[31.48781,30.045697],[31.488048,30.045682],[31.488081,30.04567],[31.488109,30.045645],[31.488127,30.045611],[31.488139,30.045566],[31.488133,30.045383],[31.488129,30.045252],[31.488119,30.044918],[31.488108,30.044584],[31.488091,30.044489]]},"properties":{"kind":"road","class":"residential","weight":1.0,"name":null}},{"type":"Feature","geometry":{"type":"LineString","coordinates":[[31.488383,30.042964],[31.488469,30.042967],[31.488553,30.04298],[31.488635,30.043004],[31.488711,30.043038],[31.488747,30.043061],[31.488781,30.043082],[31.488843,30.043133],[31.488895,30.043192],[31.488937,30.043257],[31.488964,30.043327],[31.488985,30.043469],[31.488984,30.043613],[31.488962,30.043755],[31.488918,30.043893],[31.488854,30.044026],[31.488771,30.04415],[31.488647,30.044275],[31.488508,30.044386],[31.488425,30.044439],[31.488356,30.044483],[31.488191,30.044565]]},"properties":{"kind":"road","class":"residential","weight":1.0,"name":null}},{"type":"Feature","geometry":{"type":"LineString","coordinates":[[31.487572,30.043572],[31.487518,30.043682],[31.487478,30.043809],[31.48746,30.043938],[31.487463,30.044069],[31.487486,30.044199],[31.487544,30.044295],[31.487626,30.044377],[31.487727,30.04444],[31.487843,30.044481],[31.487966,30.044498],[31.488091,30.044489],[31.488178,30.044466]]},"properties":{"kind":"road","class":"residential","weight":1.0,"name":null}},{"type":"Feature","geometry":{"type":"LineString","coordinates":[[31.488178,30.044466],[31.488191,30.044565],[31.488198,30.044791],[31.488205,30.045001],[31.488214,30.045252],[31.488225,30.045572],[31.488236,30.045608],[31.488262,30.045642],[31.48831,30.045676],[31.488365,30.045698],[31.488429,30.045706],[31.488776,30.045705]]},"properties":{"kind":"road","class":"residential","weight":1.0,"name":null}},{"type":"Feature","geometry":{"type":"LineString","coordinates":[[31.487572,30.043572],[31.487479,30.043518],[31.487026,30.043249],[31.486594,30.043044],[31.486484,30.042996],[31.4864,30.042968],[31.486218,30.042912],[31.486033,30.042866],[31.485845,30.042828],[31.485785,30.042819],[31.485655,30.0428],[31.485463,30.04278],[31.485399,30.042786],[31.485343,30.042814],[31.485304,30.042859],[31.485289,30.042913],[31.485289,30.043134],[31.485289,30.043234],[31.48526,30.043316],[31.485238,30.043349],[31.485211,30.043391],[31.485166,30.043458]]},"properties":{"kind":"road","class":"residential","weight":1.0,"name":null}},{"type":"Feature","geometry":{"type":"LineString","coordinates":[[31.488178,30.044466],[31.488349,30.044385],[31.488502,30.044282],[31.488633,30.044158],[31.488739,30.044018],[31.488818,30.043864],[31.488866,30.043702],[31.488883,30.043534],[31.488868,30.043367],[31.488833,30.043284],[31.488776,30.04321],[31.488703,30.043147],[31.488617,30.043099],[31.48852,30.043067],[31.488419,30.043054],[31.48831,30.04306]]},"properties":{"kind":"road","class":"residential","weight":1.0,"name":null}},{"type":"Feature","geometry":{"type":"LineString","coordinates":[[31.485175,30.042031],[31.48521,30.042115],[31.48526,30.042207],[31.485292,30.042305],[31.485307,30.042592],[31.485326,30.042629],[31.485359,30.042659],[31.4854,30.042679],[31.485447,30.042686],[31.485593,30.042703],[31.485739,30.04272],[31.485885,30.042739],[31.486051,30.042767],[31.486268,30.042815],[31.48646,30.04288],[31.486737,30.042988],[31.487174,30.043204],[31.487546,30.043428],[31.487634,30.043481]]},"properties":{"kind":"road","class":"residential","weight":1.0,"name":null}},{"type":"Feature","geometry":{"type":"LineString","coordinates":[[31.490161,30.045794],[31.490163,30.045969]]},"properties":{"kind":"road","class":"secondary_link","weight":1.3,"name":null}},{"type":"Feature","geometry":{"type":"LineString","coordinates":[[31.486072,30.042667],[31.486394,30.042764],[31.486638,30.042846],[31.486684,30.042862],[31.486949,30.042982],[31.48723,30.043116]]},"properties":{"kind":"road","class":"residential","weight":1.0,"name":null}},{"type":"Feature","geometry":{"type":"LineString","coordinates":[[31.48616,30.042352],[31.486295,30.042343],[31.486371,30.042346],[31.486434,30.042361],[31.486705,30.042497],[31.486804,30.042546],[31.487302,30.042795],[31.48733,30.042833],[31.487342,30.042883],[31.487333,30.042949],[31.48723,30.043116],[31.487174,30.043204]]},"properties":{"kind":"road","class":"residential","weight":1.0,"name":null}},{"type":"Feature","geometry":{"type":"LineString","coordinates":[[31.486033,30.042866],[31.486051,30.042767],[31.486072,30.042667],[31.48616,30.042352],[31.486165,30.042198],[31.48617,30.042034],[31.486173,30.042024],[31.486178,30.042016],[31.486186,30.042009],[31.486196,30.042005],[31.486446,30.042011],[31.486692,30.042017],[31.486702,30.042019],[31.486711,30.042024],[31.486717,30.042031],[31.486721,30.04204],[31.486715,30.042211],[31.486705,30.042497]]},"properties":{"kind":"road","class":"residential","weight":1.0,"name":null}},{"type":"Feature","geometry":{"type":"LineString","coordinates":[[31.481444,30.046676],[31.481433,30.046371],[31.481413,30.045839]]},"properties":{"kind":"road","class":"residential","weight":1.0,"name":null}},{"type":"Feature","geometry":{"type":"LineString","coordinates":[[31.482733,30.045514],[31.482686,30.045521],[31.482646,30.045542],[31.482616,30.045574],[31.482604,30.045604],[31.482601,30.045651],[31.4826,30.045893],[31.482607,30.046057],[31.482626,30.046166],[31.482656,30.046274],[31.482699,30.046378],[31.482752,30.046478],[31.482816,30.046573],[31.48289,30.046663],[31.482964,30.046736],[31.483067,30.046822],[31.483167,30.046889],[31.483275,30.046949],[31.483389,30.046997],[31.483502,30.047036],[31.483619,30.047066],[31.483713,30.047081],[31.483855,30.047093],[31.484186,30.047091],[31.484297,30.04709],[31.484369,30.047092],[31.484439,30.047106],[31.484498,30.04714]]},"properties":{"kind":"road","class":"residential","weight":1.0,"name":null}},{"type":"Feature","geometry":{"type":"LineString","coordinates":[[31.482512,30.045979],[31.482464,30.045929],[31.482406,30.045888],[31.48234,30.045856],[31.482269,30.045833]]},"properties":{"kind":"road","class":"residential","weight":1.0,"name":null}},{"type":"Feature","geometry":{"type":"LineString","coordinates":[[31.485623,30.037138],[31.485592,30.037159],[31.485555,30.037172],[31.485488,30.037172],[31.485368,30.037167]]},"properties":{"kind":"road","class":"residential","weight":1.0,"name":null}},{"type":"Feature","geometry":{"type":"LineString","coordinates":[[31.485812,30.037434],[31.485801,30.037139],[31.485793,30.036782],[31.485809,30.036727],[31.485844,30.036678],[31.485873,30.036656],[31.485893,30.036641],[31.485954,30.036617],[31.486288,30.036619],[31.486335,30.036643],[31.48637,30.036675],[31.486395,30.036713],[31.486409,30.036754],[31.486421,30.037591],[31.485993,30.037593],[31.485923,30.037581],[31.485863,30.037547],[31.485824,30.037495],[31.485812,30.037434]]},"properties":{"kind":"road","class":"residential","weight":1.0,"name":null}},{"type":"Feature","geometry":{"type":"LineString","coordinates":[[31.485132,30.035448],[31.485179,30.035478],[31.485215,30.035519],[31.485236,30.035567],[31.485237,30.035733],[31.485238,30.035847],[31.48524,30.036032],[31.485216,30.03607],[31.48518,30.0361],[31.485135,30.03612]]},"properties":{"kind":"road","class":"residential","weight":1.0,"name":null}},{"type":"Feature","geometry":{"type":"LineString","coordinates":[[31.485237,30.035733],[31.485357,30.035735],[31.485433,30.035734]]},"properties":{"kind":"road","class":"residential","weight":1.0,"name":null}},{"type":"Feature","geometry":{"type":"LineString","coordinates":[[31.485439,30.035844],[31.485359,30.035846],[31.485238,30.035847]]},"properties":{"kind":"road","class":"residential","weight":1.0,"name":null}},{"type":"Feature","geometry":{"type":"LineString","coordinates":[[31.486457,30.035835],[31.486449,30.035853],[31.486439,30.035871],[31.486406,30.035904],[31.486362,30.035926],[31.486313,30.035935],[31.486262,30.035929],[31.486223,30.035921],[31.48618,30.035908],[31.486154,30.035903],[31.486126,30.035901],[31.485576,30.035901],[31.485542,30.035901],[31.485505,30.035891],[31.485473,30.035873],[31.485439,30.035844],[31.485433,30.035734],[31.485461,30.035705],[31.485492,30.035683],[31.48553,30.035674],[31.485568,30.035674],[31.485811,30.035675],[31.486114,30.035674],[31.486145,30.035669],[31.486183,30.035661],[31.486244,30.03565],[31.486285,30.035646],[31.486321,30.03565],[31.486349,30.035657],[31.486385,30.035672],[31.486415,30.035692],[31.486432,30.035712],[31.486452,30.035749],[31.48646,30.035796],[31.486457,30.035835]]},"properties":{"kind":"road","class":"residential","weight":1.0,"name":null}},{"type":"Feature","geometry":{"type":"LineString","coordinates":[[31.489139,30.039084],[31.489145,30.040328],[31.489139,30.040644],[31.489138,30.040673]]},"properties":{"kind":"road","class":"residential","weight":1.0,"name":null}},{"type":"Feature","geometry":{"type":"LineString","coordinates":[[31.486776,30.040335],[31.486776,30.03909]]},"properties":{"kind":"road","class":"residential","weight":1.0,"name":null}},{"type":"Feature","geometry":{"type":"LineString","coordinates":[[31.486069,30.040339],[31.486079,30.039269],[31.486103,30.039215],[31.486142,30.039168],[31.486193,30.03913],[31.486253,30.039105],[31.486319,30.039092],[31.486373,30.039092],[31.486776,30.03909],[31.487461,30.039088],[31.487789,30.039089],[31.487972,30.039087],[31.488292,30.039087],[31.489053,30.039085],[31.489139,30.039084],[31.489882,30.039084]]},"properties":{"kind":"road","class":"residential","weight":1.0,"name":null}},{"type":"Feature","geometry":{"type":"LineString","coordinates":[[31.485345,30.040876],[31.485365,30.04091],[31.485397,30.040934],[31.485437,30.040948],[31.486472,30.040934],[31.486538,30.040929],[31.486602,30.040913],[31.486661,30.040885],[31.486711,30.040847],[31.487109,30.040499],[31.48722,30.040334]]},"properties":{"kind":"road","class":"residential","weight":1.0,"name":null}},{"type":"Feature","geometry":{"type":"LineString","coordinates":[[31.485349,30.040353],[31.486069,30.040339],[31.486776,30.040335],[31.48722,30.040334],[31.487483,30.040333],[31.488045,30.040332],[31.488243,30.040331],[31.489062,30.040329],[31.489145,30.040328]]},"properties":{"kind":"road","class":"residential","weight":1.0,"name":null}},{"type":"Feature","geometry":{"type":"LineString","coordinates":[[31.485345,30.040876],[31.485349,30.040353],[31.485335,30.039187],[31.485343,30.03912],[31.485364,30.039054],[31.485391,30.039002],[31.485428,30.038943],[31.485498,30.038864],[31.485691,30.038652],[31.485761,30.038597],[31.485847,30.03855],[31.485954,30.038513],[31.486071,30.038486],[31.486181,30.038464],[31.486262,30.038456],[31.48637,30.038451],[31.486813,30.038451],[31.487826,30.038452],[31.487859,30.038452]]},"properties":{"kind":"road","class":"residential","weight":1.0,"name":null}},{"type":"Feature","geometry":{"type":"LineString","coordinates":[[31.489873,30.040763],[31.489941,30.040673],[31.489982,30.040572],[31.489996,30.040465],[31.48997,30.038684],[31.489965,30.038592],[31.489955,30.038513],[31.489928,30.038436],[31.489807,30.038314]]},"properties":{"kind":"road","class":"residential","weight":1.0,"name":"\u0634\u0627\u0631\u0639 \u0627\u0644\u0634\u0647\u064a\u062f \u0645\u0635\u0637\u0641\u0649 \u0634\u0643\u0631\u0649"}},{"type":"Feature","geometry":{"type":"LineString","coordinates":[[31.487044,30.046561],[31.487046,30.046492]]},"properties":{"kind":"road","class":"residential","weight":1.0,"name":null}},{"type":"Feature","geometry":{"type":"LineString","coordinates":[[31.485754,30.047033],[31.485818,30.047033]]},"properties":{"kind":"road","class":"residential","weight":1.0,"name":null}},{"type":"Feature","geometry":{"type":"LineString","coordinates":[[31.486469,30.048858],[31.48647,30.048766]]},"properties":{"kind":"road","class":"residential","weight":1.0,"name":null}},{"type":"Feature","geometry":{"type":"LineString","coordinates":[[31.486657,30.048856],[31.486657,30.048765]]},"properties":{"kind":"road","class":"residential","weight":1.0,"name":null}},{"type":"Feature","geometry":{"type":"LineString","coordinates":[[31.485754,30.048081],[31.485754,30.047033],[31.485748,30.046639],[31.485755,30.046599],[31.485772,30.04656],[31.485795,30.046532],[31.48583,30.046513],[31.485869,30.046503],[31.487046,30.046492],[31.487213,30.04649],[31.487261,30.046494],[31.487305,30.046512],[31.48734,30.04654],[31.487362,30.046577],[31.487371,30.046618],[31.487363,30.047521],[31.487361,30.048746],[31.487352,30.048778],[31.487331,30.048807],[31.487302,30.048829],[31.487266,30.048843],[31.487227,30.048847],[31.486657,30.048856],[31.486469,30.048858],[31.485926,30.048861],[31.485877,30.048859],[31.485831,30.048844],[31.48581,30.048829],[31.485793,30.048817],[31.485766,30.048782],[31.485753,30.048741],[31.485745,30.048253]]},"properties":{"kind":"road","class":"residential","weight":1.0,"name":null}},{"type":"Feature","geometry":{"type":"LineString","coordinates":[[31.485501,30.048239],[31.48544,30.048237],[31.485395,30.048238],[31.485353,30.04825],[31.485317,30.048273]]},"properties":{"kind":"road","class":"residential","weight":1.0,"name":null}},{"type":"Feature","geometry":{"type":"LineString","coordinates":[[31.485838,30.048252],[31.485807,30.04826],[31.485775,30.048261],[31.485745,30.048253],[31.485724,30.048242],[31.485701,30.048221],[31.485686,30.048195],[31.485682,30.048166],[31.485688,30.048137],[31.485704,30.048112],[31.485726,30.048093],[31.485754,30.048081],[31.485797,30.048076],[31.485839,30.048086],[31.485866,30.048103],[31.485886,30.048127],[31.485896,30.048155],[31.485895,30.048184],[31.485885,30.048211],[31.485865,30.048235],[31.485838,30.048252]]},"properties":{"kind":"road","class":"residential","weight":1.0,"name":null}},{"type":"Feature","geometry":{"type":"LineString","coordinates":[[31.487961,30.031765],[31.487803,30.031227],[31.487783,30.031158],[31.487738,30.031003],[31.487724,30.030909],[31.487736,30.030816],[31.487772,30.030727],[31.487834,30.030649],[31.487946,30.030572],[31.488071,30.030513],[31.488207,30.030473],[31.488349,30.030455],[31.488491,30.030458],[31.488612,30.030467],[31.488707,30.030479],[31.488803,30.030479],[31.488898,30.030465],[31.488989,30.030439],[31.489074,30.030401],[31.489152,30.030351],[31.489373,30.030176],[31.489443,30.030123]]},"properties":{"kind":"road","class":"residential","weight":1.0,"name":null}},{"type":"Feature","geometry":{"type":"LineString","coordinates":[[31.486961,30.034262],[31.486804,30.034411],[31.486739,30.034491],[31.486702,30.034544],[31.486644,30.034639],[31.486587,30.034764],[31.486543,30.034887],[31.486515,30.035009],[31.48652,30.035171],[31.486499,30.035229],[31.486457,30.035277],[31.486397,30.035307],[31.486328,30.035316],[31.485833,30.035306],[31.485771,30.035291],[31.485716,30.035264],[31.48567,30.035226],[31.485636,30.035179],[31.485615,30.035127],[31.48561,30.035072],[31.485631,30.034815],[31.485634,30.034346],[31.485636,30.03409],[31.485637,30.033843],[31.485638,30.033717],[31.485642,30.03338],[31.485654,30.033336],[31.485685,30.0333],[31.485728,30.033275],[31.485778,30.033265],[31.486165,30.033266],[31.486392,30.033267]]},"properties":{"kind":"road","class":"residential","weight":1.0,"name":null}},{"type":"Feature","geometry":{"type":"LineString","coordinates":[[31.481977,30.037421],[31.481987,30.038186]]},"properties":{"kind":"road","class":"residential","weight":1.0,"name":null}},{"type":"Feature","geometry":{"type":"LineString","coordinates":[[31.481951,30.03743],[31.481922,30.037432],[31.481895,30.037424],[31.481884,30.037419],[31.481859,30.037391],[31.481851,30.037357],[31.481864,30.037324],[31.481894,30.0373],[31.481934,30.037292],[31.481973,30.037302],[31.482003,30.037329],[31.482013,30.037365],[31.482,30.037401],[31.481977,30.037421],[31.481951,30.03743]]},"properties":{"kind":"road","class":"residential","weight":1.0,"name":null}},{"type":"Feature","geometry":{"type":"LineString","coordinates":[[31.47094,30.039938],[31.471805,30.039506],[31.471941,30.03942],[31.472062,30.039319],[31.472116,30.039262],[31.472161,30.039201]]},"properties":{"kind":"road","class":"residential","weight":1.0,"name":null}},{"type":"Feature","geometry":{"type":"LineString","coordinates":[[31.470252,30.048298],[31.470249,30.048201]]},"properties":{"kind":"road","class":"tertiary_link","weight":1.1,"name":null}},{"type":"Feature","geometry":{"type":"LineString","coordinates":[[31.471669,30.048294],[31.471666,30.048187]]},"properties":{"kind":"road","class":"tertiary_link","weight":1.1,"name":null}},{"type":"Feature","geometry":{"type":"LineString","coordinates":[[31.480842,30.037418],[31.480843,30.037319],[31.480839,30.037075],[31.480836,30.037055],[31.480824,30.03704],[31.480804,30.037031],[31.480776,30.037029],[31.480482,30.037032]]},"properties":{"kind":"road","class":"residential","weight":1.0,"name":null}},{"type":"Feature","geometry":{"type":"LineString","coordinates":[[31.480635,30.037417],[31.480636,30.037318]]},"properties":{"kind":"road","class":"residential","weight":1.0,"name":null}},{"type":"Feature","geometry":{"type":"LineString","coordinates":[[31.478836,30.031442],[31.478987,30.031441]]},"properties":{"kind":"road","class":"residential","weight":1.0,"name":null}},{"type":"Feature","geometry":{"type":"LineString","coordinates":[[31.481066,30.033126],[31.481234,30.033173]]},"properties":{"kind":"road","class":"residential","weight":1.0,"name":null}},{"type":"Feature","geometry":{"type":"LineString","coordinates":[[31.482291,30.048797],[31.482326,30.048786],[31.482355,30.048765],[31.482375,30.048738],[31.482384,30.048707],[31.482385,30.048671],[31.482388,30.04852]]},"properties":{"kind":"road","class":"residential","weight":1.0,"name":null}},{"type":"Feature","geometry":{"type":"LineString","coordinates":[[31.482573,30.048399],[31.482536,30.048413],[31.482507,30.048438],[31.482489,30.048469],[31.482485,30.04852]]},"properties":{"kind":"road","class":"residential","weight":1.0,"name":null}},{"type":"Feature","geometry":{"type":"LineString","coordinates":[[31.495548,30.041509],[31.495565,30.041453],[31.495611,30.04141],[31.495675,30.041393],[31.495741,30.041405],[31.495792,30.041444],[31.495813,30.0415]]},"properties":{"kind":"road","class":"primary_link","weight":1.6,"name":null}},{"type":"Feature","geometry":{"type":"LineString","coordinates":[[31.49581,30.041168],[31.495778,30.041214],[31.495724,30.041243],[31.495661,30.041248],[31.495602,30.041228],[31.49556,30.041187],[31.495544,30.041134]]},"properties":{"kind":"road","class":"primary_link","weight":1.6,"name":null}},{"type":"Feature","geometry":{"type":"LineString","coordinates":[[31.518165,30.039631],[31.518213,30.039627],[31.518259,30.039616],[31.518304,30.0396],[31.518334,30.039584],[31.518345,30.039578],[31.518382,30.039551]]},"properties":{"kind":"road","class":"residential","weight":1.0,"name":null}},{"type":"Feature","geometry":{"type":"LineString","coordinates":[[31.518553,30.039658],[31.518528,30.039686],[31.518508,30.039718],[31.518494,30.039751],[31.518485,30.039788],[31.518482,30.039825],[31.518485,30.039862]]},"properties":{"kind":"road","class":"residential","weight":1.0,"name":null}},{"type":"Feature","geometry":{"type":"LineString","coordinates":[[31.518799,30.039622],[31.518915,30.039521]]},"properties":{"kind":"road","class":"primary_link","weight":1.6,"name":null}},{"type":"Feature","geometry":{"type":"LineString","coordinates":[[31.519561,30.041484],[31.519851,30.04127]]},"properties":{"kind":"road","class":"residential","weight":1.0,"name":null}},{"type":"Feature","geometry":{"type":"LineString","coordinates":[[31.519851,30.04127],[31.519912,30.041176],[31.519938,30.041071],[31.519927,30.040964],[31.519897,30.040866]]},"properties":{"kind":"road","class":"residential","weight":1.0,"name":null}},{"type":"Feature","geometry":{"type":"LineString","coordinates":[[31.520318,30.041226],[31.520219,30.041207],[31.520111,30.041204],[31.520005,30.041224],[31.519851,30.04127]]},"properties":{"kind":"road","class":"residential","weight":1.0,"name":null}},{"type":"Feature","geometry":{"type":"LineString","coordinates":[[31.520814,30.043838],[31.520899,30.043787],[31.521009,30.043709],[31.52113,30.043605],[31.521237,30.04349],[31.521329,30.043365],[31.521404,30.043232],[31.521461,30.043093],[31.521501,30.042949],[31.521521,30.042803],[31.521523,30.042655],[31.521505,30.042508],[31.521469,30.042364],[31.521414,30.042224],[31.521342,30.04209],[31.521254,30.041964],[31.521149,30.041847],[31.52103,30.041741],[31.520501,30.041358],[31.520318,30.041226],[31.519897,30.040866],[31.519702,30.040649],[31.519662,30.040606],[31.519007,30.040022],[31.518897,30.039956],[31.518804,30.039911],[31.518704,30.03988],[31.518485,30.039862]]},"properties":{"kind":"road","class":"residential","weight":1.0,"name":null}},{"type":"Feature","geometry":{"type":"LineString","coordinates":[[31.519682,30.043254],[31.519729,30.043239],[31.519779,30.043241],[31.519823,30.043259],[31.519854,30.043287],[31.51987,30.043323],[31.519872,30.043361],[31.519843,30.043415],[31.519803,30.043448],[31.519758,30.043475],[31.519706,30.043491],[31.519672,30.043496],[31.519637,30.043492],[31.519605,30.04348],[31.519578,30.043459],[31.519567,30.043419],[31.519568,30.043377],[31.519581,30.043337],[31.519605,30.043302],[31.519639,30.043272],[31.519682,30.043254]]},"properties":{"kind":"road","class":"residential","weight":1.0,"name":null}},{"type":"Feature","geometry":{"type":"LineString","coordinates":[[31.517948,30.040315],[31.518057,30.040466],[31.518142,30.040587],[31.518238,30.040792],[31.518378,30.041038],[31.518483,30.041205],[31.518618,30.041402],[31.518755,30.041546],[31.5188,30.041584],[31.518855,30.04163],[31.519462,30.042135],[31.519743,30.042369],[31.5198,30.042428],[31.519865,30.042516],[31.519915,30.042611],[31.519948,30.042712],[31.519964,30.042815],[31.519963,30.042909],[31.519948,30.043001],[31.519919,30.043092],[31.519877,30.043178],[31.519823,30.043259]]},"properties":{"kind":"road","class":"residential","weight":1.0,"name":null}},{"type":"Feature","geometry":{"type":"LineString","coordinates":[[31.515736,30.037719],[31.515787,30.037699],[31.515843,30.037693],[31.515897,30.037703],[31.515946,30.037727],[31.515982,30.037763],[31.516004,30.037808],[31.516009,30.037856],[31.515995,30.037903],[31.515965,30.037943]]},"properties":{"kind":"road","class":"tertiary_link","weight":1.1,"name":null}},{"type":"Feature","geometry":{"type":"LineString","coordinates":[[31.512442,30.041332],[31.512627,30.041283],[31.512801,30.041211],[31.51296,30.041118],[31.513102,30.041006],[31.513566,30.040548],[31.513976,30.040093],[31.51421,30.039836],[31.514367,30.039644],[31.514435,30.039562],[31.514538,30.039437],[31.514639,30.039309],[31.514808,30.0391],[31.515094,30.038733],[31.51564,30.037976],[31.515703,30.037851],[31.515736,30.037719],[31.515741,30.037618],[31.515729,30.037518],[31.515701,30.03742],[31.515657,30.037327]]},"properties":{"kind":"road","class":"tertiary","weight":1.4,"name":null}},{"type":"Feature","geometry":{"type":"LineString","coordinates":[[31.514685,30.040071],[31.514563,30.040004]]},"properties":{"kind":"road","class":"residential","weight":1.0,"name":null}},{"type":"Feature","geometry":{"type":"LineString","coordinates":[[31.51465,30.039879],[31.514781,30.039956]]},"properties":{"kind":"road","class":"residential","weight":1.0,"name":null}},{"type":"Feature","geometry":{"type":"LineString","coordinates":[[31.516081,30.040934],[31.516053,30.040875],[31.516011,30.040822],[31.515957,30.040779],[31.515078,30.040291],[31.514973,30.040246],[31.514861,30.040216],[31.514759,30.040208],[31.514657,30.04021],[31.514556,30.040224]]},"properties":{"kind":"road","class":"residential","weight":1.0,"name":null}},{"type":"Feature","geometry":{"type":"LineString","coordinates":[[31.514884,30.039837],[31.514897,30.03992],[31.514925,30.040001],[31.514952,30.04005],[31.514968,30.040076],[31.515044,30.040154],[31.515128,30.040224],[31.515236,30.040297],[31.515982,30.040716],[31.51606,30.040742],[31.516141,30.040756],[31.516223,30.040753]]},"properties":{"kind":"road","class":"residential","weight":1.0,"name":null}},{"type":"Feature","geometry":{"type":"LineString","coordinates":[[31.5163,30.04074],[31.516373,30.040703],[31.51644,30.040658],[31.516511,30.040604],[31.516665,30.040492],[31.516777,30.040425],[31.516907,30.040365],[31.516974,30.040338],[31.517068,30.0403],[31.517257,30.040248],[31.517473,30.040208],[31.517673,30.040171],[31.517754,30.040141],[31.517831,30.040103],[31.5179,30.040056],[31.517976,30.039992],[31.518036,30.039917],[31.518088,30.039837],[31.518127,30.039751],[31.518151,30.039691],[31.518165,30.039631]]},"properties":{"kind":"road","class":"residential","weight":1.0,"name":null}},{"type":"Feature","geometry":{"type":"LineString","coordinates":[[31.517948,30.040315],[31.517866,30.040284],[31.51778,30.040265],[31.517691,30.040256],[31.5176,30.040259],[31.517509,30.040274],[31.517278,30.040315],[31.517093,30.040368],[31.516934,30.040432],[31.51682,30.040485],[31.516723,30.04054],[31.516586,30.04064],[31.516458,30.040748],[31.516428,30.040777],[31.516407,30.040811],[31.516397,30.040848]]},"properties":{"kind":"road","class":"residential","weight":1.0,"name":null}},{"type":"Feature","geometry":{"type":"LineString","coordinates":[[31.516096,30.040999],[31.516085,30.040967],[31.516081,30.040934],[31.516087,30.040888],[31.516105,30.040844],[31.516136,30.040806],[31.516175,30.040775],[31.516223,30.040753],[31.516261,30.040743],[31.5163,30.04074],[31.516338,30.040751],[31.516369,30.040773],[31.516387,30.040804],[31.516397,30.040848],[31.516393,30.040893],[31.516378,30.040936],[31.516352,30.040975],[31.516317,30.041007],[31.516274,30.041032],[31.516225,30.041047],[31.516188,30.041052],[31.51615,30.041044],[31.516119,30.041026],[31.516096,30.040999]]},"properties":{"kind":"road","class":"residential","weight":1.0,"name":null}},{"type":"Feature","geometry":{"type":"LineString","coordinates":[[31.516239,30.039593],[31.516272,30.039564],[31.516836,30.039058],[31.517218,30.038715]]},"properties":{"kind":"road","class":"residential","weight":1.0,"name":null}},{"type":"Feature","geometry":{"type":"LineString","coordinates":[[31.518165,30.039631],[31.518165,30.039523],[31.518139,30.039426],[31.518095,30.039341],[31.518031,30.039266],[31.517468,30.038844],[31.517315,30.038773],[31.517218,30.038715],[31.517156,30.038655],[31.517043,30.038539],[31.51643,30.038102],[31.516341,30.038069],[31.516246,30.038058],[31.51615,30.038069],[31.51606,30.038102],[31.515984,30.038153],[31.515535,30.038766],[31.514992,30.039506],[31.514941,30.039581],[31.514906,30.039664],[31.514887,30.039749],[31.514884,30.039837]]},"properties":{"kind":"road","class":"residential","weight":1.0,"name":null}},{"type":"Feature","geometry":{"type":"LineString","coordinates":[[31.515892,30.041947],[31.516016,30.041957]]},"properties":{"kind":"road","class":"residential","weight":1.0,"name":null}},{"type":"Feature","geometry":{"type":"LineString","coordinates":[[31.515787,30.042369],[31.51587,30.042415]]},"properties":{"kind":"road","class":"residential","weight":1.0,"name":null}},{"type":"Feature","geometry":{"type":"LineString","coordinates":[[31.515305,30.04291],[31.515399,30.042839],[31.515514,30.042746],[31.515598,30.042661],[31.515672,30.042569],[31.515735,30.042472],[31.515787,30.042369],[31.515822,30.042279],[31.515858,30.042149],[31.515881,30.042041],[31.515892,30.041947],[31.515912,30.04182],[31.515928,30.041683],[31.515967,30.041463],[31.515999,30.041345],[31.516059,30.041164],[31.516082,30.041083],[31.516096,30.040999]]},"properties":{"kind":"road","class":"residential","weight":1.0,"name":null}},{"type":"Feature","geometry":{"type":"LineString","coordinates":[[31.520544,30.044323],[31.520512,30.044251],[31.520476,30.044176],[31.520424,30.04409],[31.520353,30.043998],[31.520128,30.043803],[31.51987,30.043581],[31.519811,30.043543],[31.51976,30.043515],[31.519706,30.043491]]},"properties":{"kind":"road","class":"residential","weight":1.0,"name":null}},{"type":"Feature","geometry":{"type":"LineString","coordinates":[[31.519872,30.043361],[31.519903,30.04341],[31.519928,30.043465],[31.519973,30.043526],[31.520037,30.043595],[31.520189,30.043729],[31.52029,30.043819],[31.520348,30.043855],[31.5204,30.043877],[31.520454,30.043897],[31.520533,30.043899],[31.520619,30.043895],[31.520708,30.043878],[31.520814,30.043838]]},"properties":{"kind":"road","class":"residential","weight":1.0,"name":null}},{"type":"Feature","geometry":{"type":"LineString","coordinates":[[31.473023,30.04829],[31.473021,30.048188]]},"properties":{"kind":"road","class":"tertiary_link","weight":1.1,"name":null}},{"type":"Feature","geometry":{"type":"LineString","coordinates":[[31.489076,30.04634],[31.489085,30.046775],[31.489093,30.047187]]},"properties":{"kind":"road","class":"residential","weight":1.0,"name":null}},{"type":"Feature","geometry":{"type":"LineString","coordinates":[[31.489076,30.04634],[31.489044,30.046332],[31.489019,30.046314],[31.489003,30.04629],[31.488998,30.046262],[31.489006,30.046234],[31.489021,30.046215],[31.489042,30.046201],[31.489065,30.046194],[31.48909,30.046192],[31.489114,30.046197],[31.489136,30.046208],[31.489148,30.046218],[31.489158,30.04623],[31.489165,30.046244],[31.489169,30.046273],[31.489159,30.0463],[31.489138,30.046323],[31.489109,30.046336],[31.489076,30.04634]]},"properties":{"kind":"road","class":"residential","weight":1.0,"name":null}},{"type":"Feature","geometry":{"type":"LineString","coordinates":[[31.489518,30.045971],[31.489422,30.046057],[31.489388,30.046073],[31.48935,30.046077],[31.489134,30.046078],[31.48904,30.046079],[31.488779,30.04608],[31.488747,30.046074],[31.488716,30.046055],[31.488646,30.045974]]},"properties":{"kind":"road","class":"residential","weight":1.0,"name":null}},{"type":"Feature","geometry":{"type":"LineString","coordinates":[[31.489068,30.048079],[31.490105,30.048073],[31.490179,30.048068],[31.490248,30.048044],[31.490305,30.048002],[31.490344,30.047947],[31.490361,30.047886],[31.490352,30.047631],[31.490343,30.047136],[31.490334,30.046666],[31.490328,30.04636],[31.490324,30.046278],[31.490281,30.046206],[31.490207,30.046156],[31.490116,30.046137],[31.48961,30.046132],[31.489468,30.046153],[31.489331,30.046193],[31.489165,30.046244]]},"properties":{"kind":"road","class":"residential","weight":1.0,"name":null}},{"type":"Feature","geometry":{"type":"LineString","coordinates":[[31.489006,30.046234],[31.488636,30.046146],[31.488558,30.046138],[31.488493,30.046131],[31.488207,30.046136],[31.488122,30.046141],[31.488044,30.046169],[31.487981,30.046218],[31.48794,30.046282],[31.487926,30.046355],[31.487929,30.046712],[31.487932,30.047171],[31.487935,30.047621],[31.487937,30.047894],[31.487943,30.047959],[31.487977,30.048017],[31.488034,30.04806],[31.488105,30.048081],[31.488183,30.048081],[31.488964,30.048079],[31.489068,30.048079]]},"properties":{"kind":"road","class":"residential","weight":1.0,"name":null}},{"type":"Feature","geometry":{"type":"LineString","coordinates":[[31.491353,30.038309],[31.491357,30.038127]]},"properties":{"kind":"road","class":"tertiary_link","weight":1.1,"name":null}},{"type":"Feature","geometry":{"type":"LineString","coordinates":[[31.48831,30.04306],[31.488271,30.04298],[31.48827,30.042816],[31.488271,30.042789],[31.488274,30.042696],[31.488262,30.042621],[31.488237,30.042569],[31.488203,30.042528],[31.488149,30.042482]]},"properties":{"kind":"road","class":"residential","weight":1.0,"name":null}},{"type":"Feature","geometry":{"type":"LineString","coordinates":[[31.485283,30.029635],[31.485218,30.029663],[31.485152,30.029684],[31.485082,30.029697],[31.485012,30.029702],[31.484941,30.029698],[31.484871,30.029685],[31.484805,30.029664],[31.484742,30.029636]]},"properties":{"kind":"road","class":"secondary_link","weight":1.3,"name":null}},{"type":"Feature","geometry":{"type":"LineString","coordinates":[[31.484872,30.029922],[31.484901,30.029895],[31.484936,30.029874],[31.484978,30.029861],[31.48503,30.02986],[31.485076,30.029867],[31.485111,30.029879],[31.485137,30.029894],[31.485158,30.029912]]},"properties":{"kind":"road","class":"secondary_link","weight":1.3,"name":null}},{"type":"Feature","geometry":{"type":"LineString","coordinates":[[31.475887,30.021922],[31.475886,30.021843]]},"properties":{"kind":"road","class":"residential","weight":1.0,"name":null}},{"type":"Feature","geometry":{"type":"LineString","coordinates":[[31.475428,30.021928],[31.475426,30.021848]]},"properties":{"kind":"road","class":"residential","weight":1.0,"name":null}},{"type":"Feature","geometry":{"type":"LineString","coordinates":[[31.476338,30.021916],[31.475887,30.021922],[31.4758,30.021923],[31.475428,30.021928],[31.475345,30.021927],[31.475286,30.021928],[31.475272,30.021928],[31.475216,30.021934],[31.475165,30.021954],[31.475122,30.021985]]},"properties":{"kind":"road","class":"residential","weight":1.0,"name":null}},{"type":"Feature","geometry":{"type":"LineString","coordinates":[[31.475119,30.021771],[31.475163,30.02181],[31.475217,30.021836],[31.475278,30.021847],[31.475346,30.02185],[31.475426,30.021848],[31.475886,30.021843],[31.476339,30.021837]]},"properties":{"kind":"road","class":"residential","weight":1.0,"name":null}},{"type":"Feature","geometry":{"type":"LineString","coordinates":[[31.47997,30.029822],[31.479987,30.029845],[31.480001,30.02987],[31.480011,30.0299],[31.480016,30.02993],[31.480005,30.030078],[31.479989,30.030127],[31.479952,30.030168],[31.4799,30.030193],[31.479841,30.0302],[31.479754,30.0302],[31.47914,30.030202],[31.47905,30.030202],[31.478876,30.030203],[31.478832,30.030201],[31.47879,30.030191],[31.478759,30.030176],[31.478732,30.030156],[31.478711,30.030133],[31.478694,30.030105],[31.478685,30.030075],[31.478679,30.029827],[31.478686,30.029782],[31.478708,30.029741],[31.478739,30.029709],[31.478778,30.029686],[31.478823,30.029673],[31.47887,30.02967],[31.479238,30.029668],[31.479542,30.029666],[31.479622,30.029665],[31.479704,30.029671],[31.479783,30.029691],[31.479833,30.029714],[31.479856,30.029725],[31.479919,30.029771],[31.47997,30.029822]]},"properties":{"kind":"road","class":"residential","weight":1.0,"name":null}},{"type":"Feature","geometry":{"type":"LineString","coordinates":[[31.479391,30.029085],[31.479185,30.029256],[31.479142,30.029307],[31.479116,30.029346],[31.479102,30.029378],[31.479091,30.029435],[31.479092,30.029484],[31.479101,30.029522],[31.479112,30.029545],[31.479149,30.029592],[31.479194,30.029633],[31.479238,30.029668]]},"properties":{"kind":"road","class":"residential","weight":1.0,"name":null}},{"type":"Feature","geometry":{"type":"LineString","coordinates":[[31.495792,30.036345],[31.495756,30.036381],[31.495709,30.036404],[31.495657,30.036413],[31.495604,30.036408],[31.495556,30.03639],[31.495516,30.036359]]},"properties":{"kind":"road","class":"primary_link","weight":1.6,"name":null}},{"type":"Feature","geometry":{"type":"LineString","coordinates":[[31.495517,30.036591],[31.495554,30.036557],[31.4956,30.036535],[31.495653,30.036525],[31.495706,30.03653],[31.495755,30.036548],[31.495796,30.036575]]},"properties":{"kind":"road","class":"primary_link","weight":1.6,"name":null}},{"type":"Feature","geometry":{"type":"LineString","coordinates":[[31.492965,30.02569],[31.492929,30.025714],[31.492896,30.025749],[31.492875,30.025774],[31.492845,30.02583],[31.492829,30.025913],[31.492827,30.025979],[31.492832,30.026133],[31.492865,30.026452],[31.492848,30.026853],[31.492845,30.027358],[31.492843,30.027755],[31.49284,30.028172],[31.492842,30.028212],[31.492845,30.028249],[31.492859,30.028339],[31.492875,30.028476],[31.492887,30.028624]]},"properties":{"kind":"road","class":"unclassified","weight":1.0,"name":null}},{"type":"Feature","geometry":{"type":"LineString","coordinates":[[31.492621,30.028627],[31.492657,30.028472],[31.492694,30.028325],[31.492713,30.028266],[31.492719,30.028233],[31.492721,30.028197],[31.492718,30.027949],[31.492722,30.027908],[31.492717,30.027857],[31.492701,30.02704],[31.492697,30.026018],[31.492695,30.025979],[31.492689,30.025931],[31.492662,30.025846],[31.492625,30.025796],[31.492598,30.025762],[31.492545,30.025692]]},"properties":{"kind":"road","class":"unclassified","weight":1.0,"name":null}},{"type":"Feature","geometry":{"type":"LineString","coordinates":[[31.488964,30.043327],[31.489028,30.043351],[31.489072,30.043393],[31.489095,30.043446],[31.48909,30.043537],[31.489078,30.043781],[31.489065,30.044021],[31.489054,30.044242],[31.489051,30.044299],[31.48904,30.044495],[31.489038,30.04454],[31.489032,30.044627]]},"properties":{"kind":"road","class":"residential","weight":1.0,"name":null}},{"type":"Feature","geometry":{"type":"LineString","coordinates":[[31.488771,30.04415],[31.489051,30.044299]]},"properties":{"kind":"road","class":"residential","weight":1.0,"name":null}},{"type":"Feature","geometry":{"type":"LineString","coordinates":[[31.488426,30.042482],[31.48839,30.042551],[31.488371,30.042592],[31.488363,30.042627],[31.488353,30.042734],[31.488357,30.042837],[31.488369,30.042905],[31.488383,30.042964],[31.488419,30.043054]]},"properties":{"kind":"road","class":"residential","weight":1.0,"name":null}},{"type":"Feature","geometry":{"type":"LineString","coordinates":[[31.489012,30.045214],[31.489007,30.045242],[31.488991,30.045267],[31.488966,30.045286],[31.488935,30.045296],[31.488888,30.0453],[31.48884,30.045299],[31.488792,30.045292],[31.488746,30.045279],[31.488717,30.04526],[31.488694,30.045234],[31.488679,30.045204],[31.488673,30.045172],[31.488673,30.045003],[31.488674,30.044801],[31.488698,30.044756],[31.488725,30.044722],[31.488758,30.044693],[31.488796,30.044667],[31.488851,30.044643],[31.48891,30.04463],[31.488971,30.044626],[31.489032,30.044627]]},"properties":{"kind":"road","class":"residential","weight":1.0,"name":null}},{"type":"Feature","geometry":{"type":"LineString","coordinates":[[31.496293,30.020129],[31.496341,30.020442]]},"properties":{"kind":"road","class":"primary_link","weight":1.6,"name":null}},{"type":"Feature","geometry":{"type":"LineString","coordinates":[[31.488015,30.02492],[31.488016,30.024806],[31.488017,30.024624],[31.488019,30.024397]]},"properties":{"kind":"road","class":"residential","weight":1.0,"name":null}},{"type":"Feature","geometry":{"type":"LineString","coordinates":[[31.488139,30.024396],[31.488144,30.024653],[31.488146,30.024808],[31.488149,30.024913]]},"properties":{"kind":"road","class":"residential","weight":1.0,"name":null}},{"type":"Feature","geometry":{"type":"LineString","coordinates":[[31.488194,30.024247],[31.488207,30.024283],[31.488206,30.024317],[31.488193,30.024349],[31.48817,30.024376],[31.488139,30.024396],[31.4881,30.024408],[31.488058,30.024408],[31.488019,30.024397],[31.487989,30.024379],[31.487966,30.024354],[31.487953,30.024324],[31.487949,30.024293],[31.487956,30.024262],[31.487976,30.024229],[31.488008,30.024203],[31.488048,30.024189],[31.488091,30.024186],[31.488133,30.024196],[31.488168,30.024217],[31.488194,30.024247]]},"properties":{"kind":"road","class":"residential","weight":1.0,"name":null}},{"type":"Feature","geometry":{"type":"LineString","coordinates":[[31.487956,30.024262],[31.487593,30.024245]]},"properties":{"kind":"road","class":"residential","weight":1.0,"name":null}},{"type":"Feature","geometry":{"type":"LineString","coordinates":[[31.488144,30.024653],[31.488647,30.024569],[31.4888,30.024556],[31.488909,30.024571],[31.488993,30.024601],[31.489072,30.024643],[31.489131,30.024658],[31.489201,30.024654],[31.489258,30.024628],[31.489524,30.024431],[31.489755,30.024204],[31.489945,30.02395],[31.490092,30.023676],[31.490109,30.023619],[31.490102,30.02355],[31.490062,30.023491],[31.489999,30.023443],[31.489768,30.02334],[31.489575,30.023281],[31.489372,30.023254]]},"properties":{"kind":"road","class":"residential","weight":1.0,"name":null}},{"type":"Feature","geometry":{"type":"LineString","coordinates":[[31.489739,30.022994],[31.489403,30.022993]]},"properties":{"kind":"road","class":"residential","weight":1.0,"name":null}},{"type":"Feature","geometry":{"type":"LineString","coordinates":[[31.489385,30.022919],[31.48974,30.022918]]},"properties":{"kind":"road","class":"residential","weight":1.0,"name":null}},{"type":"Feature","geometry":{"type":"LineString","coordinates":[[31.482432,30.021192],[31.482329,30.021261],[31.482192,30.021355],[31.482129,30.021398],[31.482075,30.021449],[31.482031,30.021507],[31.481997,30.02157],[31.481976,30.021637],[31.481967,30.021706],[31.481964,30.021837],[31.481974,30.021968],[31.482004,30.022107],[31.482056,30.022298]]},"properties":{"kind":"road","class":"residential","weight":1.0,"name":null}},{"type":"Feature","geometry":{"type":"LineString","coordinates":[[31.482789,30.024572],[31.482858,30.024595],[31.482927,30.024608],[31.482997,30.024613],[31.483427,30.024615],[31.484746,30.024609]]},"properties":{"kind":"road","class":"residential","weight":1.0,"name":null}},{"type":"Feature","geometry":{"type":"LineString","coordinates":[[31.484083,30.022019],[31.483884,30.022552],[31.483845,30.022704],[31.483831,30.022859],[31.483844,30.023014],[31.483882,30.023166],[31.483946,30.023311],[31.484033,30.023447],[31.484236,30.023655],[31.484342,30.023741],[31.484431,30.023841],[31.484502,30.023951],[31.484679,30.024411],[31.484746,30.024609],[31.484832,30.024685],[31.484911,30.02476],[31.485025,30.024843],[31.485153,30.024837],[31.485323,30.024749],[31.485462,30.02464],[31.485581,30.024515],[31.485676,30.024375],[31.485747,30.024225],[31.485791,30.024067],[31.485785,30.02325],[31.485781,30.022906],[31.485767,30.022832],[31.48574,30.022761],[31.485701,30.022694],[31.485651,30.022633]]},"properties":{"kind":"road","class":"residential","weight":1.0,"name":null}},{"type":"Feature","geometry":{"type":"LineString","coordinates":[[31.485533,30.022541],[31.485158,30.022458],[31.484969,30.0224],[31.484788,30.022329],[31.484613,30.022244],[31.484459,30.022163],[31.484166,30.022048],[31.484083,30.022019],[31.483783,30.021945],[31.48359,30.021927],[31.483397,30.021925],[31.483102,30.02198],[31.482817,30.022068],[31.482531,30.022195],[31.482271,30.022359]]},"properties":{"kind":"road","class":"residential","weight":1.0,"name":null}},{"type":"Feature","geometry":{"type":"LineString","coordinates":[[31.483711,30.021703],[31.483783,30.021945]]},"properties":{"kind":"road","class":"residential","weight":1.0,"name":null}},{"type":"Feature","geometry":{"type":"LineString","coordinates":[[31.48561,30.022481],[31.485647,30.022484],[31.485679,30.022499],[31.485699,30.022521],[31.48571,30.022555],[31.485703,30.02259],[31.485679,30.022618],[31.485651,30.022633],[31.485619,30.022637],[31.485588,30.022632],[31.48556,30.022617],[31.48554,30.022595],[31.485531,30.022569],[31.485533,30.022541],[31.485548,30.022512],[31.485575,30.022491],[31.48561,30.022481]]},"properties":{"kind":"road","class":"residential","weight":1.0,"name":null}},{"type":"Feature","geometry":{"type":"LineString","coordinates":[[31.485967,30.02266],[31.485798,30.022659],[31.485758,30.022656],[31.485721,30.022643],[31.485679,30.022618]]},"properties":{"kind":"road","class":"residential","weight":1.0,"name":null}},{"type":"Feature","geometry":{"type":"LineString","coordinates":[[31.485699,30.022521],[31.485813,30.022519],[31.485966,30.022517]]},"properties":{"kind":"road","class":"residential","weight":1.0,"name":null}},{"type":"Feature","geometry":{"type":"LineString","coordinates":[[31.482809,30.024455],[31.482823,30.024484],[31.482825,30.024517],[31.482813,30.024547],[31.482789,30.024572],[31.482764,30.024585],[31.482735,30.024592],[31.482705,30.024591],[31.482677,30.024583],[31.482653,30.024568],[31.482635,30.024548],[31.482623,30.02452],[31.482622,30.02449],[31.482633,30.024462],[31.482654,30.024438],[31.482682,30.024422],[31.482716,30.024415],[31.48275,30.024418],[31.482783,30.024431],[31.482809,30.024455]]},"properties":{"kind":"road","class":"residential","weight":1.0,"name":null}},{"type":"Feature","geometry":{"type":"LineString","coordinates":[[31.482635,30.024548],[31.482523,30.024593],[31.482409,30.024617],[31.482293,30.024622],[31.482159,30.024618],[31.482004,30.024582],[31.48186,30.02452],[31.481735,30.024432],[31.481655,30.024349],[31.481596,30.024253],[31.481562,30.024149],[31.48157,30.023488],[31.481572,30.023397]]},"properties":{"kind":"road","class":"residential","weight":1.0,"name":null}},{"type":"Feature","geometry":{"type":"LineString","coordinates":[[31.497531,30.034039],[31.497006,30.033611],[31.496349,30.033075]]},"properties":{"kind":"road","class":"residential","weight":1.0,"name":null}},{"type":"Feature","geometry":{"type":"LineString","coordinates":[[31.497006,30.033611],[31.497006,30.033447],[31.497,30.031637],[31.496998,30.031038]]},"properties":{"kind":"road","class":"residential","weight":1.0,"name":null}},{"type":"Feature","geometry":{"type":"LineString","coordinates":[[31.497006,30.033447],[31.497332,30.033449],[31.497449,30.033449],[31.497565,30.033434],[31.497667,30.033414],[31.49835,30.033261],[31.498656,30.033168],[31.498902,30.033082],[31.499212,30.032958],[31.499646,30.032744],[31.500034,30.03252],[31.50032,30.03232],[31.500546,30.032151],[31.50063,30.032085],[31.500762,30.031972],[31.50095,30.031792],[31.501122,30.031624],[31.501432,30.03126],[31.501582,30.031087]]},"properties":{"kind":"road","class":"residential","weight":1.0,"name":null}},{"type":"Feature","geometry":{"type":"LineString","coordinates":[[31.499287,30.032245],[31.499646,30.032744],[31.500011,30.033253],[31.500086,30.033357]]},"properties":{"kind":"road","class":"residential","weight":1.0,"name":null}},{"type":"Feature","geometry":{"type":"LineString","coordinates":[[31.498241,30.030199],[31.499485,30.030581],[31.500783,30.031033],[31.501432,30.03126]]},"properties":{"kind":"road","class":"residential","weight":1.0,"name":null}},{"type":"Feature","geometry":{"type":"LineString","coordinates":[[31.497822,30.030766],[31.498277,30.031205],[31.498727,30.031649]]},"properties":{"kind":"road","class":"residential","weight":1.0,"name":null}},{"type":"Feature","geometry":{"type":"LineString","coordinates":[[31.497,30.031637],[31.497231,30.031618],[31.497489,30.031568],[31.497809,30.031461],[31.49804,30.03135],[31.498277,30.031205],[31.498506,30.030987],[31.49868,30.030761],[31.498702,30.030743],[31.498729,30.030732],[31.498758,30.030727],[31.498788,30.030729],[31.498815,30.030739],[31.499356,30.030903]]},"properties":{"kind":"road","class":"residential","weight":1.0,"name":null}},{"type":"Feature","geometry":{"type":"LineString","coordinates":[[31.500783,30.031033],[31.500473,30.031383],[31.500205,30.031629],[31.499931,30.031829],[31.499663,30.032001],[31.499287,30.032245],[31.498825,30.032464],[31.498472,30.032603],[31.498088,30.032715],[31.497478,30.032843],[31.497453,30.032846],[31.497429,30.03284],[31.497408,30.032829],[31.497393,30.032811],[31.497386,30.032791],[31.497387,30.032769],[31.497384,30.032554],[31.49738,30.032239],[31.497387,30.032217],[31.497402,30.032198],[31.497423,30.032185],[31.497847,30.032081],[31.498123,30.031991],[31.498363,30.031875],[31.498727,30.031649],[31.498969,30.031456],[31.499187,30.03121],[31.499356,30.030903],[31.499485,30.030581],[31.499676,30.030088]]},"properties":{"kind":"road","class":"residential","weight":1.0,"name":null}},{"type":"Feature","geometry":{"type":"LineString","coordinates":[[31.482047,30.020818],[31.482028,30.020855],[31.481999,30.020887],[31.481962,30.020911],[31.481926,30.020924],[31.481888,30.02093],[31.481826,30.020925],[31.481769,30.020902],[31.481725,30.020864],[31.481699,30.020815],[31.481694,30.020761],[31.481707,30.020715],[31.481735,30.020675],[31.481776,30.020643],[31.481827,30.020623],[31.481882,30.020618],[31.481936,30.020628],[31.481975,30.020646],[31.482009,30.020671],[31.482034,30.020702],[31.482049,30.020738],[31.482054,30.020778],[31.482047,30.020818]]},"properties":{"kind":"road","class":"tertiary","weight":1.4,"name":null}},{"type":"Feature","geometry":{"type":"LineString","coordinates":[[31.485956,30.021051],[31.485897,30.020985],[31.485821,30.020934],[31.485733,30.020898],[31.485639,30.020882],[31.485542,30.020881],[31.484245,30.020893],[31.484102,30.020894],[31.48326,30.020901],[31.481962,30.020911]]},"properties":{"kind":"road","class":"tertiary","weight":1.4,"name":null}},{"type":"Feature","geometry":{"type":"LineString","coordinates":[[31.482049,30.020738],[31.482106,30.020768],[31.482167,30.02079],[31.482232,30.020801],[31.482298,30.020803],[31.48255,30.020801],[31.484365,30.020781],[31.485538,30.020773],[31.485619,30.02077],[31.485704,30.020756],[31.485784,30.020726],[31.485854,30.020682],[31.485912,30.020625],[31.485953,30.020558]]},"properties":{"kind":"road","class":"tertiary","weight":1.4,"name":null}},{"type":"Feature","geometry":{"type":"LineString","coordinates":[[31.482055,30.018735],[31.481986,30.018814],[31.481933,30.018888],[31.481897,30.018971],[31.481882,30.019057],[31.481878,30.020518],[31.481887,30.020559],[31.481907,30.020596],[31.481936,30.020628]]},"properties":{"kind":"road","class":"tertiary","weight":1.4,"name":null}},{"type":"Feature","geometry":{"type":"LineString","coordinates":[[31.481735,30.020675],[31.481738,30.019017],[31.48173,30.018942],[31.481702,30.01887],[31.481656,30.018806],[31.481595,30.018739]]},"properties":{"kind":"road","class":"tertiary","weight":1.4,"name":null}},{"type":"Feature","geometry":{"type":"LineString","coordinates":[[31.481374,30.021585],[31.48138,30.022502],[31.481368,30.022595],[31.481336,30.022686],[31.481284,30.022769],[31.481215,30.022842],[31.481131,30.022903],[31.481036,30.022948],[31.480932,30.022977],[31.480824,30.022989],[31.480552,30.023],[31.480401,30.023006],[31.480181,30.023003],[31.479899,30.022999],[31.479692,30.022995],[31.479586,30.022981],[31.479499,30.022952],[31.479404,30.022907],[31.479305,30.022835],[31.479234,30.022758],[31.479181,30.022662],[31.479157,30.022541],[31.479158,30.021673],[31.479159,30.021348],[31.479159,30.021137],[31.479161,30.019162],[31.47916,30.019078],[31.479146,30.018996],[31.479121,30.018915],[31.479084,30.018838],[31.479036,30.018753]]},"properties":{"kind":"road","class":"tertiary","weight":1.4,"name":null}},{"type":"Feature","geometry":{"type":"LineString","coordinates":[[31.480552,30.023],[31.480492,30.023059],[31.480442,30.023124],[31.480415,30.023183],[31.480401,30.023252],[31.480409,30.023805],[31.480416,30.024724],[31.48042,30.024804],[31.480431,30.024881],[31.480447,30.024949],[31.480473,30.025017],[31.480494,30.025072],[31.480539,30.025141],[31.480601,30.025225]]},"properties":{"kind":"road","class":"tertiary","weight":1.4,"name":null}},{"type":"Feature","geometry":{"type":"LineString","coordinates":[[31.47938,30.018752],[31.479332,30.018838],[31.479295,30.018915],[31.479268,30.018995],[31.479254,30.019078],[31.479252,30.019162],[31.479268,30.020542],[31.479282,30.021672],[31.479291,30.022508],[31.479313,30.022596],[31.479357,30.022677],[31.47942,30.022748],[31.479499,30.022805],[31.479591,30.022845],[31.479691,30.022868],[31.479902,30.022875],[31.480143,30.02288],[31.480325,30.022883],[31.480821,30.022864],[31.480917,30.022853],[31.481009,30.022824],[31.481091,30.022779],[31.481158,30.022718],[31.481209,30.022646],[31.48124,30.022566],[31.481249,30.022482],[31.481251,30.021583],[31.481255,30.021497],[31.481274,30.021413],[31.481306,30.021333],[31.481352,30.021257],[31.481625,30.020901],[31.481652,30.020855],[31.481674,30.020809],[31.481694,30.020761]]},"properties":{"kind":"road","class":"tertiary","weight":1.4,"name":null}},{"type":"Feature","geometry":{"type":"LineString","coordinates":[[31.492977,30.018172],[31.492855,30.018238],[31.492344,30.018511],[31.492243,30.018579],[31.492153,30.018657],[31.492075,30.018746],[31.492012,30.018842],[31.491963,30.018944],[31.49193,30.019051],[31.491914,30.019123],[31.491913,30.019659],[31.491911,30.020012],[31.491931,30.02084],[31.491937,30.020984],[31.49195,30.021052],[31.491978,30.021116],[31.492019,30.021175],[31.492071,30.021227],[31.492147,30.021264]]},"properties":{"kind":"road","class":"tertiary","weight":1.4,"name":null}},{"type":"Feature","geometry":{"type":"LineString","coordinates":[[31.493154,30.030579],[31.493059,30.030506],[31.49295,30.030449],[31.49283,30.030413],[31.492704,30.030396],[31.492577,30.030401],[31.492454,30.030427],[31.492338,30.030472],[31.492223,30.030502],[31.492104,30.030519],[31.491977,30.030521],[31.491852,30.030507],[31.49173,30.030479],[31.491613,30.030436],[31.491463,30.030367],[31.491329,30.030274],[31.491215,30.030165],[31.491124,30.03004],[31.491057,30.029904],[31.491031,30.029813],[31.491016,30.029761],[31.491003,30.029613],[31.491009,30.029244]]},"properties":{"kind":"road","class":"residential","weight":1.0,"name":null}},{"type":"Feature","geometry":{"type":"LineString","coordinates":[[31.492104,30.030519],[31.492118,30.030712],[31.492124,30.030793],[31.492143,30.030873],[31.492153,30.030898],[31.492174,30.030949],[31.492216,30.031022],[31.492235,30.031053],[31.492317,30.03119],[31.492352,30.031248],[31.492386,30.031324],[31.492393,30.031372],[31.492398,30.031437],[31.49239,30.031755]]},"properties":{"kind":"road","class":"residential","weight":1.0,"name":null}},{"type":"Feature","geometry":{"type":"LineString","coordinates":[[31.489352,30.031945],[31.489425,30.031902],[31.489504,30.031868],[31.489588,30.031843],[31.489676,30.031829],[31.490049,30.031786],[31.490126,30.031774],[31.490201,30.031754],[31.490272,30.031724],[31.490338,30.031688],[31.490398,30.031644],[31.490461,30.031612],[31.49053,30.031592],[31.490566,30.031589],[31.490603,30.03159],[31.49064,30.031596],[31.490696,30.031614],[31.490745,30.031644],[31.490863,30.031711],[31.490934,30.031747],[31.491011,30.03177],[31.491092,30.03178],[31.491576,30.031818],[31.491695,30.031828],[31.491811,30.031851],[31.491922,30.031889],[31.492026,30.031939]]},"properties":{"kind":"road","class":"residential","weight":1.0,"name":null}},{"type":"Feature","geometry":{"type":"LineString","coordinates":[[31.492618,30.033949],[31.492499,30.034016],[31.492392,30.034096],[31.492297,30.034187],[31.492217,30.034288],[31.492205,30.034357]]},"properties":{"kind":"road","class":"tertiary","weight":1.4,"name":"\u0634\u0627\u0631\u0639 \u0627\u0646\u0648\u0631 \u0648\u062c\u062f\u0649"}},{"type":"Feature","geometry":{"type":"LineString","coordinates":[[31.492599,30.033676],[31.492637,30.033675],[31.492674,30.033682],[31.492708,30.033697],[31.492739,30.033719],[31.492763,30.033749],[31.492777,30.033783],[31.49278,30.033819],[31.492773,30.033854],[31.492755,30.033886],[31.492728,30.033914],[31.492694,30.033934],[31.492657,30.033946],[31.492618,30.033949],[31.492579,30.033944],[31.492542,30.03393],[31.492511,30.033909],[31.492486,30.033882],[31.49247,30.033851],[31.492464,30.033817],[31.492467,30.033783],[31.49248,30.03375],[31.492501,30.033723],[31.492529,30.0337],[31.492562,30.033684],[31.492599,30.033676]]},"properties":{"kind":"road","class":"tertiary","weight":1.4,"name":null}},{"type":"Feature","geometry":{"type":"LineString","coordinates":[[31.5194,30.018142],[31.519452,30.018268],[31.519516,30.018423],[31.519585,30.018599],[31.519671,30.018812],[31.51969,30.018913],[31.519694,30.018966],[31.519681,30.019051],[31.519661,30.019143],[31.519635,30.01927],[31.519601,30.019371],[31.519421,30.019898],[31.519388,30.019987],[31.519209,30.020473],[31.519132,30.020701],[31.519087,30.020881],[31.519051,30.021054],[31.519057,30.021209],[31.519082,30.021363],[31.519127,30.021513],[31.51919,30.021658],[31.519272,30.021796]]},"properties":{"kind":"road","class":"residential","weight":1.0,"name":null}},{"type":"Feature","geometry":{"type":"LineString","coordinates":[[31.519157,30.021869],[31.519073,30.021741],[31.519003,30.021605],[31.51895,30.021463],[31.518915,30.021318],[31.518898,30.021169],[31.5189,30.02102],[31.518916,30.020873],[31.51896,30.020689],[31.519027,30.020445],[31.51918,30.020003],[31.519368,30.019463],[31.519418,30.019317],[31.519449,30.019155],[31.519463,30.019032],[31.519462,30.018951],[31.519447,30.018864],[31.519382,30.01867],[31.519309,30.018501],[31.519245,30.01837],[31.519228,30.01834],[31.519205,30.018313],[31.519177,30.018289],[31.519144,30.018271],[31.519111,30.01826],[31.519076,30.018253],[31.51904,30.018252]]},"properties":{"kind":"road","class":"residential","weight":1.0,"name":null}},{"type":"Feature","geometry":{"type":"LineString","coordinates":[[31.51832,30.018232],[31.518204,30.018249],[31.518096,30.01829],[31.518049,30.018322],[31.518003,30.018353],[31.517931,30.018433],[31.517632,30.018938],[31.516995,30.019974],[31.516968,30.020018],[31.51695,30.020048],[31.516498,30.020799],[31.516409,30.020937],[31.516361,30.021062],[31.51633,30.021191],[31.516326,30.02122],[31.516314,30.021322],[31.516315,30.021453],[31.516332,30.021584],[31.516365,30.021713]]},"properties":{"kind":"road","class":"residential","weight":1.0,"name":null}},{"type":"Feature","geometry":{"type":"LineString","coordinates":[[31.515859,30.021219],[31.515969,30.021181],[31.516071,30.021126],[31.516159,30.021057],[31.516232,30.020975],[31.516288,30.020884],[31.516421,30.02065],[31.516559,30.02039],[31.516831,30.019951],[31.517255,30.019269],[31.517382,30.019086],[31.517807,30.018401],[31.517839,30.018304],[31.517847,30.018219],[31.517832,30.018104],[31.517793,30.018008]]},"properties":{"kind":"road","class":"residential","weight":1.0,"name":null}},{"type":"Feature","geometry":{"type":"LineString","coordinates":[[31.519417,30.021805],[31.51955,30.021769],[31.519668,30.021705],[31.519764,30.021618],[31.519831,30.021512],[31.519893,30.021329],[31.519942,30.021091],[31.519978,30.020829],[31.520046,30.020541],[31.520154,30.02022],[31.520185,30.020132],[31.520238,30.019984],[31.520459,30.019508],[31.520484,30.019414],[31.520493,30.019331],[31.520488,30.01925],[31.52047,30.019191],[31.52044,30.019082]]},"properties":{"kind":"road","class":"residential","weight":1.0,"name":null}},{"type":"Feature","geometry":{"type":"LineString","coordinates":[[31.518946,30.022168],[31.518428,30.022362],[31.518346,30.022378],[31.518262,30.02237],[31.518186,30.02234],[31.518123,30.022291],[31.517836,30.021895],[31.517666,30.021571],[31.517627,30.021431],[31.517611,30.021287],[31.51762,30.021143],[31.517652,30.021001],[31.517927,30.020511],[31.517974,30.020426],[31.518339,30.019784],[31.518381,30.019715],[31.518439,30.019655],[31.51851,30.019607],[31.518591,30.019573],[31.519368,30.019463]]},"properties":{"kind":"road","class":"residential","weight":1.0,"name":null}},{"type":"Feature","geometry":{"type":"LineString","coordinates":[[31.474887,30.024465],[31.474969,30.028489],[31.474964,30.029668]]},"properties":{"kind":"road","class":"primary","weight":2.4,"name":"\u0645\u062d\u0648\u0631 \u0645\u062d\u0645\u062f \u0646\u062c\u064a\u0628"}},{"type":"Feature","geometry":{"type":"LineString","coordinates":[[31.474836,30.029662],[31.474848,30.028489],[31.474843,30.027859],[31.474786,30.024469]]},"properties":{"kind":"road","class":"primary","weight":2.4,"name":"\u0645\u062d\u0648\u0631 \u0645\u062d\u0645\u062f \u0646\u062c\u064a\u0628"}},{"type":"Feature","geometry":{"type":"LineString","coordinates":[[31.501525,30.041689],[31.501512,30.041664],[31.501491,30.041644],[31.501464,30.04163],[31.501433,30.041623],[31.501401,30.041624],[31.501371,30.041634],[31.501345,30.041651],[31.501327,30.041674],[31.501317,30.0417],[31.501317,30.041726],[31.501325,30.041752],[31.501342,30.041775],[31.501365,30.041792],[31.501385,30.041801],[31.501406,30.041806],[31.501431,30.041807],[31.501455,30.041803],[31.501477,30.041794],[31.501496,30.041781],[31.501514,30.041762],[31.501525,30.04174],[31.501529,30.041716],[31.501525,30.041689]]},"properties":{"kind":"road","class":"residential","weight":1.0,"name":null}},{"type":"Feature","geometry":{"type":"LineString","coordinates":[[31.500827,30.03992],[31.500879,30.04009],[31.501051,30.040615],[31.501199,30.041017],[31.50137,30.041484],[31.501433,30.041623]]},"properties":{"kind":"road","class":"residential","weight":1.0,"name":null}},{"type":"Feature","geometry":{"type":"LineString","coordinates":[[31.501327,30.041674],[31.501269,30.041479],[31.501141,30.041118],[31.500882,30.040427],[31.500797,30.040225],[31.500736,30.040115],[31.500691,30.040044],[31.50064,30.039966]]},"properties":{"kind":"road","class":"residential","weight":1.0,"name":null}},{"type":"Feature","geometry":{"type":"LineString","coordinates":[[31.496925,30.040782],[31.496724,30.040822],[31.496569,30.040908],[31.496502,30.040998],[31.496464,30.041159],[31.496483,30.041298],[31.496529,30.041409],[31.496663,30.041551],[31.496741,30.041648],[31.496765,30.041704],[31.496765,30.042243],[31.49677,30.042303],[31.496805,30.042382],[31.496907,30.042494],[31.497044,30.042558],[31.497176,30.042569],[31.497382,30.042566],[31.498153,30.042517],[31.498262,30.042506],[31.498823,30.042447],[31.49947,30.042363],[31.500195,30.042222],[31.500669,30.042112],[31.500875,30.042059],[31.500939,30.042042],[31.501071,30.041985],[31.501212,30.041897],[31.501365,30.041792]]},"properties":{"kind":"road","class":"residential","weight":1.0,"name":null}},{"type":"Feature","geometry":{"type":"LineString","coordinates":[[31.501529,30.041716],[31.501627,30.04175],[31.501718,30.041762],[31.501853,30.041769],[31.501993,30.041759],[31.502667,30.041545],[31.503274,30.041315],[31.50398,30.041021],[31.504497,30.04078],[31.504588,30.040721],[31.504661,30.040624],[31.504665,30.040508],[31.504491,30.040232],[31.504462,30.040187],[31.504214,30.039832]]},"properties":{"kind":"road","class":"residential","weight":1.0,"name":null}},{"type":"Feature","geometry":{"type":"LineString","coordinates":[[31.503626,30.03907],[31.503608,30.038977],[31.503555,30.038882],[31.503496,30.03881],[31.503398,30.038739]]},"properties":{"kind":"road","class":"residential","weight":1.0,"name":null}},{"type":"Feature","geometry":{"type":"LineString","coordinates":[[31.504214,30.039832],[31.503854,30.04],[31.503739,30.040048],[31.502762,30.040455],[31.502572,30.040515],[31.502403,30.040527],[31.502263,30.040485],[31.502143,30.040395],[31.502034,30.040184],[31.502002,30.040028],[31.501978,30.039751],[31.501971,30.039623],[31.501956,30.039503]]},"properties":{"kind":"road","class":"residential","weight":1.0,"name":null}},{"type":"Feature","geometry":{"type":"LineString","coordinates":[[31.500042,30.037872],[31.500134,30.037767],[31.500238,30.037689],[31.50037,30.037624],[31.501658,30.037118],[31.501897,30.037018],[31.501977,30.036995],[31.502068,30.036998],[31.502167,30.037025],[31.502264,30.037094],[31.502341,30.037191],[31.502401,30.037277],[31.502703,30.03771],[31.502975,30.038098],[31.503169,30.038375],[31.50327,30.038532],[31.503398,30.038739],[31.503413,30.038881],[31.50344,30.038949],[31.5035,30.039007],[31.503626,30.03907]]},"properties":{"kind":"road","class":"residential","weight":1.0,"name":null}},{"type":"Feature","geometry":{"type":"LineString","coordinates":[[31.501854,30.039231],[31.501793,30.039133],[31.501696,30.039008],[31.50155,30.038837],[31.501468,30.038721],[31.501425,30.0386],[31.501413,30.038499],[31.501426,30.038414],[31.501471,30.038322],[31.501552,30.038245],[31.501685,30.038168],[31.501893,30.038082],[31.502141,30.037972],[31.502703,30.03771]]},"properties":{"kind":"road","class":"residential","weight":1.0,"name":null}},{"type":"Feature","geometry":{"type":"LineString","coordinates":[[31.501956,30.039503],[31.501904,30.039486],[31.501869,30.039464],[31.50184,30.039431],[31.501806,30.03935],[31.501806,30.039293],[31.501818,30.039261],[31.501854,30.039231]]},"properties":{"kind":"road","class":"residential","weight":1.0,"name":null}},{"type":"Feature","geometry":{"type":"LineString","coordinates":[[31.500457,30.039735],[31.500453,30.039605],[31.500461,30.039537],[31.500486,30.039498],[31.500518,30.039479],[31.500571,30.039464],[31.500636,30.039461],[31.500678,30.039469],[31.500714,30.039504],[31.500787,30.039607],[31.500832,30.039724],[31.500851,30.039837],[31.500827,30.03992],[31.500772,30.039959],[31.50071,30.039977],[31.50064,30.039966],[31.500568,30.039928],[31.500526,30.039874],[31.50048,30.039814],[31.500457,30.039735]]},"properties":{"kind":"road","class":"residential","weight":1.0,"name":null}},{"type":"Feature","geometry":{"type":"LineString","coordinates":[[31.500461,30.039537],[31.500442,30.039387],[31.500412,30.03927],[31.500034,30.038235],[31.499993,30.038133],[31.499935,30.038024]]},"properties":{"kind":"road","class":"residential","weight":1.0,"name":null}},{"type":"Feature","geometry":{"type":"LineString","coordinates":[[31.500043,30.037992],[31.500077,30.038096],[31.500112,30.038201],[31.5005,30.039175],[31.500565,30.039308],[31.500678,30.039469]]},"properties":{"kind":"road","class":"residential","weight":1.0,"name":null}},{"type":"Feature","geometry":{"type":"LineString","coordinates":[[31.500787,30.039607],[31.500879,30.039606],[31.50095,30.039595],[31.501303,30.0395],[31.501336,30.039491],[31.50139,30.039476],[31.501806,30.03935]]},"properties":{"kind":"road","class":"residential","weight":1.0,"name":null}},{"type":"Feature","geometry":{"type":"LineString","coordinates":[[31.50184,30.039431],[31.501399,30.039549],[31.50136,30.03956],[31.501326,30.039569],[31.500987,30.03966],[31.500923,30.039681],[31.500832,30.039724]]},"properties":{"kind":"road","class":"residential","weight":1.0,"name":null}},{"type":"Feature","geometry":{"type":"LineString","coordinates":[[31.499503,30.040049],[31.499905,30.039917],[31.500457,30.039735]]},"properties":{"kind":"road","class":"residential","weight":1.0,"name":null}},{"type":"Feature","geometry":{"type":"LineString","coordinates":[[31.50048,30.039814],[31.499866,30.040007],[31.49952,30.040116]]},"properties":{"kind":"road","class":"residential","weight":1.0,"name":null}},{"type":"Feature","geometry":{"type":"LineString","coordinates":[[31.500061,30.0379],[31.500067,30.037924],[31.500066,30.037948],[31.500058,30.037971],[31.500043,30.037992],[31.500023,30.038008],[31.499996,30.038021],[31.499966,30.038026],[31.499935,30.038024],[31.499906,30.038014],[31.499877,30.037993],[31.499858,30.037965],[31.499852,30.037934],[31.499858,30.037902],[31.499876,30.037873],[31.499905,30.037852],[31.49994,30.037841],[31.499977,30.037841],[31.500013,30.037852],[31.500042,30.037872],[31.500061,30.0379]]},"properties":{"kind":"road","class":"residential","weight":1.0,"name":null}},{"type":"Feature","geometry":{"type":"LineString","coordinates":[[31.496914,30.040043],[31.496723,30.039983],[31.496616,30.039937],[31.496536,30.039867],[31.496491,30.039784],[31.496474,30.039675],[31.496462,30.039385],[31.496458,30.038869],[31.496464,30.038695],[31.496483,30.038568],[31.496515,30.038479],[31.496566,30.038409],[31.496659,30.038334],[31.496766,30.038273],[31.496883,30.038234],[31.497057,30.038201],[31.49737,30.038172],[31.498139,30.038099],[31.498515,30.038049],[31.499242,30.037904],[31.499431,30.037874],[31.499597,30.037871],[31.499858,30.037902]]},"properties":{"kind":"road","class":"residential","weight":1.0,"name":null}},{"type":"Feature","geometry":{"type":"LineString","coordinates":[[31.487761,30.048944],[31.487898,30.049007]]},"properties":{"kind":"road","class":"residential","weight":1.0,"name":null}},{"type":"Feature","geometry":{"type":"LineString","coordinates":[[31.487727,30.049816],[31.487771,30.049799],[31.487827,30.049797],[31.487873,30.049803],[31.487933,30.049861],[31.488008,30.049923],[31.488104,30.049958],[31.488207,30.049967],[31.48937,30.049962],[31.489507,30.049958],[31.489644,30.049941],[31.489783,30.04992]]},"properties":{"kind":"road","class":"residential","weight":1.0,"name":"\u0634\u0627\u0631\u0639 \u0627\u0644\u0634\u0647\u064a\u062f \u0639\u0644\u0649 \u062c\u0648\u062f\u0647 \u062d\u0633\u0646"}},{"type":"Feature","geometry":{"type":"LineString","coordinates":[[31.487207,30.053286],[31.487303,30.053116],[31.487324,30.053042],[31.487334,30.052967],[31.487327,30.052633],[31.48732,30.051055],[31.487324,30.050928],[31.487343,30.050801],[31.487378,30.050677],[31.487428,30.050557],[31.487602,30.050232],[31.487648,30.050145],[31.487669,30.050095],[31.487704,30.049967],[31.487727,30.049816],[31.487733,30.049639],[31.487722,30.049506],[31.487715,30.049226],[31.487713,30.04913],[31.487727,30.049053],[31.487761,30.048944],[31.487804,30.048861],[31.487879,30.048774],[31.487973,30.048702],[31.48808,30.048647],[31.488198,30.048611],[31.488318,30.048604],[31.488959,30.048603],[31.48905,30.048602],[31.490301,30.048603],[31.490391,30.048599],[31.490473,30.048584],[31.490552,30.048561]]},"properties":{"kind":"road","class":"residential","weight":1.0,"name":"\u0634\u0627\u0631\u0639 \u0639\u0628\u062f\u0627\u0644\u0647\u0627\u062f\u0649 \u0631\u0627\u0636\u0649"}},{"type":"Feature","geometry":{"type":"LineString","coordinates":[[31.489765,30.050236],[31.489711,30.05018],[31.489684,30.050111],[31.489688,30.050038],[31.489722,30.049971],[31.489783,30.04992],[31.489869,30.04989],[31.489962,30.049892],[31.490046,30.049926],[31.490108,30.049986],[31.490136,30.050063],[31.490127,30.050143],[31.490082,30.050213],[31.49,30.050265],[31.489901,30.050281],[31.489803,30.050258],[31.489765,30.050236]]},"properties":{"kind":"road","class":"residential","weight":1.0,"name":null}},{"type":"Feature","geometry":{"type":"LineString","coordinates":[[31.499414,30.024084],[31.499671,30.023872]]},"properties":{"kind":"road","class":"unclassified","weight":1.0,"name":null}},{"type":"Feature","geometry":{"type":"LineString","coordinates":[[31.492553,30.04971],[31.492628,30.049645],[31.492899,30.049429],[31.492982,30.04938],[31.493039,30.049361],[31.493098,30.049351],[31.493168,30.049346],[31.493225,30.049359],[31.493288,30.049376],[31.493338,30.0494],[31.493429,30.049471],[31.493574,30.049603],[31.493628,30.049663],[31.493656,30.049706],[31.49367,30.049749],[31.493678,30.049793],[31.493679,30.049848],[31.49368,30.04994],[31.493684,30.050313],[31.493678,30.050375],[31.493661,30.050456],[31.493634,30.050524],[31.49359,30.050637],[31.493578,30.050672],[31.493572,30.050711],[31.493572,30.050728],[31.493569,30.050825],[31.49357,30.051092]]},"properties":{"kind":"road","class":"residential","weight":1.0,"name":null}},{"type":"Feature","geometry":{"type":"LineString","coordinates":[[31.492382,30.049401],[31.492399,30.049427],[31.49242,30.049451],[31.492444,30.049474],[31.492471,30.049496],[31.492628,30.049645],[31.492746,30.049757],[31.492798,30.049822],[31.492839,30.049893],[31.492868,30.049968],[31.492881,30.050019],[31.49289,30.050099],[31.492885,30.050179],[31.492867,30.050258],[31.492801,30.050405],[31.492674,30.050618]]},"properties":{"kind":"road","class":"residential","weight":1.0,"name":null}},{"type":"Feature","geometry":{"type":"LineString","coordinates":[[31.49594,30.032052],[31.496138,30.032053],[31.496343,30.032052]]},"properties":{"kind":"road","class":"residential","weight":1.0,"name":null}},{"type":"Feature","geometry":{"type":"LineString","coordinates":[[31.49595,30.037444],[31.496003,30.037554],[31.496079,30.037653],[31.496132,30.0377],[31.496175,30.037738],[31.496288,30.037806],[31.496414,30.037854],[31.49655,30.03788],[31.4973,30.037874],[31.497431,30.037865],[31.497674,30.037848],[31.498047,30.037805],[31.498515,30.037731],[31.498713,30.037687],[31.499473,30.03753],[31.499838,30.03743],[31.500375,30.037267],[31.501017,30.037041],[31.50127,30.036938],[31.501767,30.036724],[31.50216,30.036537],[31.502421,30.036396],[31.503173,30.035934],[31.503309,30.035847],[31.503493,30.035712],[31.503646,30.035599],[31.503872,30.035418],[31.50436,30.035008],[31.504597,30.034773],[31.505098,30.03428],[31.505316,30.034062],[31.505549,30.033787],[31.50567,30.033638],[31.505948,30.03327],[31.506328,30.032662],[31.506363,30.032549],[31.506376,30.032432],[31.506365,30.032316],[31.506331,30.032203],[31.506276,30.032096]]},"properties":{"kind":"road","class":"tertiary","weight":1.4,"name":null}},{"type":"Feature","geometry":{"type":"LineString","coordinates":[[31.471645,30.042595],[31.471644,30.042466]]},"properties":{"kind":"road","class":"tertiary_link","weight":1.1,"name":null}},{"type":"Feature","geometry":{"type":"LineString","coordinates":[[31.470187,30.042469],[31.470188,30.042601]]},"properties":{"kind":"road","class":"tertiary_link","weight":1.1,"name":null}},{"type":"Feature","geometry":{"type":"LineString","coordinates":[[31.487271,30.047522],[31.487363,30.047521]]},"properties":{"kind":"road","class":"residential","weight":1.0,"name":null}},{"type":"Feature","geometry":{"type":"LineString","coordinates":[[31.487377,30.027466],[31.487291,30.027537],[31.487219,30.027606],[31.487187,30.027656],[31.487166,30.027687],[31.487133,30.027776],[31.487125,30.027841],[31.487122,30.027868],[31.487119,30.02811],[31.487118,30.028174],[31.487131,30.028261],[31.487162,30.028342],[31.487214,30.028414],[31.487285,30.028473]]},"properties":{"kind":"road","class":"unclassified","weight":1.0,"name":null}},{"type":"Feature","geometry":{"type":"LineString","coordinates":[[31.486832,30.028475],[31.486919,30.028422],[31.486983,30.028348],[31.486992,30.028325],[31.487019,30.028261],[31.487023,30.028168],[31.48703,30.027869],[31.487028,30.027775],[31.487005,30.027678],[31.48698,30.027639],[31.486951,30.027591],[31.48687,30.027521],[31.48677,30.027473]]},"properties":{"kind":"road","class":"unclassified","weight":1.0,"name":null}},{"type":"Feature","geometry":{"type":"LineString","coordinates":[[31.479714,30.025701],[31.479544,30.0258],[31.479471,30.025846],[31.479419,30.025898],[31.47937,30.025976],[31.479347,30.026053],[31.479339,30.026366],[31.479345,30.026445],[31.479367,30.026527],[31.479385,30.026575],[31.479411,30.026621],[31.479447,30.02667],[31.479491,30.026714]]},"properties":{"kind":"road","class":"unclassified","weight":1.0,"name":null}},{"type":"Feature","geometry":{"type":"LineString","coordinates":[[31.489553,30.025665],[31.489455,30.025682],[31.489374,30.025689],[31.489281,30.025692],[31.488982,30.025687],[31.48889,30.025686],[31.488452,30.02568],[31.487639,30.025671],[31.487128,30.025669],[31.486552,30.025669],[31.485166,30.025668],[31.484706,30.025673],[31.482634,30.025685],[31.481844,30.025692],[31.481059,30.025699],[31.480842,30.025701],[31.480619,30.025701],[31.480135,30.025698],[31.479714,30.025701],[31.478837,30.025702],[31.477445,30.025701],[31.476966,30.025711],[31.47645,30.025721],[31.475723,30.025735],[31.475597,30.02575],[31.475544,30.025767],[31.475477,30.025788],[31.47537,30.025848]]},"properties":{"kind":"road","class":"tertiary","weight":1.4,"name":"\u0634\u0627\u0631\u0639 \u0627\u0644\u062a\u0633\u0639\u064a\u0646 \u0627\u0644\u062c\u0646\u0648\u0628\u064a \u0627\u0644\u062c\u0627\u0646\u0628\u0649"}},{"type":"Feature","geometry":{"type":"LineString","coordinates":[[31.479139,30.026715],[31.479212,30.026588],[31.479234,30.02653],[31.47925,30.026471],[31.479259,30.026411],[31.47926,30.026116],[31.479246,30.026037],[31.479215,30.02596],[31.479181,30.025908],[31.479168,30.025891],[31.479106,30.025831],[31.479032,30.025782],[31.478949,30.025746],[31.478837,30.025702]]},"properties":{"kind":"road","class":"unclassified","weight":1.0,"name":null}},{"type":"Feature","geometry":{"type":"LineString","coordinates":[[31.519377,30.044511],[31.519754,30.044858],[31.520089,30.045167]]},"properties":{"kind":"road","class":"residential","weight":1.0,"name":null}},{"type":"Feature","geometry":{"type":"LineString","coordinates":[[31.515694,30.042984],[31.515728,30.043039],[31.515778,30.043084],[31.515844,30.043124],[31.515937,30.043157],[31.51604,30.043186],[31.516157,30.043208],[31.51629,30.043246],[31.516433,30.043295],[31.516543,30.043338],[31.516707,30.043427],[31.51684,30.04352],[31.517034,30.043679],[31.517149,30.043767],[31.517194,30.043801],[31.517315,30.043887],[31.517419,30.043948],[31.517597,30.044039],[31.51769,30.044102],[31.517768,30.044178],[31.517829,30.044265],[31.517875,30.044373],[31.517926,30.044457],[31.517974,30.044525],[31.518066,30.044643],[31.518298,30.044893],[31.519006,30.045533],[31.519067,30.04557],[31.519136,30.0456],[31.519205,30.045617],[31.519272,30.045625],[31.519335,30.045626],[31.519396,30.045621],[31.519462,30.04561],[31.519545,30.045585],[31.519609,30.045555],[31.51967,30.045519],[31.520089,30.045167],[31.520285,30.044996],[31.520349,30.044922],[31.520405,30.044843],[31.520453,30.04476],[31.520493,30.044675],[31.520524,30.044586],[31.520546,30.044496],[31.52056,30.044404]]},"properties":{"kind":"road","class":"residential","weight":1.0,"name":null}},{"type":"Feature","geometry":{"type":"LineString","coordinates":[[31.472976,30.042462],[31.472976,30.042589]]},"properties":{"kind":"road","class":"tertiary_link","weight":1.1,"name":null}},{"type":"Feature","geometry":{"type":"LineString","coordinates":[[31.495766,30.030687],[31.495822,30.030727],[31.495879,30.030782],[31.495917,30.030848],[31.495932,30.03092],[31.49594,30.032052],[31.49594,30.032107],[31.495944,30.033543],[31.495942,30.034324],[31.495944,30.034729],[31.495944,30.034804],[31.495944,30.035066],[31.495944,30.035356],[31.495957,30.036254],[31.495957,30.036345],[31.495956,30.036459],[31.495951,30.037239],[31.49595,30.037444],[31.495961,30.038498],[31.495977,30.040021],[31.495978,30.040163],[31.495978,30.040607],[31.495972,30.042374],[31.495946,30.042435],[31.495884,30.042471],[31.495811,30.042465]]},"properties":{"kind":"road","class":"tertiary","weight":1.4,"name":"\u0645\u062d\u0648\u0631 \u0627\u0644\u062a\u062d\u0631\u064a\u0631 \u0627\u0644\u062c\u0627\u0646\u0628\u0649"}},{"type":"Feature","geometry":{"type":"LineString","coordinates":[[31.489379,30.020866],[31.489378,30.020758]]},"properties":{"kind":"road","class":"tertiary_link","weight":1.1,"name":null}},{"type":"Feature","geometry":{"type":"LineString","coordinates":[[31.478261,30.04088],[31.478185,30.040902],[31.478084,30.040929]]},"properties":{"kind":"road","class":"residential","weight":1.0,"name":null}},{"type":"Feature","geometry":{"type":"LineString","coordinates":[[31.492237,30.045962],[31.492232,30.045794]]},"properties":{"kind":"road","class":"secondary_link","weight":1.3,"name":null}},{"type":"Feature","geometry":{"type":"LineString","coordinates":[[31.494978,30.021269],[31.494975,30.021392]]},"properties":{"kind":"road","class":"tertiary_link","weight":1.1,"name":null}},{"type":"Feature","geometry":{"type":"LineString","coordinates":[[31.491317,30.040288],[31.491806,30.040283],[31.491895,30.040259],[31.491965,30.040205],[31.492002,30.040132],[31.492001,30.040051]]},"properties":{"kind":"road","class":"residential","weight":1.0,"name":null}},{"type":"Feature","geometry":{"type":"LineString","coordinates":[[31.491553,30.039372],[31.491941,30.039382],[31.491963,30.039383],[31.491983,30.039377],[31.492,30.039365],[31.492011,30.039349],[31.492018,30.038806],[31.492008,30.038784],[31.491991,30.038764],[31.49197,30.038749],[31.491543,30.038729]]},"properties":{"kind":"road","class":"residential","weight":1.0,"name":null}},{"type":"Feature","geometry":{"type":"LineString","coordinates":[[31.491111,30.040758],[31.4912,30.040689],[31.491271,30.040607]]},"properties":{"kind":"road","class":"residential","weight":1.0,"name":null}},{"type":"Feature","geometry":{"type":"LineString","coordinates":[[31.491352,30.040604],[31.491402,30.040686],[31.491472,30.040756]]},"properties":{"kind":"road","class":"residential","weight":1.0,"name":null}},{"type":"Feature","geometry":{"type":"LineString","coordinates":[[31.491324,30.040514],[31.491317,30.040288],[31.491311,30.03983],[31.491313,30.039708],[31.491322,30.039591],[31.491368,30.03946],[31.491404,30.039374]]},"properties":{"kind":"road","class":"residential","weight":1.0,"name":null}},{"type":"Feature","geometry":{"type":"LineString","coordinates":[[31.491511,30.039244],[31.491541,30.03926],[31.491563,30.039284],[31.491573,30.039314],[31.49157,30.039345],[31.491553,30.039372],[31.49152,30.039396],[31.491479,30.039404],[31.491437,30.039396],[31.491404,30.039374],[31.491384,30.03934],[31.491385,30.039302],[31.491405,30.039268],[31.49144,30.039246],[31.491475,30.039239],[31.491511,30.039244]]},"properties":{"kind":"road","class":"residential","weight":1.0,"name":null}},{"type":"Feature","geometry":{"type":"LineString","coordinates":[[31.491767,30.038309],[31.491676,30.03835],[31.491603,30.038414],[31.491569,30.038466],[31.491553,30.038521]]},"properties":{"kind":"road","class":"residential","weight":1.0,"name":null}},{"type":"Feature","geometry":{"type":"LineString","coordinates":[[31.491426,30.038517],[31.491425,30.038466],[31.491407,30.038415],[31.49138,30.038369],[31.491353,30.038309]]},"properties":{"kind":"road","class":"residential","weight":1.0,"name":null}},{"type":"Feature","geometry":{"type":"LineString","coordinates":[[31.492789,30.040453],[31.493212,30.040445],[31.493515,30.040442],[31.493537,30.040451],[31.493554,30.040466],[31.493562,30.040486],[31.493565,30.040815]]},"properties":{"kind":"road","class":"residential","weight":1.0,"name":null}},{"type":"Feature","geometry":{"type":"LineString","coordinates":[[31.493956,30.03931],[31.494414,30.039298],[31.494624,30.039293],[31.494726,30.03929],[31.495145,30.039279],[31.495172,30.039268],[31.495195,30.039251],[31.495211,30.03923],[31.495207,30.038846]]},"properties":{"kind":"road","class":"residential","weight":1.0,"name":null}},{"type":"Feature","geometry":{"type":"LineString","coordinates":[[31.493968,30.04079],[31.493964,30.040273],[31.493963,30.040218],[31.493963,30.040201],[31.493958,30.039938]]},"properties":{"kind":"road","class":"residential","weight":1.0,"name":null}},{"type":"Feature","geometry":{"type":"LineString","coordinates":[[31.493206,30.039294],[31.492786,30.039288]]},"properties":{"kind":"road","class":"residential","weight":1.0,"name":null}},{"type":"Feature","geometry":{"type":"LineString","coordinates":[[31.49279,30.038719],[31.492794,30.038461],[31.49281,30.038435],[31.492843,30.038423],[31.493508,30.038432],[31.493529,30.03844],[31.493546,30.038452],[31.493558,30.038469],[31.493542,30.039024]]},"properties":{"kind":"road","class":"residential","weight":1.0,"name":null}},{"type":"Feature","geometry":{"type":"LineString","coordinates":[[31.493206,30.039294],[31.4932,30.039023],[31.493193,30.038759],[31.493191,30.038747],[31.493185,30.038736],[31.493174,30.038728],[31.493162,30.038723],[31.49279,30.038719]]},"properties":{"kind":"road","class":"residential","weight":1.0,"name":null}},{"type":"Feature","geometry":{"type":"LineString","coordinates":[[31.491509,30.028872],[31.491485,30.028841],[31.491468,30.028807],[31.491459,30.028771],[31.491458,30.028733],[31.491466,30.028697],[31.491481,30.028662],[31.491504,30.02863]]},"properties":{"kind":"road","class":"primary_link","weight":1.6,"name":null}},{"type":"Feature","geometry":{"type":"LineString","coordinates":[[31.482509,30.045895],[31.4826,30.045893]]},"properties":{"kind":"road","class":"residential","weight":1.0,"name":null}},{"type":"Feature","geometry":{"type":"LineString","coordinates":[[31.49394,30.031935],[31.493942,30.032055]]},"properties":{"kind":"road","class":"tertiary_link","weight":1.1,"name":null}},{"type":"Feature","geometry":{"type":"LineString","coordinates":[[31.496322,30.031036],[31.49615,30.031036],[31.496125,30.031033],[31.496103,30.031023],[31.496085,30.031007],[31.496075,30.030987],[31.496073,30.030732],[31.496075,30.030724],[31.496081,30.030718],[31.496088,30.030714],[31.496096,30.030713],[31.496278,30.030708],[31.496296,30.030701],[31.49631,30.03069],[31.49632,30.030674],[31.496323,30.030658],[31.496315,30.030394],[31.496319,30.030376],[31.496329,30.030361],[31.496344,30.030348],[31.496363,30.03034],[31.496383,30.030337],[31.497039,30.030339],[31.497156,30.030306],[31.497263,30.030254],[31.497357,30.030185],[31.497433,30.030101],[31.497488,30.030006],[31.497844,30.029116]]},"properties":{"kind":"road","class":"residential","weight":1.0,"name":null}},{"type":"Feature","geometry":{"type":"LineString","coordinates":[[31.495207,30.038846],[31.495202,30.038779],[31.49518,30.038714],[31.495143,30.038654],[31.49508,30.038629],[31.494985,30.038636],[31.494892,30.038619],[31.494808,30.038579],[31.494741,30.038521],[31.494696,30.038448],[31.494655,30.038421],[31.493954,30.038431]]},"properties":{"kind":"road","class":"residential","weight":1.0,"name":null}},{"type":"Feature","geometry":{"type":"LineString","coordinates":[[31.493954,30.038303],[31.493954,30.038379],[31.493954,30.038431],[31.493955,30.038712],[31.493955,30.039023],[31.493956,30.03931],[31.493956,30.039365],[31.493957,30.039619],[31.493958,30.039938]]},"properties":{"kind":"road","class":"residential","weight":1.0,"name":null}},{"type":"Feature","geometry":{"type":"LineString","coordinates":[[31.4932,30.039023],[31.493542,30.039024],[31.493955,30.039023]]},"properties":{"kind":"road","class":"residential","weight":1.0,"name":null}},{"type":"Feature","geometry":{"type":"LineString","coordinates":[[31.494657,30.038316],[31.49466,30.038127]]},"properties":{"kind":"road","class":"tertiary_link","weight":1.1,"name":null}},{"type":"Feature","geometry":{"type":"LineString","coordinates":[[31.498318,30.034305],[31.498351,30.034325],[31.498375,30.034352],[31.498388,30.034385],[31.498389,30.03442],[31.498375,30.034451],[31.498347,30.034526],[31.498331,30.034602],[31.498336,30.034669],[31.498363,30.034772],[31.498568,30.035489],[31.498661,30.035808],[31.499042,30.037175],[31.499087,30.037288],[31.499122,30.037329],[31.499184,30.037402],[31.499317,30.037485],[31.499473,30.03753]]},"properties":{"kind":"road","class":"tertiary","weight":1.4,"name":null}},{"type":"Feature","geometry":{"type":"LineString","coordinates":[[31.495942,30.034324],[31.49602,30.034402],[31.496118,30.034461],[31.49623,30.034497],[31.496349,30.034507],[31.496778,30.034497],[31.497092,30.034474],[31.497541,30.03444],[31.497938,30.034388],[31.49801,30.034376],[31.498318,30.034305],[31.49864,30.03422],[31.49927,30.034024],[31.499612,30.033886],[31.49986,30.033775],[31.500242,30.033574],[31.500569,30.033389],[31.501161,30.032975],[31.501618,30.032593],[31.501837,30.032391],[31.50199,30.032229],[31.502279,30.031885],[31.502569,30.031527],[31.502639,30.031422],[31.502835,30.031111],[31.502866,30.031015],[31.502876,30.030915],[31.502863,30.030815],[31.502828,30.03072],[31.502782,30.030641]]},"properties":{"kind":"road","class":"tertiary","weight":1.4,"name":null}},{"type":"Feature","geometry":{"type":"LineString","coordinates":[[31.499186,30.039037],[31.499084,30.039107]]},"properties":{"kind":"road","class":"residential","weight":1.0,"name":null}},{"type":"Feature","geometry":{"type":"LineString","coordinates":[[31.499177,30.03919],[31.499269,30.039128]]},"properties":{"kind":"road","class":"residential","weight":1.0,"name":null}},{"type":"Feature","geometry":{"type":"LineString","coordinates":[[31.490634,30.040296],[31.490633,30.040101],[31.490631,30.039797],[31.490631,30.03974],[31.490629,30.039459],[31.490628,30.039251],[31.490627,30.039118],[31.490625,30.038781],[31.490624,30.03853],[31.490604,30.038507],[31.490577,30.03849],[31.490545,30.038481],[31.490344,30.038485],[31.490306,30.038518],[31.490279,30.038616],[31.490282,30.039115],[31.490279,30.03974],[31.49029,30.040564],[31.490317,30.040613],[31.490357,30.040643],[31.490754,30.040659],[31.490899,30.04062],[31.490947,30.04056],[31.490917,30.040311],[31.490841,30.040284]]},"properties":{"kind":"road","class":"residential","weight":1.0,"name":null}},{"type":"Feature","geometry":{"type":"LineString","coordinates":[[31.496351,30.0346],[31.496349,30.034507]]},"properties":{"kind":"road","class":"tertiary_link","weight":1.1,"name":null}},{"type":"Feature","geometry":{"type":"LineString","coordinates":[[31.496549,30.038051],[31.496526,30.03802],[31.496514,30.037984],[31.496514,30.037947],[31.496526,30.037911],[31.49655,30.03788]]},"properties":{"kind":"road","class":"tertiary_link","weight":1.1,"name":null}},{"type":"Feature","geometry":{"type":"LineString","coordinates":[[31.49053,30.031592],[31.49053,30.031523],[31.490528,30.031418],[31.490524,30.031376],[31.490502,30.031278],[31.490468,30.031182],[31.490424,30.031089],[31.49037,30.031001],[31.490305,30.030918],[31.490221,30.030822],[31.490129,30.030733],[31.490029,30.030649],[31.489923,30.030572],[31.489816,30.030509],[31.489717,30.030454],[31.489623,30.030392],[31.489534,30.030326],[31.489451,30.030253],[31.489373,30.030176],[31.489296,30.030086],[31.489228,30.02999],[31.489169,30.02989],[31.48912,30.029786],[31.48908,30.029679],[31.48905,30.029557],[31.48902,30.029462],[31.488995,30.029367],[31.488977,30.029282],[31.488953,30.029164],[31.488939,30.029031]]},"properties":{"kind":"road","class":"residential","weight":1.0,"name":null}},{"type":"Feature","geometry":{"type":"LineString","coordinates":[[31.495944,30.033543],[31.49579,30.03354]]},"properties":{"kind":"road","class":"primary_link","weight":1.6,"name":null}},{"type":"Feature","geometry":{"type":"LineString","coordinates":[[31.495944,30.035356],[31.495789,30.035357]]},"properties":{"kind":"road","class":"primary_link","weight":1.6,"name":null}},{"type":"Feature","geometry":{"type":"LineString","coordinates":[[31.495522,30.037618],[31.49544,30.03757],[31.49539,30.037498],[31.495382,30.037413],[31.495374,30.036908],[31.495367,30.036509],[31.495363,30.036153],[31.495351,30.035155],[31.495342,30.033982],[31.495356,30.033698],[31.495359,30.032149],[31.495356,30.03178],[31.495361,30.030848],[31.495375,30.030738],[31.495426,30.030636],[31.49549,30.030564]]},"properties":{"kind":"road","class":"tertiary","weight":1.4,"name":"\u0645\u062d\u0648\u0631 \u0627\u0644\u062a\u062d\u0631\u064a\u0631 \u0627\u0644\u062c\u0627\u0646\u0628\u0649"}},{"type":"Feature","geometry":{"type":"LineString","coordinates":[[31.495171,30.03524],[31.494977,30.035331],[31.494861,30.03537],[31.494742,30.035399],[31.49462,30.035419],[31.494496,30.035429],[31.494244,30.035424],[31.494194,30.035422],[31.494145,30.035412],[31.4941,30.035391],[31.494062,30.035363],[31.494028,30.035327],[31.493984,30.0353],[31.493934,30.035284],[31.493881,30.03528],[31.493581,30.035287],[31.493529,30.0353],[31.493486,30.035329],[31.493458,30.035369],[31.493449,30.035416],[31.493452,30.035608],[31.493455,30.035767],[31.493475,30.03581],[31.49351,30.035846],[31.493556,30.03587],[31.493609,30.035881],[31.493903,30.035888],[31.49395,30.035877],[31.49402,30.035844],[31.494062,30.035824],[31.49419,30.035774],[31.494287,30.035748],[31.494387,30.035736],[31.494489,30.035738],[31.494606,30.035759],[31.494716,30.035798],[31.494959,30.035883],[31.495154,30.036003]]},"properties":{"kind":"road","class":"residential","weight":1.0,"name":null}},{"type":"Feature","geometry":{"type":"LineString","coordinates":[[31.489204,30.02903],[31.489154,30.029284],[31.489145,30.029364],[31.489152,30.029505],[31.489179,30.029643],[31.489223,30.029778],[31.489285,30.029907],[31.489364,30.03003],[31.489443,30.030123],[31.48946,30.030143],[31.489566,30.030241],[31.489681,30.03033],[31.489805,30.030411],[31.489876,30.030449],[31.489936,30.030483],[31.490062,30.030568],[31.490179,30.030662],[31.490285,30.030764],[31.490382,30.030874],[31.490467,30.030991],[31.49054,30.031113],[31.490601,30.031241],[31.490616,30.031293],[31.490629,30.031336],[31.490643,30.031433],[31.490641,30.031528],[31.49064,30.031596]]},"properties":{"kind":"road","class":"residential","weight":1.0,"name":null}},{"type":"Feature","geometry":{"type":"LineString","coordinates":[[31.49745,30.037352],[31.497433,30.037243],[31.497284,30.036269],[31.497279,30.036234],[31.497106,30.035055]]},"properties":{"kind":"road","class":"residential","weight":1.0,"name":null}},{"type":"Feature","geometry":{"type":"LineString","coordinates":[[31.498068,30.036164],[31.498041,30.036074],[31.497763,30.035158],[31.497722,30.035075],[31.497652,30.035026],[31.497574,30.035019],[31.497106,30.035055],[31.496636,30.035082],[31.496552,30.035108],[31.496496,30.035177],[31.49648,30.035262],[31.496477,30.03625]]},"properties":{"kind":"road","class":"residential","weight":1.0,"name":null}},{"type":"Feature","geometry":{"type":"LineString","coordinates":[[31.498605,30.036073],[31.498383,30.036111]]},"properties":{"kind":"road","class":"residential","weight":1.0,"name":null}},{"type":"Feature","geometry":{"type":"LineString","coordinates":[[31.496477,30.03625],[31.496477,30.036263],[31.496477,30.036292],[31.496477,30.036341],[31.496527,30.037159],[31.496535,30.037316],[31.496568,30.03737],[31.496631,30.037402],[31.496737,30.037408],[31.49745,30.037352],[31.497539,30.037342],[31.498132,30.037277],[31.498242,30.037265],[31.498308,30.03722],[31.498328,30.037133],[31.498316,30.037019],[31.498068,30.036164]]},"properties":{"kind":"road","class":"residential","weight":1.0,"name":null}},{"type":"Feature","geometry":{"type":"LineString","coordinates":[[31.496477,30.036341],[31.496242,30.036343]]},"properties":{"kind":"road","class":"residential","weight":1.0,"name":null}},{"type":"Feature","geometry":{"type":"LineString","coordinates":[[31.493561,30.038127],[31.493561,30.038008]]},"properties":{"kind":"road","class":"residential","weight":1.0,"name":null}},{"type":"Feature","geometry":{"type":"LineString","coordinates":[[31.49402,30.035844],[31.494034,30.036566]]},"properties":{"kind":"road","class":"residential","weight":1.0,"name":null}},{"type":"Feature","geometry":{"type":"LineString","coordinates":[[31.493984,30.0353],[31.49399,30.034612]]},"properties":{"kind":"road","class":"residential","weight":1.0,"name":null}},{"type":"Feature","geometry":{"type":"LineString","coordinates":[[31.492965,30.036561],[31.492977,30.036739],[31.493007,30.037185],[31.493023,30.037239],[31.49306,30.037285],[31.493112,30.037319],[31.493173,30.037335],[31.493237,30.037334],[31.493567,30.037342],[31.493634,30.037343],[31.494388,30.037347],[31.494441,30.037344],[31.49449,30.037324],[31.494526,30.037291],[31.494547,30.037248],[31.494549,30.037202],[31.494552,30.03691],[31.494555,30.036649],[31.494545,30.036621],[31.494527,30.036597],[31.4945,30.036579],[31.494469,30.036568],[31.494436,30.036566],[31.494034,30.036566],[31.492965,30.036561],[31.492957,30.035601],[31.492954,30.035266],[31.49295,30.034771],[31.492953,30.034716],[31.492991,30.034655],[31.493063,30.034618],[31.493132,30.034615],[31.493534,30.034609],[31.493613,30.034609],[31.49399,30.034612],[31.495183,30.034607]]},"properties":{"kind":"road","class":"residential","weight":1.0,"name":null}},{"type":"Feature","geometry":{"type":"LineString","coordinates":[[31.493536,30.034395],[31.493537,30.03426],[31.493539,30.033905]]},"properties":{"kind":"road","class":"residential","weight":1.0,"name":null}},{"type":"Feature","geometry":{"type":"LineString","coordinates":[[31.500315,30.034167],[31.500385,30.034145],[31.500459,30.034142],[31.50053,30.034158],[31.500592,30.034192],[31.50064,30.034242],[31.500776,30.034433],[31.50111,30.034905],[31.50186,30.035963],[31.50188,30.036016],[31.501877,30.036072],[31.50185,30.036123],[31.501804,30.036162],[31.501492,30.036309],[31.500952,30.03656],[31.50089,30.036585],[31.500833,30.036607],[31.499982,30.036903],[31.499796,30.036969],[31.499729,30.036986],[31.499658,30.036987],[31.499591,30.03697],[31.499553,30.03695],[31.499531,30.036939],[31.499483,30.036894],[31.499451,30.036839],[31.499392,30.036631],[31.499108,30.035605],[31.499096,30.035559],[31.499088,30.035532],[31.498901,30.034858],[31.498901,30.034803],[31.498918,30.034751],[31.498951,30.034704],[31.499011,30.034673],[31.499364,30.034555],[31.500069,30.034267],[31.500315,30.034167]]},"properties":{"kind":"road","class":"residential","weight":1.0,"name":null}},{"type":"Feature","geometry":{"type":"LineString","coordinates":[[31.499364,30.034555],[31.499549,30.034931],[31.49961,30.034994],[31.499664,30.035038],[31.49974,30.035071],[31.499856,30.035089],[31.500017,30.035094],[31.500173,30.035124],[31.50032,30.035179],[31.500459,30.035249],[31.500592,30.035327],[31.500718,30.035413],[31.500823,30.035495],[31.500922,30.035581],[31.501014,30.035673],[31.501124,30.035803],[31.501492,30.036309]]},"properties":{"kind":"road","class":"residential","weight":1.0,"name":null}},{"type":"Feature","geometry":{"type":"LineString","coordinates":[[31.499108,30.035605],[31.498884,30.035642],[31.498811,30.035666],[31.498768,30.035683],[31.498731,30.035706],[31.4987,30.035736],[31.498676,30.03577],[31.498661,30.035808]]},"properties":{"kind":"road","class":"residential","weight":1.0,"name":null}},{"type":"Feature","geometry":{"type":"LineString","coordinates":[[31.498568,30.035489],[31.4986,30.035527],[31.498641,30.035558],[31.498689,30.035579],[31.498742,30.035589],[31.498796,30.035588],[31.498868,30.035572],[31.499088,30.035532]]},"properties":{"kind":"road","class":"residential","weight":1.0,"name":null}},{"type":"Feature","geometry":{"type":"LineString","coordinates":[[31.475126,30.024575],[31.475132,30.024667],[31.475169,30.024812],[31.475192,30.024922],[31.475184,30.025003],[31.475162,30.025062],[31.475076,30.025138],[31.474959,30.025169],[31.474715,30.025161],[31.47463,30.025119],[31.474563,30.025051],[31.474527,30.024966],[31.474521,30.024876],[31.474548,30.024789],[31.474566,30.02469],[31.474593,30.02456],[31.474594,30.024449],[31.474562,30.024328]]},"properties":{"kind":"road","class":"primary_link","weight":1.6,"name":null}},{"type":"Feature","geometry":{"type":"LineString","coordinates":[[31.474551,30.025959],[31.47457,30.025865],[31.474621,30.02578],[31.4747,30.025714],[31.474787,30.025686],[31.47488,30.025679],[31.474972,30.025693],[31.47504,30.025727],[31.475088,30.025781],[31.475107,30.025847],[31.475121,30.025983]]},"properties":{"kind":"road","class":"primary_link","weight":1.6,"name":null}},{"type":"Feature","geometry":{"type":"LineString","coordinates":[[31.50199,30.032229],[31.502035,30.032235],[31.502076,30.032252],[31.502111,30.032278],[31.502135,30.032311],[31.502148,30.032349],[31.502175,30.032417],[31.502215,30.03248],[31.502269,30.032534],[31.502352,30.032595],[31.503452,30.033394],[31.50358,30.033492],[31.503748,30.033626],[31.503844,30.033703],[31.504553,30.03423],[31.504678,30.034291],[31.504817,30.034321],[31.504961,30.034317],[31.505098,30.03428]]},"properties":{"kind":"road","class":"tertiary","weight":1.4,"name":null}},{"type":"Feature","geometry":{"type":"LineString","coordinates":[[31.488959,30.048603],[31.488959,30.048312],[31.488964,30.048079]]},"properties":{"kind":"road","class":"residential","weight":1.0,"name":null}},{"type":"Feature","geometry":{"type":"LineString","coordinates":[[31.489068,30.048079],[31.489059,30.048314],[31.48905,30.048602]]},"properties":{"kind":"road","class":"residential","weight":1.0,"name":null}},{"type":"Feature","geometry":{"type":"LineString","coordinates":[[31.503626,30.03907],[31.503809,30.039296],[31.504039,30.039596],[31.504214,30.039832]]},"properties":{"kind":"road","class":"residential","weight":1.0,"name":null}},{"type":"Feature","geometry":{"type":"LineString","coordinates":[[31.489042,30.046201],[31.489041,30.046162],[31.48904,30.046079]]},"properties":{"kind":"road","class":"residential","weight":1.0,"name":null}},{"type":"Feature","geometry":{"type":"LineString","coordinates":[[31.482269,30.045833],[31.482331,30.045823],[31.482392,30.045806],[31.48245,30.045784],[31.482504,30.045755]]},"properties":{"kind":"road","class":"residential","weight":1.0,"name":null}},{"type":"Feature","geometry":{"type":"LineString","coordinates":[[31.484498,30.04714],[31.484542,30.047157],[31.484578,30.047173],[31.484618,30.047196],[31.48465,30.047227],[31.484672,30.047265],[31.484688,30.047315],[31.484755,30.047526],[31.484777,30.047635],[31.484776,30.047746],[31.484749,30.047855],[31.484713,30.04795],[31.484644,30.048032],[31.484548,30.04809],[31.484437,30.048119],[31.483814,30.04813],[31.48367,30.048132],[31.483619,30.048131],[31.483563,30.048122],[31.483512,30.048101],[31.482915,30.047853],[31.482853,30.047834],[31.482778,30.047821],[31.482747,30.047821],[31.482608,30.047823],[31.482253,30.047827],[31.481759,30.047832],[31.481381,30.047837],[31.481321,30.047829],[31.481264,30.04781],[31.481212,30.047781],[31.481029,30.047645],[31.480961,30.047596],[31.480913,30.047563],[31.480811,30.047507],[31.480702,30.04746],[31.480588,30.047425],[31.480336,30.047373],[31.480279,30.047357],[31.480227,30.047331],[31.480183,30.047295],[31.48015,30.047252],[31.480129,30.047203],[31.480121,30.047151],[31.480121,30.047047],[31.480124,30.046607],[31.480124,30.046536],[31.480125,30.04618],[31.480126,30.04602],[31.480125,30.045977],[31.480138,30.045935],[31.480165,30.045898],[31.480203,30.045869],[31.480248,30.04585],[31.480298,30.045844],[31.480787,30.045842],[31.481279,30.04584],[31.481413,30.045839],[31.481774,30.045837],[31.482269,30.045833]]},"properties":{"kind":"road","class":"residential","weight":1.0,"name":null}},{"type":"Feature","geometry":{"type":"LineString","coordinates":[[31.484498,30.04714],[31.484392,30.047148],[31.484285,30.04715],[31.484178,30.047151],[31.48384,30.047148],[31.4837,30.047133],[31.483595,30.047119],[31.483486,30.047096],[31.48338,30.047065],[31.483277,30.047022],[31.483179,30.046971],[31.483086,30.046913],[31.482998,30.04685],[31.482916,30.046781],[31.482841,30.046706],[31.482772,30.046627],[31.482711,30.046543],[31.482658,30.046456],[31.482612,30.046365],[31.482575,30.046271],[31.482546,30.046176],[31.482526,30.046078],[31.482512,30.045979],[31.482509,30.045895],[31.482504,30.045755],[31.482505,30.045645],[31.482506,30.045591],[31.482507,30.045556],[31.482501,30.045517],[31.482486,30.045483]]},"properties":{"kind":"road","class":"residential","weight":1.0,"name":null}},{"type":"Feature","geometry":{"type":"LineString","coordinates":[[31.502567,30.036523],[31.502509,30.036593],[31.502468,30.036672],[31.502446,30.036756],[31.502445,30.036842],[31.502468,30.036936],[31.502515,30.037024],[31.504157,30.039337],[31.504469,30.039774],[31.50495,30.040453],[31.505219,30.040831],[31.506427,30.04253],[31.506524,30.042633],[31.506591,30.04269],[31.506677,30.042746],[31.506728,30.042767],[31.506766,30.042802],[31.506783,30.042848],[31.506775,30.042895]]},"properties":{"kind":"road","class":"tertiary","weight":1.4,"name":null}},{"type":"Feature","geometry":{"type":"LineString","coordinates":[[31.510902,30.040623],[31.510779,30.040574],[31.510648,30.040547],[31.510512,30.040541],[31.510378,30.040557],[31.51025,30.040595],[31.510133,30.040653],[31.51003,30.04073],[31.50877,30.041716],[31.508435,30.041949],[31.508088,30.042168],[31.506775,30.042895],[31.506557,30.043007],[31.505335,30.043568],[31.505209,30.043616],[31.504546,30.043898],[31.503914,30.044134],[31.503101,30.044415],[31.503026,30.044461],[31.502963,30.04452],[31.502914,30.044588],[31.502888,30.044663]]},"properties":{"kind":"road","class":"tertiary","weight":1.4,"name":null}},{"type":"Feature","geometry":{"type":"LineString","coordinates":[[31.504667,30.035474],[31.504768,30.035385]]},"properties":{"kind":"road","class":"tertiary_link","weight":1.1,"name":null}},{"type":"Feature","geometry":{"type":"LineString","coordinates":[[31.482193,30.040103],[31.482159,30.040044],[31.482116,30.039992],[31.482064,30.039946],[31.482006,30.039913]]},"properties":{"kind":"road","class":"residential","weight":1.0,"name":null}},{"type":"Feature","geometry":{"type":"LineString","coordinates":[[31.481983,30.04411],[31.481864,30.044169],[31.481738,30.044217],[31.481606,30.044251]]},"properties":{"kind":"road","class":"residential","weight":1.0,"name":null}},{"type":"Feature","geometry":{"type":"LineString","coordinates":[[31.489475,30.04546],[31.489618,30.045462]]},"properties":{"kind":"road","class":"residential","weight":1.0,"name":null}},{"type":"Feature","geometry":{"type":"LineString","coordinates":[[31.507434,30.037758],[31.507319,30.037748],[31.507205,30.037759],[31.507096,30.037792],[31.506997,30.037844],[31.506899,30.037909],[31.506162,30.038481],[31.505943,30.038629],[31.50581,30.038719],[31.50525,30.039096],[31.504699,30.039412],[31.504621,30.039462],[31.504557,30.039525],[31.504507,30.039602],[31.504477,30.039686],[31.504469,30.039774]]},"properties":{"kind":"road","class":"tertiary","weight":1.4,"name":null}},{"type":"Feature","geometry":{"type":"LineString","coordinates":[[31.509293,30.037605],[31.509419,30.0377],[31.50957,30.037836],[31.509673,30.037941],[31.509807,30.038098]]},"properties":{"kind":"road","class":"residential","weight":1.0,"name":null}},{"type":"Feature","geometry":{"type":"LineString","coordinates":[[31.508785,30.038145],[31.509258,30.038578]]},"properties":{"kind":"road","class":"residential","weight":1.0,"name":null}},{"type":"Feature","geometry":{"type":"LineString","coordinates":[[31.510566,30.038629],[31.511318,30.039148]]},"properties":{"kind":"road","class":"residential","weight":1.0,"name":null}},{"type":"Feature","geometry":{"type":"LineString","coordinates":[[31.511854,30.038556],[31.511699,30.03847],[31.51153,30.038366],[31.511337,30.038229],[31.51114,30.038053],[31.511009,30.037917],[31.510869,30.037792],[31.510723,30.037693],[31.510471,30.037571],[31.510164,30.037396],[31.510023,30.037298],[31.509854,30.037165],[31.509726,30.03704]]},"properties":{"kind":"road","class":"residential","weight":1.0,"name":null}},{"type":"Feature","geometry":{"type":"LineString","coordinates":[[31.50902,30.038809],[31.509258,30.038578],[31.509472,30.038357],[31.509604,30.038242],[31.509807,30.038098],[31.509972,30.038009],[31.510123,30.037909],[31.510259,30.037797],[31.510471,30.037571]]},"properties":{"kind":"road","class":"residential","weight":1.0,"name":null}},{"type":"Feature","geometry":{"type":"LineString","coordinates":[[31.482441,30.044117],[31.482452,30.044488]]},"properties":{"kind":"road","class":"residential","weight":1.0,"name":null}},{"type":"Feature","geometry":{"type":"LineString","coordinates":[[31.482156,30.044076],[31.482298,30.044103],[31.482441,30.044117],[31.482641,30.044115],[31.482828,30.044076]]},"properties":{"kind":"road","class":"residential","weight":1.0,"name":null}},{"type":"Feature","geometry":{"type":"LineString","coordinates":[[31.503474,30.033883],[31.503463,30.033826],[31.50344,30.033773],[31.503406,30.033725],[31.503362,30.033684],[31.502305,30.032876],[31.50211,30.032727],[31.502039,30.032709],[31.501964,30.032711],[31.501894,30.032734],[31.501837,30.032775],[31.501451,30.033099]]},"properties":{"kind":"road","class":"residential","weight":1.0,"name":null}},{"type":"Feature","geometry":{"type":"LineString","coordinates":[[31.501969,30.034667],[31.50148,30.034446],[31.50137,30.03439],[31.501268,30.034323],[31.501177,30.034246],[31.501098,30.034159],[31.500928,30.033873],[31.500927,30.033827],[31.500925,30.033759],[31.500921,30.033657],[31.500944,30.033579],[31.500964,30.033511],[31.500977,30.033465]]},"properties":{"kind":"road","class":"residential","weight":1.0,"name":null}},{"type":"Feature","geometry":{"type":"LineString","coordinates":[[31.502138,30.034806],[31.502089,30.034753],[31.502032,30.034707],[31.501969,30.034667]]},"properties":{"kind":"road","class":"residential","weight":1.0,"name":null}},{"type":"Feature","geometry":{"type":"LineString","coordinates":[[31.501969,30.034667],[31.502052,30.034686],[31.502135,30.034701],[31.50222,30.034712]]},"properties":{"kind":"road","class":"residential","weight":1.0,"name":null}},{"type":"Feature","geometry":{"type":"LineString","coordinates":[[31.502237,30.035069],[31.502207,30.035532],[31.502205,30.035613],[31.502218,30.035693],[31.502245,30.03577],[31.502286,30.035842],[31.502387,30.035976],[31.502432,30.03602],[31.502489,30.036051],[31.502555,30.036066],[31.502622,30.036064],[31.502686,30.036044],[31.502912,30.035896],[31.503101,30.035772],[31.503193,30.035698],[31.503439,30.035459],[31.503736,30.035238],[31.503992,30.035097],[31.504079,30.035042],[31.504275,30.034876],[31.50438,30.034787],[31.50442,30.034739],[31.504447,30.034685],[31.504459,30.034627],[31.504456,30.034568],[31.504438,30.034512],[31.504406,30.03446],[31.503847,30.034046],[31.503789,30.034015],[31.503727,30.033991],[31.503663,30.033975],[31.503597,30.033967]]},"properties":{"kind":"road","class":"residential","weight":1.0,"name":null}},{"type":"Feature","geometry":{"type":"LineString","coordinates":[[31.502237,30.035069],[31.502226,30.035007],[31.502205,30.034947],[31.502174,30.034889]]},"properties":{"kind":"road","class":"residential","weight":1.0,"name":null}},{"type":"Feature","geometry":{"type":"LineString","coordinates":[[31.502307,30.034914],[31.502277,30.034964],[31.502253,30.035016],[31.502237,30.035069]]},"properties":{"kind":"road","class":"residential","weight":1.0,"name":null}},{"type":"Feature","geometry":{"type":"LineString","coordinates":[[31.503511,30.033999],[31.503413,30.034132],[31.5033,30.034261],[31.503204,30.034354],[31.503102,30.03444],[31.502993,30.03452],[31.502877,30.034594],[31.502757,30.03466],[31.50263,30.034719],[31.5025,30.03477],[31.502387,30.034808]]},"properties":{"kind":"road","class":"residential","weight":1.0,"name":null}},{"type":"Feature","geometry":{"type":"LineString","coordinates":[[31.502321,30.034719],[31.502464,30.03468],[31.502602,30.034632],[31.502736,30.034574],[31.502863,30.034506],[31.502983,30.03443],[31.503095,30.034345],[31.503199,30.034253],[31.503293,30.034153],[31.503374,30.034051],[31.503451,30.033943]]},"properties":{"kind":"road","class":"residential","weight":1.0,"name":null}},{"type":"Feature","geometry":{"type":"LineString","coordinates":[[31.502138,30.034806],[31.502146,30.034775],[31.502163,30.034749],[31.502188,30.034727],[31.50222,30.034712],[31.502242,30.034707],[31.502266,30.034706],[31.502294,30.03471],[31.502321,30.034719],[31.502354,30.034741],[31.502377,30.034772],[31.502387,30.034808],[31.502383,30.034841],[31.502367,30.034872],[31.502341,30.034897],[31.502307,30.034914],[31.502272,30.034921],[31.502236,30.034919],[31.502203,30.034908],[31.502174,30.034889],[31.502153,30.034865],[31.502141,30.034836],[31.502138,30.034806]]},"properties":{"kind":"road","class":"residential","weight":1.0,"name":null}},{"type":"Feature","geometry":{"type":"LineString","coordinates":[[31.505768,30.038604],[31.505603,30.038415],[31.505464,30.038256]]},"properties":{"kind":"road","class":"residential","weight":1.0,"name":null}},{"type":"Feature","geometry":{"type":"LineString","coordinates":[[31.505585,30.038176],[31.505729,30.038341],[31.505889,30.038523]]},"properties":{"kind":"road","class":"residential","weight":1.0,"name":null}},{"type":"Feature","geometry":{"type":"LineString","coordinates":[[31.5037,30.036361],[31.503682,30.036365],[31.503663,30.036365],[31.503645,30.036361],[31.50363,30.036352],[31.503516,30.036226],[31.503436,30.036137],[31.503397,30.036109],[31.503352,30.036087],[31.503304,30.036074]]},"properties":{"kind":"road","class":"residential","weight":1.0,"name":null}},{"type":"Feature","geometry":{"type":"LineString","coordinates":[[31.503557,30.035912],[31.503561,30.035958],[31.503571,30.036003],[31.503585,30.036047],[31.503661,30.036142],[31.503749,30.036253],[31.503763,30.036272],[31.503769,30.036294],[31.503768,30.036316]]},"properties":{"kind":"road","class":"residential","weight":1.0,"name":null}},{"type":"Feature","geometry":{"type":"LineString","coordinates":[[31.50381,30.036336],[31.504271,30.036032],[31.504382,30.036],[31.504499,30.035997],[31.504612,30.036023],[31.504711,30.036076],[31.504946,30.0363],[31.505011,30.0364],[31.505042,30.036454],[31.505088,30.036539],[31.505176,30.036667],[31.50529,30.036778],[31.505426,30.036869],[31.50558,30.036936],[31.50586,30.037053],[31.506085,30.037236],[31.506368,30.037464],[31.506387,30.037506],[31.506393,30.037551],[31.506387,30.037596],[31.506368,30.037638],[31.506338,30.037675],[31.506032,30.037881],[31.505585,30.038176],[31.505527,30.038214],[31.505464,30.038256],[31.504942,30.0386],[31.504595,30.038827],[31.504563,30.038836],[31.504529,30.038836],[31.504497,30.038828],[31.50447,30.038811],[31.504449,30.038787],[31.504225,30.038491],[31.504035,30.03824],[31.504007,30.038161],[31.50399,30.038048],[31.503973,30.037954],[31.503952,30.037894],[31.503922,30.037816],[31.503882,30.037742],[31.503832,30.037673],[31.503772,30.037609],[31.503705,30.037552],[31.503657,30.037521],[31.503586,30.037486],[31.503522,30.037442],[31.503466,30.03739],[31.503267,30.037116],[31.503221,30.037046],[31.503196,30.036968],[31.503192,30.036888],[31.503209,30.036809],[31.503264,30.036708],[31.503354,30.036619],[31.503712,30.036401]]},"properties":{"kind":"road","class":"residential","weight":1.0,"name":null}},{"type":"Feature","geometry":{"type":"LineString","coordinates":[[31.487354,30.042352],[31.487458,30.042268]]},"properties":{"kind":"road","class":"residential","weight":1.0,"name":null}},{"type":"Feature","geometry":{"type":"LineString","coordinates":[[31.487483,30.040333],[31.487471,30.039684],[31.487461,30.039088]]},"properties":{"kind":"road","class":"residential","weight":1.0,"name":null}},{"type":"Feature","geometry":{"type":"LineString","coordinates":[[31.489053,30.040675],[31.489062,30.040329],[31.489059,30.039971],[31.489055,30.039437],[31.489053,30.039085]]},"properties":{"kind":"road","class":"residential","weight":1.0,"name":null}},{"type":"Feature","geometry":{"type":"LineString","coordinates":[[31.489139,30.040644],[31.489793,30.040645],[31.489847,30.040629],[31.489891,30.040599],[31.489921,30.040557],[31.489933,30.040509],[31.489882,30.039084],[31.489908,30.038574],[31.489898,30.038522],[31.489864,30.038477],[31.489812,30.038448],[31.489752,30.03844],[31.487982,30.038451]]},"properties":{"kind":"road","class":"residential","weight":1.0,"name":null}},{"type":"Feature","geometry":{"type":"LineString","coordinates":[[31.481792,30.043714],[31.482004,30.043976]]},"properties":{"kind":"road","class":"residential","weight":1.0,"name":null}},{"type":"Feature","geometry":{"type":"LineString","coordinates":[[31.505913,30.034125],[31.505986,30.033878],[31.506047,30.033743],[31.506148,30.033603],[31.506508,30.033064],[31.506662,30.032845],[31.506784,30.03274],[31.506938,30.032691],[31.507165,30.032709],[31.507439,30.032838],[31.508313,30.033255],[31.508471,30.033347],[31.508589,30.03344],[31.50868,30.033527],[31.50876,30.033601]]},"properties":{"kind":"road","class":"residential","weight":1.0,"name":null}},{"type":"Feature","geometry":{"type":"LineString","coordinates":[[31.505796,30.034269],[31.505571,30.034386],[31.50543,30.034483],[31.505167,30.034728],[31.504852,30.035068],[31.504833,30.035171],[31.504862,30.035277],[31.504946,30.035386],[31.505434,30.035785],[31.506325,30.036508],[31.506981,30.037039],[31.507152,30.037123],[31.507327,30.037166],[31.507495,30.037179],[31.507685,30.037156],[31.507876,30.037095],[31.508069,30.036969],[31.508422,30.036599],[31.508935,30.036004],[31.509661,30.035032],[31.509854,30.034764],[31.50995,30.034539],[31.509948,30.034288],[31.509857,30.034089],[31.509737,30.033989],[31.509382,30.033798],[31.509255,30.033745],[31.509139,30.033712],[31.508927,30.033676]]},"properties":{"kind":"road","class":"residential","weight":1.0,"name":null}},{"type":"Feature","geometry":{"type":"LineString","coordinates":[[31.50627,30.034496],[31.506165,30.034803],[31.506166,30.034892],[31.506206,30.034974],[31.506305,30.035083],[31.506457,30.035256],[31.506638,30.035494],[31.5068,30.03563],[31.506985,30.035728],[31.507264,30.035783],[31.507416,30.035784],[31.507613,30.035748],[31.507835,30.035668],[31.50803,30.035532],[31.508171,30.035351],[31.50834,30.035034],[31.508427,30.034881],[31.508508,30.034746],[31.508519,30.034677],[31.508497,30.034606],[31.508318,30.034283]]},"properties":{"kind":"road","class":"residential","weight":1.0,"name":null}},{"type":"Feature","geometry":{"type":"LineString","coordinates":[[31.505951,30.034223],[31.506106,30.034306],[31.506333,30.034415],[31.506578,30.034498],[31.506802,30.034547],[31.507099,30.034565],[31.507307,30.034551],[31.507341,30.034549],[31.507652,30.034493],[31.507956,30.034389],[31.508267,30.034216],[31.50849,30.034029],[31.50869,30.033787],[31.508759,30.033698]]},"properties":{"kind":"road","class":"residential","weight":1.0,"name":null}},{"type":"Feature","geometry":{"type":"LineString","coordinates":[[31.508836,30.033732],[31.508698,30.033924],[31.508518,30.034118],[31.508318,30.034283],[31.508092,30.034409],[31.507714,30.034556],[31.507326,30.034635],[31.506913,30.03464],[31.50656,30.03458],[31.50627,30.034496],[31.506099,30.034409],[31.505856,30.034285]]},"properties":{"kind":"road","class":"residential","weight":1.0,"name":null}},{"type":"Feature","geometry":{"type":"LineString","coordinates":[[31.508245,30.037784],[31.508118,30.037909]]},"properties":{"kind":"road","class":"residential","weight":1.0,"name":null}},{"type":"Feature","geometry":{"type":"LineString","coordinates":[[31.50786,30.037961],[31.507997,30.037821]]},"properties":{"kind":"road","class":"residential","weight":1.0,"name":null}},{"type":"Feature","geometry":{"type":"LineString","coordinates":[[31.508519,30.037962],[31.508636,30.037978],[31.508735,30.037934],[31.508805,30.03786],[31.509604,30.03693],[31.509642,30.036848],[31.509616,30.036742],[31.509529,30.036657],[31.509333,30.036519],[31.509084,30.036345],[31.508981,30.036308],[31.508874,30.03632],[31.508781,30.036376],[31.5084,30.036777],[31.507992,30.037193],[31.507917,30.037284],[31.507889,30.037367],[31.507914,30.037472],[31.508127,30.037688],[31.508245,30.037784],[31.508519,30.037962]]},"properties":{"kind":"road","class":"residential","weight":1.0,"name":null}},{"type":"Feature","geometry":{"type":"LineString","coordinates":[[31.50484,30.031833],[31.504847,30.031785],[31.504846,30.031738],[31.504843,30.031687],[31.504884,30.031618]]},"properties":{"kind":"road","class":"residential","weight":1.0,"name":null}},{"type":"Feature","geometry":{"type":"LineString","coordinates":[[31.505032,30.031676],[31.504984,30.031757],[31.504927,30.031778],[31.504881,30.031802],[31.50484,30.031833]]},"properties":{"kind":"road","class":"residential","weight":1.0,"name":null}},{"type":"Feature","geometry":{"type":"LineString","coordinates":[[31.503026,30.032157],[31.503053,30.032076],[31.503114,30.031963],[31.503188,30.031856],[31.503311,30.031722],[31.50346,30.031609],[31.50363,30.031523],[31.503816,30.031464],[31.504011,30.031436],[31.504208,30.031439],[31.504379,30.03148],[31.504843,30.031687],[31.504984,30.031757],[31.505545,30.032026],[31.505683,30.032108],[31.505799,30.032212],[31.505888,30.032335],[31.505945,30.032472],[31.505968,30.032615],[31.505956,30.03276],[31.50591,30.0329],[31.505831,30.033031],[31.505615,30.033381],[31.505396,30.033689],[31.505064,30.034071],[31.504995,30.034122],[31.504913,30.034155],[31.504823,30.034165],[31.504733,30.034152],[31.504652,30.034117],[31.504159,30.033751],[31.50414,30.033736],[31.503681,30.0334],[31.503549,30.033301],[31.503342,30.033144],[31.503248,30.033049],[31.503152,30.032933],[31.503076,30.032807],[31.50302,30.032673],[31.503008,30.032625],[31.502986,30.032482],[31.502985,30.0324],[31.502991,30.032318],[31.503004,30.032237],[31.503026,30.032157]]},"properties":{"kind":"road","class":"residential","weight":1.0,"name":null}},{"type":"Feature","geometry":{"type":"LineString","coordinates":[[31.483118,30.045471],[31.48294,30.045523],[31.482901,30.04553],[31.48286,30.045532],[31.482733,30.045514],[31.482486,30.045483],[31.482174,30.045442],[31.482147,30.045435],[31.48212,30.045423],[31.481997,30.045357]]},"properties":{"kind":"road","class":"residential","weight":1.0,"name":null}},{"type":"Feature","geometry":{"type":"LineString","coordinates":[[31.484652,30.042012],[31.484752,30.042022],[31.484797,30.042018],[31.484852,30.042004],[31.48493,30.041959]]},"properties":{"kind":"road","class":"residential","weight":1.0,"name":null}},{"type":"Feature","geometry":{"type":"LineString","coordinates":[[31.484928,30.042243],[31.484842,30.042222],[31.484793,30.042213],[31.484743,30.042215],[31.484645,30.042223]]},"properties":{"kind":"road","class":"residential","weight":1.0,"name":null}},{"type":"Feature","geometry":{"type":"LineString","coordinates":[[31.501114,30.037196],[31.501017,30.037041]]},"properties":{"kind":"road","class":"tertiary_link","weight":1.1,"name":null}},{"type":"Feature","geometry":{"type":"LineString","coordinates":[[31.510025,30.039183],[31.510684,30.039733]]},"properties":{"kind":"road","class":"residential","weight":1.0,"name":null}},{"type":"Feature","geometry":{"type":"LineString","coordinates":[[31.51114,30.038053],[31.510932,30.038242],[31.510817,30.038352],[31.510566,30.038629],[31.510025,30.039183],[31.509811,30.039368]]},"properties":{"kind":"road","class":"residential","weight":1.0,"name":null}},{"type":"Feature","geometry":{"type":"LineString","coordinates":[[31.510078,30.034635],[31.511122,30.035203],[31.512123,30.035773]]},"properties":{"kind":"road","class":"residential","weight":1.0,"name":null}},{"type":"Feature","geometry":{"type":"LineString","coordinates":[[31.509411,30.035625],[31.510344,30.036246],[31.511262,30.036902]]},"properties":{"kind":"road","class":"residential","weight":1.0,"name":null}},{"type":"Feature","geometry":{"type":"LineString","coordinates":[[31.510969,30.0372],[31.511017,30.037197],[31.51106,30.037167],[31.511262,30.036902],[31.512123,30.035773],[31.51224,30.035631],[31.512281,30.035546],[31.512287,30.035454],[31.512232,30.035377],[31.511357,30.034882],[31.510993,30.034671],[31.510512,30.034397],[31.510414,30.034356],[31.510334,30.034354],[31.510262,30.034392],[31.510078,30.034635],[31.509411,30.035625],[31.509219,30.035883],[31.509191,30.03593],[31.509202,30.035976],[31.509239,30.036015],[31.510068,30.03659],[31.510929,30.037184],[31.510969,30.0372]]},"properties":{"kind":"road","class":"residential","weight":1.0,"name":null}},{"type":"Feature","geometry":{"type":"LineString","coordinates":[[31.510068,30.03659],[31.510344,30.036246],[31.511122,30.035203],[31.511154,30.035158],[31.511357,30.034882]]},"properties":{"kind":"road","class":"residential","weight":1.0,"name":null}},{"type":"Feature","geometry":{"type":"LineString","coordinates":[[31.506249,30.040457],[31.505774,30.039814],[31.50534,30.039228]]},"properties":{"kind":"road","class":"residential","weight":1.0,"name":null}},{"type":"Feature","geometry":{"type":"LineString","coordinates":[[31.508439,30.038809],[31.508103,30.038512],[31.508073,30.038489],[31.508039,30.03847],[31.508003,30.038455],[31.507964,30.038445],[31.507933,30.038426],[31.507905,30.038404],[31.507878,30.038379],[31.507865,30.038345],[31.507847,30.038313],[31.507824,30.038284],[31.507797,30.038258],[31.507387,30.037941],[31.507326,30.037921],[31.507261,30.037914],[31.507196,30.037921],[31.507135,30.037941],[31.507081,30.037973],[31.506594,30.03837],[31.506274,30.038605],[31.50625,30.038638],[31.506236,30.038675],[31.506222,30.038712],[31.506196,30.038757],[31.506164,30.038799],[31.506125,30.038837],[31.506084,30.038869],[31.506037,30.038896],[31.505988,30.038918],[31.505887,30.038944],[31.505818,30.03896],[31.505744,30.038981],[31.505678,30.039017],[31.50534,30.039228],[31.504802,30.039548],[31.504752,30.0396],[31.50472,30.039662],[31.504707,30.039728],[31.504715,30.039796],[31.504743,30.039859],[31.505385,30.040779],[31.505415,30.040825],[31.505461,30.04086],[31.505517,30.040881],[31.505578,30.040884],[31.505645,30.040862],[31.506249,30.040457],[31.507233,30.0398],[31.507696,30.039446],[31.507722,30.039405],[31.507732,30.039359],[31.507725,30.039313],[31.507701,30.039271],[31.507664,30.039237],[31.507159,30.038828],[31.506594,30.03837]]},"properties":{"kind":"road","class":"residential","weight":1.0,"name":null}},{"type":"Feature","geometry":{"type":"LineString","coordinates":[[31.505943,30.038629],[31.506031,30.038729],[31.506125,30.038837]]},"properties":{"kind":"road","class":"residential","weight":1.0,"name":null}},{"type":"Feature","geometry":{"type":"LineString","coordinates":[[31.508746,30.033624],[31.50876,30.033601],[31.508781,30.033583],[31.508808,30.033571],[31.508837,30.033567],[31.508867,30.033571],[31.508893,30.033583],[31.508914,30.033602],[31.508928,30.033625],[31.508932,30.03365],[31.508927,30.033676],[31.508914,30.033699],[31.508893,30.033717],[31.508866,30.033728],[31.508836,30.033732],[31.508807,30.033728],[31.50878,30.033716],[31.508759,30.033698],[31.508746,30.033675],[31.508741,30.033649],[31.508746,30.033624]]},"properties":{"kind":"road","class":"residential","weight":1.0,"name":null}},{"type":"Feature","geometry":{"type":"LineString","coordinates":[[31.509051,30.033432],[31.508992,30.033524],[31.508928,30.033625]]},"properties":{"kind":"road","class":"residential","weight":1.0,"name":null}},{"type":"Feature","geometry":{"type":"LineString","coordinates":[[31.508837,30.033567],[31.508889,30.033474],[31.508945,30.033374]]},"properties":{"kind":"road","class":"residential","weight":1.0,"name":null}},{"type":"Feature","geometry":{"type":"LineString","coordinates":[[31.505757,30.034171],[31.505771,30.034146],[31.505793,30.034126],[31.505821,30.034114],[31.505853,30.034109],[31.505884,30.034113],[31.505913,30.034125],[31.505935,30.034144],[31.50595,30.034168],[31.505956,30.034196],[31.505951,30.034223],[31.505937,30.034247],[31.505915,30.034267],[31.505887,30.03428],[31.505856,30.034285],[31.505824,30.034281],[31.505796,30.034269],[31.505773,30.03425],[31.505758,30.034225],[31.505753,30.034198],[31.505757,30.034171]]},"properties":{"kind":"road","class":"residential","weight":1.0,"name":null}},{"type":"Feature","geometry":{"type":"LineString","coordinates":[[31.505636,30.033973],[31.505743,30.034054],[31.505821,30.034114]]},"properties":{"kind":"road","class":"residential","weight":1.0,"name":null}},{"type":"Feature","geometry":{"type":"LineString","coordinates":[[31.505758,30.034225],[31.505654,30.034149],[31.505545,30.034069]]},"properties":{"kind":"road","class":"residential","weight":1.0,"name":null}},{"type":"Feature","geometry":{"type":"LineString","coordinates":[[31.505988,30.038918],[31.505891,30.038809],[31.50581,30.038719]]},"properties":{"kind":"road","class":"residential","weight":1.0,"name":null}},{"type":"Feature","geometry":{"type":"LineString","coordinates":[[31.503188,30.031856],[31.502775,30.031636]]},"properties":{"kind":"road","class":"residential","weight":1.0,"name":null}},{"type":"Feature","geometry":{"type":"LineString","coordinates":[[31.502944,30.031164],[31.502835,30.031111]]},"properties":{"kind":"road","class":"tertiary_link","weight":1.1,"name":null}},{"type":"Feature","geometry":{"type":"LineString","coordinates":[[31.50078,30.033483],[31.500842,30.033559],[31.500921,30.033657]]},"properties":{"kind":"road","class":"residential","weight":1.0,"name":null}},{"type":"Feature","geometry":{"type":"LineString","coordinates":[[31.500928,30.033873],[31.500818,30.033737],[31.500735,30.033636],[31.500669,30.033551]]},"properties":{"kind":"road","class":"residential","weight":1.0,"name":null}},{"type":"Feature","geometry":{"type":"LineString","coordinates":[[31.501017,30.037041],[31.501,30.036942],[31.500986,30.036876],[31.500959,30.036813]]},"properties":{"kind":"road","class":"residential","weight":1.0,"name":null}},{"type":"Feature","geometry":{"type":"LineString","coordinates":[[31.501069,30.036766],[31.501123,30.036833],[31.501177,30.036876],[31.50127,30.036938]]},"properties":{"kind":"road","class":"residential","weight":1.0,"name":null}},{"type":"Feature","geometry":{"type":"LineString","coordinates":[[31.501854,30.039231],[31.501908,30.039243],[31.501944,30.039284],[31.501958,30.039319],[31.501971,30.039356],[31.501982,30.039411],[31.501979,30.039462],[31.501956,30.039503]]},"properties":{"kind":"road","class":"residential","weight":1.0,"name":null}},{"type":"Feature","geometry":{"type":"LineString","coordinates":[[31.51153,30.034738],[31.511453,30.034836],[31.511423,30.034857],[31.511394,30.03487],[31.511357,30.034882]]},"properties":{"kind":"road","class":"residential","weight":1.0,"name":null}},{"type":"Feature","geometry":{"type":"LineString","coordinates":[[31.49764,30.049691],[31.497623,30.049736],[31.49759,30.049774],[31.497543,30.049799],[31.497489,30.049808],[31.497434,30.049801],[31.497386,30.049778]]},"properties":{"kind":"road","class":"primary_link","weight":1.6,"name":null}},{"type":"Feature","geometry":{"type":"LineString","coordinates":[[31.497489,30.050022],[31.497501,30.049976],[31.49753,30.049937],[31.497572,30.049907],[31.497623,30.049891],[31.497677,30.04989],[31.497729,30.049903]]},"properties":{"kind":"road","class":"primary_link","weight":1.6,"name":null}},{"type":"Feature","geometry":{"type":"LineString","coordinates":[[31.480285,30.036568],[31.480287,30.036724],[31.480291,30.037229],[31.480288,30.037472],[31.480283,30.038224],[31.480285,30.038257],[31.480289,30.038348],[31.480301,30.038471]]},"properties":{"kind":"road","class":"tertiary","weight":1.4,"name":"\u0634\u0627\u0631\u0639 \u0635\u062f\u064a\u0642 \u0627\u0644\u0645\u0646\u0634\u0627\u0648\u0649"}},{"type":"Feature","geometry":{"type":"LineString","coordinates":[[31.487789,30.039089],[31.487831,30.039039],[31.487862,30.038981],[31.487881,30.038919],[31.487859,30.038452],[31.487858,30.038434]]},"properties":{"kind":"road","class":"residential","weight":1.0,"name":null}},{"type":"Feature","geometry":{"type":"LineString","coordinates":[[31.487927,30.038312],[31.487943,30.038327],[31.487968,30.038347],[31.48798,30.038364],[31.48798,30.038427]]},"properties":{"kind":"road","class":"residential","weight":1.0,"name":null}},{"type":"Feature","geometry":{"type":"LineString","coordinates":[[31.481975,30.038837],[31.481974,30.038715],[31.48197,30.038528],[31.481965,30.038324]]},"properties":{"kind":"road","class":"residential","weight":1.0,"name":null}},{"type":"Feature","geometry":{"type":"LineString","coordinates":[[31.481864,30.038238],[31.481875,30.038213],[31.481896,30.038193],[31.481924,30.038181],[31.481956,30.038178],[31.481987,30.038186],[31.482012,30.038203],[31.482028,30.038226],[31.482033,30.038253],[31.482024,30.038285],[31.482,30.03831],[31.481965,30.038324],[31.481931,30.038324],[31.4819,30.038313],[31.481876,30.038291],[31.481863,30.038264],[31.481864,30.038238]]},"properties":{"kind":"road","class":"residential","weight":1.0,"name":null}},{"type":"Feature","geometry":{"type":"LineString","coordinates":[[31.482566,30.035959],[31.482493,30.035934],[31.482417,30.035919],[31.482339,30.035912],[31.48226,30.035913]]},"properties":{"kind":"road","class":"residential","weight":1.0,"name":null}},{"type":"Feature","geometry":{"type":"LineString","coordinates":[[31.481017,30.035946],[31.481179,30.035948]]},"properties":{"kind":"road","class":"residential","weight":1.0,"name":null}},{"type":"Feature","geometry":{"type":"LineString","coordinates":[[31.483284,30.037394],[31.483359,30.037472],[31.483388,30.0375],[31.483424,30.037522],[31.483463,30.037537],[31.483502,30.037553],[31.48355,30.037583],[31.483595,30.037617],[31.483636,30.037654],[31.483679,30.037703],[31.483715,30.037755],[31.483745,30.037811],[31.483765,30.037869],[31.483767,30.038226],[31.483769,30.03855],[31.483768,30.038799]]},"properties":{"kind":"road","class":"residential","weight":1.0,"name":null}},{"type":"Feature","geometry":{"type":"LineString","coordinates":[[31.481973,30.037302],[31.483053,30.03731],[31.48312,30.037309],[31.483165,30.037304],[31.483202,30.037293]]},"properties":{"kind":"road","class":"residential","weight":1.0,"name":null}},{"type":"Feature","geometry":{"type":"LineString","coordinates":[[31.483196,30.037396],[31.483147,30.037399],[31.483111,30.037399],[31.482,30.037401]]},"properties":{"kind":"road","class":"residential","weight":1.0,"name":null}},{"type":"Feature","geometry":{"type":"LineString","coordinates":[[31.481863,30.038264],[31.481524,30.038266],[31.481299,30.038267],[31.481141,30.038268],[31.481121,30.038267],[31.481102,30.038262],[31.481086,30.038251],[31.481074,30.038237],[31.481075,30.038061],[31.481081,30.038048],[31.48109,30.038038],[31.481103,30.038031],[31.481117,30.038027],[31.48125,30.038025],[31.481269,30.038024],[31.481286,30.038031],[31.481298,30.038044],[31.481302,30.03806],[31.4813,30.038128],[31.481299,30.038267]]},"properties":{"kind":"road","class":"residential","weight":1.0,"name":null}},{"type":"Feature","geometry":{"type":"LineString","coordinates":[[31.469796,30.050285],[31.470223,30.050283],[31.470522,30.050276],[31.470678,30.050259],[31.470831,30.050226],[31.471127,30.050115],[31.471227,30.050057],[31.471314,30.049986],[31.471388,30.049905],[31.471445,30.049813],[31.471476,30.049564],[31.471488,30.049075]]},"properties":{"kind":"road","class":"residential","weight":1.0,"name":"\u0634\u0627\u0631\u0639 \u0639\u0628\u062f\u0627\u0644\u0628\u0627\u0642\u0649 \u0627\u0644\u0642\u0644\u064a\u0646\u0649"}},{"type":"Feature","geometry":{"type":"LineString","coordinates":[[31.491681,30.049676],[31.491584,30.049682],[31.49153,30.049679],[31.491478,30.049667],[31.491202,30.049547],[31.491104,30.049533],[31.491035,30.049545],[31.490974,30.049576],[31.490928,30.049623],[31.490853,30.04974],[31.490724,30.049942],[31.49058,30.050166],[31.490581,30.050232],[31.4906,30.050297],[31.490629,30.050349],[31.490713,30.050411],[31.490774,30.05045],[31.490826,30.050498],[31.490841,30.050518],[31.490866,30.050553],[31.490916,30.050715]]},"properties":{"kind":"road","class":"residential","weight":1.0,"name":null}},{"type":"Feature","geometry":{"type":"LineString","coordinates":[[31.486533,30.032871],[31.486535,30.033007],[31.486538,30.033176]]},"properties":{"kind":"road","class":"residential","weight":1.0,"name":null}},{"type":"Feature","geometry":{"type":"LineString","coordinates":[[31.485408,30.032052],[31.485372,30.031904],[31.485369,30.031752],[31.485399,30.031603],[31.485442,30.031501],[31.485486,30.031425],[31.485493,30.031327],[31.485475,30.031259],[31.485422,30.031189],[31.485387,30.031126],[31.485368,30.031059],[31.485367,30.030989],[31.485368,30.030793],[31.485374,30.030078],[31.485397,30.029965],[31.485436,30.029855],[31.48549,30.02975],[31.485559,30.029652],[31.485641,30.029562],[31.485736,30.029481],[31.485841,30.029411],[31.485955,30.029353],[31.486077,30.029308],[31.486214,30.029273],[31.486355,30.029255],[31.486498,30.029253],[31.487453,30.029251],[31.487737,30.029265],[31.488019,30.029287],[31.488301,30.029317],[31.488524,30.029343],[31.488748,30.029359],[31.488964,30.029366],[31.488995,30.029367],[31.489145,30.029364],[31.489198,30.029364],[31.489422,30.029353],[31.489646,30.029335],[31.489985,30.029291],[31.490325,30.029261],[31.490667,30.029246],[31.491009,30.029244],[31.492584,30.029235],[31.492988,30.029233],[31.493156,30.029242],[31.493321,30.029264],[31.493484,30.029298],[31.493643,30.029346],[31.493796,30.029405],[31.493941,30.02947],[31.494075,30.02955],[31.494197,30.029644],[31.494302,30.029752],[31.494391,30.02987],[31.494461,30.029998],[31.494512,30.030132],[31.494542,30.030271],[31.494548,30.030393],[31.494558,30.030567],[31.494557,30.030723],[31.494546,30.030878],[31.494525,30.031032],[31.494492,30.031185],[31.494427,30.03132],[31.494336,30.031444],[31.494223,30.031553],[31.494089,30.031643],[31.49394,30.031712],[31.493775,30.031748],[31.493709,30.031757],[31.493586,30.031766],[31.49239,30.031755],[31.492178,30.031754],[31.491962,30.031745],[31.491138,30.031687],[31.491069,30.031682],[31.491,30.031669],[31.490935,30.031646],[31.490875,30.031615],[31.490643,30.031433],[31.490608,30.031418],[31.490568,30.031413],[31.490528,30.031418],[31.490485,30.031437],[31.490269,30.031606],[31.49021,30.031645],[31.490145,30.031674],[31.490074,30.031693],[31.490001,30.031702],[31.489799,30.031723],[31.489596,30.031741],[31.489393,30.031754],[31.489189,30.031765],[31.488006,30.031763],[31.487961,30.031765],[31.487876,30.031774],[31.487793,30.03179],[31.487712,30.031814],[31.487635,30.031846],[31.487562,30.031885],[31.487494,30.03193],[31.487427,30.031985],[31.487363,30.032047],[31.487272,30.032147],[31.487172,30.03223],[31.487065,30.032304],[31.48695,30.032369],[31.48683,30.032426],[31.486705,30.032474],[31.486576,30.032513],[31.486393,30.032551],[31.486183,30.032561],[31.486023,30.03254],[31.485997,30.032537],[31.485829,30.032492],[31.485699,30.032423]]},"properties":{"kind":"road","class":"residential","weight":1.0,"name":null}},{"type":"Feature","geometry":{"type":"LineString","coordinates":[[31.500625,30.050184],[31.500127,30.049964],[31.500062,30.049925],[31.500003,30.04988],[31.499951,30.04983]]},"properties":{"kind":"road","class":"residential","weight":1.0,"name":null}},{"type":"Feature","geometry":{"type":"LineString","coordinates":[[31.499843,30.049714],[31.499862,30.049705],[31.499888,30.0497],[31.499915,30.049702],[31.49994,30.04971],[31.49996,30.049726],[31.499974,30.049745],[31.49998,30.049768],[31.499978,30.049791],[31.499968,30.049813],[31.499951,30.04983],[31.499927,30.049842],[31.499901,30.049847],[31.499875,30.049846],[31.49985,30.049837],[31.49983,30.049822],[31.499816,30.049802],[31.499809,30.049779],[31.499812,30.049756],[31.499822,30.049735],[31.499843,30.049714]]},"properties":{"kind":"road","class":"residential","weight":1.0,"name":null}},{"type":"Feature","geometry":{"type":"LineString","coordinates":[[31.49954,30.049205],[31.499086,30.049263],[31.49899,30.049288],[31.498873,30.049321],[31.49876,30.049363],[31.498651,30.049413],[31.498548,30.049471],[31.49845,30.049536],[31.498359,30.049607]]},"properties":{"kind":"road","class":"residential","weight":1.0,"name":null}},{"type":"Feature","geometry":{"type":"LineString","coordinates":[[31.498188,30.048962],[31.49899,30.049288]]},"properties":{"kind":"road","class":"residential","weight":1.0,"name":null}},{"type":"Feature","geometry":{"type":"LineString","coordinates":[[31.498611,30.050216],[31.498389,30.049723],[31.498359,30.049607],[31.498338,30.049515],[31.498311,30.04935],[31.498291,30.049235],[31.498258,30.049121],[31.498214,30.049011],[31.498188,30.048962],[31.498157,30.048905],[31.49811,30.048825],[31.498051,30.048751],[31.497978,30.048687],[31.497911,30.048638],[31.497836,30.0486],[31.497754,30.048574],[31.497668,30.04856],[31.497604,30.048531],[31.497546,30.048494],[31.497497,30.048449],[31.497458,30.048397],[31.49743,30.048339],[31.497417,30.048279],[31.497419,30.048197],[31.497439,30.048117],[31.497475,30.048042],[31.497526,30.047974],[31.497591,30.047914],[31.497667,30.047866],[31.497752,30.047831],[31.497843,30.04781],[31.498561,30.047699],[31.499285,30.047587],[31.499375,30.047581],[31.499464,30.047599],[31.499543,30.047638],[31.499605,30.047696],[31.499644,30.047767],[31.499659,30.047844],[31.499739,30.048288],[31.499746,30.048353],[31.499736,30.048417],[31.49971,30.048478],[31.499669,30.048532],[31.499617,30.048604],[31.499563,30.048675],[31.499522,30.048752],[31.499496,30.048835],[31.499485,30.04892],[31.499489,30.049006],[31.499509,30.04909],[31.49954,30.049205],[31.499576,30.049299],[31.49961,30.04939],[31.499654,30.049478],[31.499708,30.049562],[31.499771,30.049641],[31.499843,30.049714]]},"properties":{"kind":"road","class":"residential","weight":1.0,"name":null}},{"type":"Feature","geometry":{"type":"LineString","coordinates":[[31.487481,30.035741],[31.487295,30.035744],[31.487067,30.035748]]},"properties":{"kind":"road","class":"residential","weight":1.0,"name":null}},{"type":"Feature","geometry":{"type":"LineString","coordinates":[[31.485493,30.031327],[31.485813,30.031284],[31.485989,30.031259],[31.486161,30.031219],[31.486326,30.031164],[31.48647,30.0311],[31.486485,30.031093]]},"properties":{"kind":"road","class":"residential","weight":1.0,"name":null}},{"type":"Feature","geometry":{"type":"LineString","coordinates":[[31.487536,30.032145],[31.487647,30.032238]]},"properties":{"kind":"road","class":"tertiary_link","weight":1.1,"name":null}},{"type":"Feature","geometry":{"type":"LineString","coordinates":[[31.48763,30.033331],[31.487742,30.033258]]},"properties":{"kind":"road","class":"tertiary_link","weight":1.1,"name":null}},{"type":"Feature","geometry":{"type":"LineString","coordinates":[[31.47507,30.045975],[31.475224,30.046081],[31.475256,30.046192],[31.47526,30.046838],[31.475261,30.046966],[31.475266,30.047691],[31.475268,30.048061],[31.475276,30.0493],[31.475282,30.05013],[31.475284,30.050436],[31.475286,30.050743],[31.475294,30.052024],[31.475295,30.052139],[31.475297,30.052515],[31.475299,30.052858],[31.475287,30.053915],[31.475295,30.054029],[31.475313,30.054147],[31.475342,30.054263]]},"properties":{"kind":"road","class":"tertiary","weight":1.4,"name":"\u0645\u062d\u0648\u0631 \u0645\u062d\u0645\u062f \u0646\u062c\u064a\u0628 \u0627\u0644\u062c\u0627\u0646\u0628\u0649"}},{"type":"Feature","geometry":{"type":"LineString","coordinates":[[31.483486,30.031025],[31.483492,30.030837],[31.483508,30.030763],[31.483546,30.030695],[31.483605,30.030638],[31.483679,30.030598],[31.483758,30.030577],[31.48384,30.030574],[31.484403,30.030577]]},"properties":{"kind":"road","class":"residential","weight":1.0,"name":null}},{"type":"Feature","geometry":{"type":"LineString","coordinates":[[31.481292,30.030575],[31.481985,30.030577],[31.482044,30.030579],[31.482102,30.030589],[31.482157,30.030607],[31.482218,30.030638],[31.482272,30.030679],[31.482315,30.030728],[31.482347,30.030783],[31.482366,30.030843],[31.482364,30.031035]]},"properties":{"kind":"road","class":"residential","weight":1.0,"name":null}},{"type":"Feature","geometry":{"type":"LineString","coordinates":[[31.481275,30.030461],[31.48127,30.030234],[31.481263,30.029928],[31.481258,30.029745],[31.481256,30.0297],[31.481268,30.029655],[31.481291,30.029614],[31.481326,30.02958],[31.48137,30.029554],[31.48142,30.029538],[31.481472,30.029534],[31.48236,30.029531],[31.482804,30.029529],[31.482858,30.029529],[31.482954,30.029529],[31.483356,30.029527],[31.483567,30.029526],[31.48366,30.029531],[31.483753,30.029542],[31.483843,30.02956],[31.483933,30.029583],[31.484019,30.029613],[31.484104,30.029655],[31.484191,30.029712],[31.484266,30.029787],[31.484325,30.029873],[31.484344,30.029915],[31.484367,30.029965],[31.48439,30.030063],[31.484398,30.030401],[31.484403,30.030577],[31.48441,30.030853],[31.484397,30.030906],[31.484366,30.030953],[31.484321,30.030989],[31.484265,30.031012],[31.484204,30.031019],[31.483486,30.031025],[31.483023,30.031029],[31.482932,30.03103],[31.482364,30.031035],[31.48188,30.031038],[31.481801,30.031032],[31.481724,30.031016],[31.481651,30.03099],[31.481583,30.030955],[31.481523,30.030911],[31.481471,30.030859],[31.481421,30.03081],[31.481377,30.030756],[31.481341,30.030699],[31.481313,30.030638],[31.481292,30.030575],[31.481281,30.030518],[31.481275,30.030461]]},"properties":{"kind":"road","class":"residential","weight":1.0,"name":null}},{"type":"Feature","geometry":{"type":"LineString","coordinates":[[31.483023,30.031029],[31.483028,30.031209],[31.483033,30.031412]]},"properties":{"kind":"road","class":"residential","weight":1.0,"name":null}},{"type":"Feature","geometry":{"type":"LineString","coordinates":[[31.482939,30.031413],[31.482935,30.031211],[31.482932,30.03103]]},"properties":{"kind":"road","class":"residential","weight":1.0,"name":null}},{"type":"Feature","geometry":{"type":"LineString","coordinates":[[31.489681,30.03033],[31.489623,30.030392]]},"properties":{"kind":"road","class":"residential","weight":1.0,"name":null}},{"type":"Feature","geometry":{"type":"LineString","coordinates":[[31.488388,30.034481],[31.48842,30.034526],[31.488457,30.034591],[31.488486,30.03466],[31.488506,30.034732],[31.488516,30.034804],[31.488518,30.034878],[31.488518,30.034913],[31.488528,30.035522],[31.488529,30.035553],[31.488529,30.035592],[31.48853,30.035948],[31.488525,30.036319],[31.488525,30.036351],[31.488542,30.037092],[31.488542,30.037204],[31.488521,30.03749],[31.488495,30.03755],[31.488481,30.037567],[31.488453,30.037603],[31.488399,30.037648],[31.488335,30.03768],[31.488298,30.03769],[31.488263,30.0377],[31.488096,30.037712],[31.487929,30.037713],[31.487761,30.037703],[31.487727,30.037695],[31.487642,30.037659],[31.487573,30.037604],[31.487524,30.037534],[31.487503,30.037468],[31.487498,30.036967],[31.487498,30.036933],[31.487489,30.03635],[31.487489,30.036312],[31.487481,30.035741],[31.48748,30.035648],[31.487479,30.035614],[31.487475,30.035359],[31.487487,30.035244],[31.487514,30.03513],[31.487557,30.035021],[31.487614,30.034916],[31.487685,30.034817],[31.487774,30.03473],[31.487827,30.034678],[31.487851,30.034654],[31.488013,30.034494],[31.488083,30.034425],[31.488134,30.0344],[31.488191,30.034389],[31.488249,30.034392],[31.488304,30.034409],[31.488351,30.034438],[31.488388,30.034481]]},"properties":{"kind":"road","class":"residential","weight":1.0,"name":null}},{"type":"Feature","geometry":{"type":"LineString","coordinates":[[31.488992,30.037216],[31.48874,30.037203],[31.488542,30.037204]]},"properties":{"kind":"road","class":"residential","weight":1.0,"name":null}},{"type":"Feature","geometry":{"type":"LineString","coordinates":[[31.492208,30.049443],[31.491984,30.049465],[31.491889,30.049483],[31.491817,30.049512],[31.491765,30.049558],[31.491718,30.049611],[31.491681,30.049676],[31.491677,30.049769],[31.491678,30.049794],[31.491691,30.049814],[31.491757,30.049891],[31.491841,30.049963],[31.491891,30.050017],[31.491921,30.050075],[31.491927,30.050143],[31.491906,30.050212],[31.491851,30.050294],[31.491477,30.050609],[31.491423,30.050638],[31.491356,30.050652],[31.491039,30.050684],[31.490978,30.050694],[31.490916,30.050715],[31.490852,30.050758],[31.490769,30.050826],[31.490719,30.050881],[31.490696,30.050906],[31.490637,30.05099],[31.490598,30.051071],[31.490581,30.051197],[31.490574,30.05192],[31.490608,30.052025],[31.490683,30.052113],[31.49079,30.052173],[31.490913,30.052195],[31.491038,30.052178],[31.491148,30.052124],[31.491229,30.052039],[31.491254,30.051973],[31.491269,30.051935],[31.491286,30.051498],[31.491292,30.051425],[31.491311,30.051387],[31.491326,30.051358],[31.491383,30.051304],[31.491457,30.05127],[31.491541,30.051258],[31.491742,30.051264]]},"properties":{"kind":"road","class":"residential","weight":1.0,"name":null}},{"type":"Feature","geometry":{"type":"LineString","coordinates":[[31.479867,30.037447],[31.479982,30.037443],[31.480053,30.037441]]},"properties":{"kind":"road","class":"residential","weight":1.0,"name":null}},{"type":"Feature","geometry":{"type":"LineString","coordinates":[[31.480134,30.037869],[31.480071,30.037758],[31.48006,30.037722],[31.480053,30.037677],[31.480053,30.037441],[31.480051,30.037261],[31.480052,30.037176],[31.48006,30.037137],[31.480076,30.037088],[31.480139,30.037003]]},"properties":{"kind":"road","class":"residential","weight":1.0,"name":null}},{"type":"Feature","geometry":{"type":"LineString","coordinates":[[31.51182,30.036824],[31.512339,30.037124],[31.512354,30.037129],[31.512371,30.037129],[31.512387,30.037126],[31.512401,30.037118],[31.512412,30.037108],[31.512591,30.03686],[31.512843,30.036511],[31.512884,30.036455],[31.513039,30.036241]]},"properties":{"kind":"road","class":"residential","weight":1.0,"name":null}},{"type":"Feature","geometry":{"type":"LineString","coordinates":[[31.512737,30.036053],[31.513039,30.036241],[31.513378,30.036452],[31.513417,30.036493],[31.513442,30.036541],[31.513449,30.036594],[31.513439,30.036646],[31.513412,30.036693],[31.513338,30.036796],[31.512872,30.03745],[31.512599,30.037834],[31.512559,30.037864],[31.512509,30.037882],[31.512455,30.037886],[31.512403,30.037875],[31.512358,30.03785],[31.512184,30.037745],[31.511926,30.037589],[31.511624,30.037406],[31.51158,30.037368],[31.51155,30.037321],[31.511535,30.037269],[31.511538,30.037215],[31.511557,30.037164],[31.51182,30.036824],[31.512013,30.036565],[31.512038,30.036533],[31.512336,30.036134],[31.512356,30.036107],[31.512395,30.036066],[31.512446,30.036036],[31.512504,30.03602],[31.512565,30.036017],[31.512624,30.036029]]},"properties":{"kind":"road","class":"residential","weight":1.0,"name":null}},{"type":"Feature","geometry":{"type":"LineString","coordinates":[[31.513024,30.035432],[31.512882,30.035549]]},"properties":{"kind":"road","class":"residential","weight":1.0,"name":null}},{"type":"Feature","geometry":{"type":"LineString","coordinates":[[31.509038,30.033224],[31.508945,30.033374]]},"properties":{"kind":"road","class":"residential","weight":1.0,"name":null}},{"type":"Feature","geometry":{"type":"LineString","coordinates":[[31.504051,30.039385],[31.504157,30.039337]]},"properties":{"kind":"road","class":"tertiary_link","weight":1.1,"name":null}},{"type":"Feature","geometry":{"type":"LineString","coordinates":[[31.499676,30.030088],[31.499671,30.030013],[31.499753,30.029834],[31.499783,30.029739],[31.499789,30.029708],[31.49979,30.029677],[31.499785,30.029647],[31.499776,30.029617]]},"properties":{"kind":"road","class":"residential","weight":1.0,"name":null}},{"type":"Feature","geometry":{"type":"LineString","coordinates":[[31.511737,30.034377],[31.511747,30.034435],[31.511727,30.034492],[31.511679,30.034535],[31.511615,30.034555],[31.511547,30.034549]]},"properties":{"kind":"road","class":"primary_link","weight":1.6,"name":null}},{"type":"Feature","geometry":{"type":"LineString","coordinates":[[31.51145,30.040668],[31.511139,30.04042],[31.510954,30.040316],[31.51088,30.040263],[31.510825,30.040194],[31.510794,30.040115],[31.510789,30.040031],[31.51081,30.03995],[31.510857,30.039877],[31.51158,30.03923],[31.512007,30.038726],[31.512074,30.038673],[31.512154,30.038635],[31.512242,30.038614],[31.512333,30.038612],[31.512413,30.038608],[31.512501,30.038596],[31.512671,30.038558],[31.51284,30.038516],[31.513008,30.038472],[31.51311,30.038442],[31.513209,30.038404],[31.513373,30.03832],[31.51352,30.038217],[31.513608,30.038143],[31.513684,30.03806],[31.513747,30.037969]]},"properties":{"kind":"road","class":"residential","weight":1.0,"name":null}},{"type":"Feature","geometry":{"type":"LineString","coordinates":[[31.514151,30.039228],[31.514295,30.039281]]},"properties":{"kind":"road","class":"residential","weight":1.0,"name":null}},{"type":"Feature","geometry":{"type":"LineString","coordinates":[[31.51464,30.038431],[31.514535,30.038264],[31.514477,30.03819],[31.51441,30.038122],[31.514334,30.038061],[31.514225,30.038005],[31.514102,30.037974],[31.513962,30.037966],[31.513841,30.037971],[31.513747,30.037969],[31.513686,30.037955],[31.513617,30.037922],[31.513423,30.037801],[31.513045,30.037566],[31.513025,30.03754],[31.513015,30.037511],[31.513016,30.03748],[31.513498,30.036834],[31.513591,30.036746],[31.513657,30.036711],[31.513747,30.036677],[31.513841,30.036656],[31.513938,30.036648],[31.514035,30.036652],[31.514107,30.036664],[31.514177,30.036683],[31.514244,30.036709],[31.51463,30.036967],[31.514767,30.03706],[31.514992,30.037207],[31.515094,30.037265],[31.515218,30.037331],[31.515349,30.037419],[31.515413,30.037492],[31.515456,30.037575],[31.515475,30.037665],[31.515469,30.037756],[31.515441,30.037844],[31.515334,30.038013],[31.515215,30.038176],[31.515085,30.038333],[31.514943,30.038481],[31.514712,30.038711],[31.514151,30.039228],[31.514102,30.039283],[31.514043,30.039341],[31.513933,30.039487],[31.513793,30.039697],[31.513656,30.039943],[31.513538,30.040144],[31.51333,30.040486],[31.513236,30.0406],[31.513131,30.040708],[31.513018,30.040808],[31.512894,30.0409],[31.512786,30.040976],[31.512665,30.041037],[31.512534,30.041079],[31.512397,30.041103],[31.512257,30.041107],[31.512118,30.041092],[31.511984,30.041057],[31.511858,30.041004],[31.511744,30.040934],[31.511518,30.040716]]},"properties":{"kind":"road","class":"residential","weight":1.0,"name":null}},{"type":"Feature","geometry":{"type":"LineString","coordinates":[[31.513382,30.039949],[31.513283,30.039905],[31.5131,30.039847],[31.512956,30.039811],[31.512819,30.039798],[31.512677,30.039797],[31.512477,30.039814],[31.512384,30.039813],[31.512292,30.0398],[31.512203,30.039776],[31.51212,30.039741],[31.512042,30.039696],[31.511997,30.039662],[31.511956,30.039625],[31.511934,30.039603],[31.511897,30.039558],[31.511866,30.039511],[31.511812,30.03941],[31.511754,30.039341],[31.511695,30.039289],[31.51158,30.03923]]},"properties":{"kind":"road","class":"residential","weight":1.0,"name":null}},{"type":"Feature","geometry":{"type":"LineString","coordinates":[[31.51486,30.036943],[31.514767,30.03706]]},"properties":{"kind":"road","class":"residential","weight":1.0,"name":null}},{"type":"Feature","geometry":{"type":"LineString","coordinates":[[31.51463,30.036967],[31.514727,30.036848]]},"properties":{"kind":"road","class":"residential","weight":1.0,"name":null}},{"type":"Feature","geometry":{"type":"LineString","coordinates":[[31.504123,30.046595],[31.504039,30.046726],[31.503991,30.046872],[31.503962,30.047021],[31.503954,30.047172],[31.503966,30.047323],[31.503995,30.047469],[31.504107,30.047755],[31.504136,30.047829],[31.504333,30.048331],[31.504539,30.04884],[31.504791,30.049497],[31.505113,30.050339],[31.505191,30.050531],[31.50542,30.051098],[31.505567,30.051462],[31.50558,30.051494],[31.505721,30.051844],[31.505763,30.051928],[31.505814,30.052003],[31.505885,30.052075],[31.505971,30.052135],[31.506096,30.052204]]},"properties":{"kind":"road","class":"tertiary","weight":1.4,"name":null}},{"type":"Feature","geometry":{"type":"LineString","coordinates":[[31.505498,30.05235],[31.505535,30.05225],[31.505561,30.052161],[31.505569,30.05207],[31.50556,30.051984],[31.505536,30.0519],[31.505398,30.051547],[31.505023,30.050581],[31.504619,30.049543],[31.504167,30.048379],[31.503974,30.047882],[31.503537,30.046759],[31.503475,30.046599]]},"properties":{"kind":"road","class":"tertiary","weight":1.4,"name":null}},{"type":"Feature","geometry":{"type":"LineString","coordinates":[[31.508313,30.04798],[31.508341,30.047994],[31.508364,30.048014],[31.50838,30.048039],[31.508385,30.048065],[31.508383,30.048156],[31.508394,30.048245],[31.508419,30.048332],[31.508466,30.048423],[31.509906,30.050824],[31.509985,30.050919],[31.510098,30.050984],[31.510227,30.051021],[31.510304,30.051025]]},"properties":{"kind":"road","class":"tertiary","weight":1.4,"name":null}},{"type":"Feature","geometry":{"type":"LineString","coordinates":[[31.509653,30.051224],[31.509704,30.051152],[31.509739,30.051073],[31.509757,30.050989],[31.50976,30.050927],[31.509753,30.050865],[31.509737,30.050804],[31.5084,30.048533],[31.508348,30.048473],[31.508284,30.048423],[31.50821,30.048385],[31.508128,30.048359],[31.508043,30.048347],[31.508012,30.048335],[31.507989,30.048316],[31.507975,30.048291],[31.507971,30.048263]]},"properties":{"kind":"road","class":"tertiary","weight":1.4,"name":null}},{"type":"Feature","geometry":{"type":"LineString","coordinates":[[31.50085,30.0531],[31.500875,30.053061],[31.500909,30.053028],[31.50095,30.053002],[31.500996,30.052984],[31.501046,30.052974],[31.501379,30.052951],[31.502448,30.052879],[31.502745,30.052854],[31.503041,30.052824],[31.503336,30.052788],[31.503644,30.052744],[31.503951,30.052694],[31.504257,30.052637],[31.50456,30.052574],[31.504862,30.052505],[31.505498,30.05235],[31.506096,30.052204],[31.506389,30.052133],[31.507767,30.051797],[31.50798,30.051748],[31.508145,30.05171],[31.508408,30.051626],[31.508753,30.051529],[31.509653,30.051224],[31.50998,30.051113],[31.510304,30.051025],[31.510493,30.050971],[31.510746,30.050891],[31.510995,30.050808],[31.511242,30.050719],[31.511486,30.050625],[31.511727,30.050526],[31.512885,30.050045],[31.512986,30.050003],[31.51314,30.04994],[31.514449,30.049283],[31.514622,30.049198],[31.514991,30.049011],[31.515257,30.048868],[31.515557,30.048699],[31.515636,30.048652],[31.515853,30.048523],[31.516966,30.04782],[31.517678,30.047328],[31.517786,30.047252],[31.518378,30.046844],[31.519001,30.046351],[31.519593,30.045883],[31.520841,30.044719],[31.520924,30.044646],[31.521046,30.044536],[31.521082,30.04451],[31.521142,30.044475],[31.521208,30.044446],[31.521277,30.044425],[31.52138,30.044397]]},"properties":{"kind":"road","class":"tertiary","weight":1.4,"name":"\u0634\u0627\u0631\u0639 \u0627\u0644\u0646\u0635\u0631 \u0627\u0644\u062c\u0627\u0646\u0628\u0649"}},{"type":"Feature","geometry":{"type":"LineString","coordinates":[[31.508021,30.051036],[31.508066,30.050901],[31.508079,30.050846],[31.508088,30.05081],[31.508095,30.05074],[31.508086,30.050637],[31.50806,30.050535],[31.508016,30.050439],[31.507956,30.050349],[31.50788,30.050268],[31.507792,30.050197],[31.507692,30.050139],[31.507584,30.050095],[31.507469,30.050065],[31.50735,30.050051],[31.50723,30.050052],[31.507111,30.050069],[31.506997,30.050101],[31.506283,30.050355],[31.506095,30.050421],[31.506004,30.05044],[31.505911,30.050441],[31.505821,30.050423],[31.505737,30.050389],[31.505676,30.050331],[31.505636,30.050261],[31.505624,30.050156],[31.505635,30.050051],[31.505667,30.04995],[31.50572,30.049855],[31.505793,30.04977],[31.505882,30.049698],[31.505984,30.049641],[31.506042,30.04962],[31.506843,30.049317],[31.507723,30.048984],[31.507821,30.048964],[31.507923,30.048965],[31.508021,30.048988],[31.508109,30.04903],[31.508184,30.04909],[31.508245,30.049164],[31.508263,30.049193],[31.508418,30.049454],[31.50881,30.050115],[31.509139,30.050664],[31.509171,30.050735],[31.509176,30.050811],[31.509155,30.050884],[31.509108,30.050948],[31.509041,30.050997],[31.508719,30.051098],[31.508267,30.051234]]},"properties":{"kind":"road","class":"residential","weight":1.0,"name":null}},{"type":"Feature","geometry":{"type":"LineString","coordinates":[[31.517027,30.038079],[31.51676,30.03809]]},"properties":{"kind":"road","class":"primary_link","weight":1.6,"name":null}},{"type":"Feature","geometry":{"type":"LineString","coordinates":[[31.516441,30.037875],[31.516364,30.037855],[31.516259,30.037854],[31.516155,30.037868],[31.516057,30.037898],[31.515965,30.037943],[31.515871,30.037996],[31.515809,30.038055],[31.515508,30.038411],[31.515228,30.038824],[31.514927,30.039206],[31.514479,30.039772],[31.514373,30.039891],[31.514094,30.040225],[31.513697,30.04068],[31.513473,30.040907],[31.513264,30.041134],[31.513148,30.041261],[31.513052,30.041399],[31.512975,30.041547],[31.512926,30.041701]]},"properties":{"kind":"road","class":"tertiary","weight":1.4,"name":null}},{"type":"Feature","geometry":{"type":"LineString","coordinates":[[31.514988,30.048612],[31.514982,30.048653],[31.514963,30.04869],[31.514932,30.048721],[31.514891,30.048742],[31.514845,30.048751],[31.514798,30.048748],[31.514755,30.048733],[31.514717,30.048707]]},"properties":{"kind":"road","class":"tertiary_link","weight":1.1,"name":null}},{"type":"Feature","geometry":{"type":"LineString","coordinates":[[31.514622,30.049198],[31.514697,30.04904],[31.514731,30.048931],[31.514738,30.048818],[31.514717,30.048707],[31.514684,30.048625],[31.514635,30.048548],[31.514383,30.048272],[31.513686,30.047507],[31.513617,30.047425],[31.512953,30.046686],[31.512293,30.045959],[31.511946,30.045575],[31.511483,30.04506],[31.510889,30.044404],[31.510587,30.04407],[31.510486,30.043977],[31.510372,30.043895],[31.510255,30.043845],[31.510129,30.043817],[31.509999,30.043813],[31.509871,30.043833]]},"properties":{"kind":"road","class":"tertiary","weight":1.4,"name":null}},{"type":"Feature","geometry":{"type":"LineString","coordinates":[[31.51224,30.042259],[31.512137,30.042283],[31.511964,30.042346],[31.511799,30.042426],[31.511647,30.042522],[31.511507,30.042631],[31.511033,30.043013],[31.510655,30.043297],[31.510418,30.043482],[31.510268,30.043584],[31.51015,30.043664],[31.509871,30.043833],[31.509135,30.044268],[31.509011,30.044335],[31.508903,30.044392],[31.508349,30.044697],[31.508002,30.044873],[31.507545,30.045097],[31.506966,30.045352],[31.506413,30.045582],[31.505822,30.045816],[31.50494,30.046143],[31.504737,30.046213],[31.504532,30.046296],[31.504335,30.046394],[31.504162,30.046508]]},"properties":{"kind":"road","class":"tertiary","weight":1.4,"name":null}},{"type":"Feature","geometry":{"type":"LineString","coordinates":[[31.512846,30.049781],[31.5129,30.049863]]},"properties":{"kind":"road","class":"residential","weight":1.0,"name":null}},{"type":"Feature","geometry":{"type":"LineString","coordinates":[[31.512885,30.050045],[31.5128,30.049912]]},"properties":{"kind":"road","class":"residential","weight":1.0,"name":null}},{"type":"Feature","geometry":{"type":"LineString","coordinates":[[31.512847,30.04976],[31.512846,30.049781],[31.512834,30.049805],[31.512812,30.049824],[31.512784,30.049836],[31.512753,30.049837],[31.512723,30.049829],[31.512699,30.049811],[31.512684,30.049787],[31.51268,30.049765],[31.512684,30.049743],[31.512696,30.049723],[31.512714,30.049708],[31.512736,30.049697],[31.512757,30.049693],[31.512779,30.049694],[31.512799,30.0497],[31.512817,30.04971],[31.512832,30.049723],[31.512842,30.049739],[31.512847,30.04976]]},"properties":{"kind":"road","class":"residential","weight":1.0,"name":null}},{"type":"Feature","geometry":{"type":"LineString","coordinates":[[31.513276,30.047601],[31.513271,30.047544],[31.513254,30.047458],[31.513229,30.047373],[31.513197,30.047289],[31.513158,30.047208],[31.513116,30.047138],[31.512544,30.046498],[31.511775,30.045637],[31.511743,30.045614],[31.511706,30.045596],[31.511667,30.045583],[31.511626,30.045577],[31.511573,30.045577],[31.511522,30.045587],[31.511473,30.045606],[31.510763,30.046026],[31.510022,30.046449],[31.509578,30.046691],[31.509214,30.046883],[31.509166,30.046918],[31.509127,30.046961],[31.509099,30.04701],[31.509083,30.047063],[31.509006,30.047345],[31.508979,30.047427],[31.508945,30.047508],[31.508905,30.047586],[31.508859,30.047662],[31.508597,30.04809],[31.50857,30.048143],[31.50856,30.048201],[31.508569,30.048258],[31.508595,30.048312],[31.508816,30.048697],[31.509095,30.049163],[31.509532,30.049894],[31.509871,30.050463],[31.509963,30.050617],[31.510033,30.050692],[31.510118,30.050753],[31.510216,30.050797],[31.510323,30.050824],[31.510433,30.050831],[31.510543,30.050819],[31.510648,30.050788],[31.511231,30.050543],[31.512304,30.050092],[31.512367,30.050065],[31.512445,30.050024],[31.512516,30.049975],[31.512579,30.049919],[31.512634,30.049856],[31.512684,30.049787]]},"properties":{"kind":"road","class":"residential","weight":1.0,"name":null}},{"type":"Feature","geometry":{"type":"LineString","coordinates":[[31.519296,30.039469],[31.519299,30.039521],[31.519313,30.039554],[31.519328,30.03958],[31.519348,30.039605],[31.519443,30.039681],[31.519458,30.039701],[31.519464,30.039724],[31.519459,30.039748],[31.519444,30.039769],[31.519427,30.039781],[31.519406,30.039787],[31.519384,30.039789],[31.519362,30.039784],[31.519184,30.039733]]},"properties":{"kind":"road","class":"primary_link","weight":1.6,"name":null}},{"type":"Feature","geometry":{"type":"LineString","coordinates":[[31.519504,30.039997],[31.519461,30.03991],[31.51945,30.039875],[31.519456,30.03984],[31.519477,30.039809],[31.519511,30.039788],[31.519551,30.039779],[31.519592,30.039785],[31.519785,30.039839]]},"properties":{"kind":"road","class":"primary_link","weight":1.6,"name":null}},{"type":"Feature","geometry":{"type":"LineString","coordinates":[[31.512061,30.034835],[31.512042,30.034792],[31.512043,30.034745],[31.512065,30.034703],[31.512102,30.03467],[31.512152,30.034652],[31.512205,30.034651]]},"properties":{"kind":"road","class":"primary_link","weight":1.6,"name":null}},{"type":"Feature","geometry":{"type":"LineString","coordinates":[[31.515216,30.043592],[31.515081,30.043563],[31.514945,30.043546],[31.514807,30.04354],[31.514669,30.043547],[31.514536,30.043572],[31.514408,30.043613],[31.51429,30.043671],[31.514183,30.043744],[31.513397,30.0444],[31.512793,30.044871],[31.512731,30.044925],[31.512682,30.044988],[31.512648,30.045058],[31.512629,30.045132],[31.512627,30.045208],[31.512641,30.045283],[31.512671,30.045354],[31.512717,30.045419],[31.512836,30.045549],[31.513089,30.045824],[31.513362,30.046102],[31.513625,30.046357],[31.513846,30.046669],[31.51399,30.046872],[31.514131,30.04703],[31.51429,30.047175],[31.514467,30.047304],[31.514674,30.047424],[31.514909,30.047523],[31.515132,30.047596],[31.515375,30.047642],[31.515579,30.047667],[31.51582,30.047665],[31.515988,30.047657],[31.516189,30.047622],[31.516385,30.047569],[31.516572,30.047497],[31.51675,30.047407],[31.516909,30.047305],[31.51708,30.047183],[31.51741,30.046946],[31.517726,30.046705],[31.518027,30.046473],[31.518318,30.046255],[31.51844,30.046163],[31.518503,30.046084],[31.518545,30.045994],[31.518562,30.045899],[31.518554,30.045803],[31.518521,30.045711],[31.518465,30.045628],[31.517514,30.044736],[31.516594,30.043872],[31.516482,30.04379],[31.516359,30.043721],[31.516227,30.043665],[31.516088,30.043625],[31.515944,30.043599],[31.515848,30.043593],[31.515752,30.043601],[31.51565,30.043633],[31.515456,30.043643],[31.5153,30.043619],[31.515216,30.043592]]},"properties":{"kind":"road","class":"residential","weight":1.0,"name":null}},{"type":"Feature","geometry":{"type":"LineString","coordinates":[[31.515456,30.043643],[31.515425,30.043611],[31.515404,30.043573],[31.515389,30.043536]]},"properties":{"kind":"road","class":"residential","weight":1.0,"name":null}},{"type":"Feature","geometry":{"type":"LineString","coordinates":[[31.515538,30.043548],[31.515521,30.043585],[31.515493,30.043618],[31.515456,30.043643]]},"properties":{"kind":"road","class":"residential","weight":1.0,"name":null}},{"type":"Feature","geometry":{"type":"LineString","coordinates":[[31.519001,30.046351],[31.519011,30.046218],[31.519015,30.046127],[31.519003,30.046038],[31.518975,30.045951],[31.518932,30.045868],[31.518874,30.045793],[31.51665,30.043719],[31.516466,30.043609],[31.516267,30.04352],[31.516056,30.043456],[31.515836,30.043417],[31.515556,30.043418],[31.51537,30.043416],[31.515151,30.04341],[31.514887,30.043412],[31.514609,30.043386],[31.514452,30.043346],[31.51432,30.043316],[31.514173,30.043256],[31.514038,30.043179],[31.513804,30.043009],[31.513434,30.042709],[31.51337,30.042661],[31.513261,30.042579],[31.513133,30.042483],[31.512985,30.042405],[31.512828,30.042343],[31.512664,30.042298],[31.512494,30.042269]]},"properties":{"kind":"road","class":"tertiary","weight":1.4,"name":null}},{"type":"Feature","geometry":{"type":"LineString","coordinates":[[31.514293,30.044492],[31.514336,30.044486],[31.514523,30.044461],[31.514711,30.044443],[31.514899,30.044432],[31.515087,30.044428],[31.515276,30.04443],[31.515464,30.044438],[31.515678,30.044456],[31.515892,30.044482],[31.516103,30.044516],[31.516313,30.044559],[31.516506,30.044607],[31.51652,30.04461]]},"properties":{"kind":"road","class":"residential","weight":1.0,"name":null}},{"type":"Feature","geometry":{"type":"LineString","coordinates":[[31.515413,30.045279],[31.51544,30.044838],[31.515464,30.044438],[31.515467,30.044076],[31.515456,30.043643]]},"properties":{"kind":"road","class":"residential","weight":1.0,"name":null}},{"type":"Feature","geometry":{"type":"LineString","coordinates":[[31.513397,30.0444],[31.513721,30.044717],[31.51401,30.044999],[31.51411,30.045071],[31.514219,30.045133],[31.514336,30.045182],[31.514459,30.04522],[31.514586,30.045244],[31.514716,30.045255],[31.515413,30.045279],[31.516297,30.045308],[31.516439,30.045304],[31.516579,30.045286],[31.516716,30.045254],[31.516848,30.045209],[31.516973,30.04515],[31.51709,30.04508],[31.517175,30.045011],[31.517514,30.044736]]},"properties":{"kind":"road","class":"residential","weight":1.0,"name":null}},{"type":"Feature","geometry":{"type":"LineString","coordinates":[[31.513625,30.046357],[31.514013,30.046198],[31.514218,30.046138],[31.514429,30.046091],[31.514643,30.046059],[31.514828,30.046051],[31.514891,30.046053]]},"properties":{"kind":"road","class":"residential","weight":1.0,"name":null}},{"type":"Feature","geometry":{"type":"LineString","coordinates":[[31.515375,30.047642],[31.515423,30.046885],[31.515425,30.046838]]},"properties":{"kind":"road","class":"residential","weight":1.0,"name":null}},{"type":"Feature","geometry":{"type":"LineString","coordinates":[[31.51741,30.046946],[31.517198,30.046741],[31.517049,30.046625],[31.51689,30.046518],[31.516723,30.046423],[31.516547,30.046339],[31.516365,30.046267],[31.516214,30.04622],[31.516176,30.046208]]},"properties":{"kind":"road","class":"residential","weight":1.0,"name":null}},{"type":"Feature","geometry":{"type":"LineString","coordinates":[[31.512932,30.047813],[31.512809,30.047838],[31.512731,30.047853],[31.512656,30.047855],[31.512583,30.047847],[31.512512,30.04783],[31.511795,30.047595],[31.51173,30.047576],[31.511613,30.047541],[31.511387,30.047489],[31.511212,30.04745],[31.510698,30.047379],[31.510478,30.047349],[31.51034,30.047327],[31.510215,30.047298],[31.510107,30.047254],[31.510007,30.0472],[31.50992,30.04713],[31.509838,30.047038],[31.509578,30.046691]]},"properties":{"kind":"road","class":"residential","weight":1.0,"name":null}},{"type":"Feature","geometry":{"type":"LineString","coordinates":[[31.512932,30.047813],[31.513019,30.047775],[31.513101,30.047729],[31.513177,30.047677],[31.51322,30.047639]]},"properties":{"kind":"road","class":"residential","weight":1.0,"name":null}},{"type":"Feature","geometry":{"type":"LineString","coordinates":[[31.513275,30.047792],[31.513215,30.047791],[31.51312,30.047791],[31.513025,30.047798],[31.512932,30.047813]]},"properties":{"kind":"road","class":"residential","weight":1.0,"name":null}},{"type":"Feature","geometry":{"type":"LineString","coordinates":[[31.512736,30.049697],[31.5125,30.049276],[31.512459,30.049214],[31.512405,30.049161],[31.512342,30.049116],[31.512269,30.049083],[31.512191,30.049061],[31.511892,30.049029],[31.511516,30.048975],[31.510944,30.048861],[31.510682,30.048779],[31.51042,30.048696],[31.509896,30.048503],[31.509779,30.048467],[31.509657,30.048447],[31.509534,30.048443],[31.509411,30.048454],[31.509291,30.04848],[31.509177,30.048521],[31.508816,30.048697]]},"properties":{"kind":"road","class":"residential","weight":1.0,"name":null}},{"type":"Feature","geometry":{"type":"LineString","coordinates":[[31.513411,30.047756],[31.513538,30.047804],[31.513681,30.04788],[31.513829,30.047964],[31.51395,30.048057],[31.51447,30.048641],[31.514501,30.048724],[31.514511,30.048811],[31.514499,30.048898],[31.514464,30.048981],[31.51441,30.049055],[31.514155,30.049221]]},"properties":{"kind":"road","class":"residential","weight":1.0,"name":null}},{"type":"Feature","geometry":{"type":"LineString","coordinates":[[31.513254,30.047611],[31.513276,30.047601],[31.513307,30.047595],[31.51334,30.047597],[31.513371,30.047607],[31.513397,30.047624],[31.513418,30.047646],[31.51343,30.047673],[31.513433,30.047702],[31.513426,30.04773],[31.513411,30.047756],[31.513384,30.047779],[31.51335,30.047794],[31.513313,30.047798],[31.513275,30.047792],[31.513239,30.047773],[31.513213,30.047744],[31.5132,30.047709],[31.513202,30.047672],[31.51322,30.047639],[31.513235,30.047623],[31.513254,30.047611]]},"properties":{"kind":"road","class":"residential","weight":1.0,"name":null}},{"type":"Feature","geometry":{"type":"LineString","coordinates":[[31.51334,30.047597],[31.513488,30.047505]]},"properties":{"kind":"road","class":"residential","weight":1.0,"name":null}},{"type":"Feature","geometry":{"type":"LineString","coordinates":[[31.513686,30.047507],[31.513566,30.047585]]},"properties":{"kind":"road","class":"residential","weight":1.0,"name":null}},{"type":"Feature","geometry":{"type":"LineString","coordinates":[[31.519296,30.039469],[31.519785,30.039839],[31.521809,30.041587],[31.52186,30.041631],[31.522303,30.041971],[31.522574,30.042176],[31.522596,30.042193],[31.52272,30.04229],[31.522884,30.042419],[31.522986,30.042503],[31.523225,30.042699],[31.523557,30.042986],[31.524046,30.04345],[31.524098,30.043501],[31.526315,30.04552],[31.526803,30.045965],[31.52802,30.047179],[31.528179,30.047337],[31.528809,30.048012],[31.528884,30.0481],[31.529195,30.048462],[31.529367,30.048663],[31.52975,30.049146],[31.530354,30.049935],[31.530494,30.050096],[31.530641,30.050253],[31.530782,30.050391],[31.530859,30.050462],[31.531054,30.05064],[31.531175,30.050759],[31.531291,30.050882],[31.531403,30.051008],[31.531534,30.051168],[31.531658,30.051334],[31.531773,30.051504],[31.531922,30.05173],[31.532063,30.051959],[31.532166,30.052143],[31.532265,30.05233],[31.532358,30.052519],[31.532434,30.052674],[31.532516,30.052828],[31.532571,30.052924],[31.532609,30.052988],[31.532708,30.053146],[31.532813,30.0533],[31.532924,30.053452],[31.533269,30.053947],[31.533728,30.054604],[31.534014,30.055077],[31.534291,30.055555],[31.53456,30.056036],[31.534808,30.056499],[31.53496,30.056791],[31.53615,30.059328],[31.536239,30.05953],[31.536319,30.05972],[31.536451,30.060058],[31.536476,30.060123],[31.536623,30.060478],[31.536765,30.060834],[31.536901,30.061192],[31.537046,30.06159],[31.537168,30.061953],[31.537416,30.062752],[31.53754,30.063147],[31.537655,30.063544],[31.537754,30.063916],[31.537851,30.064288],[31.537861,30.064326],[31.537889,30.06443],[31.537922,30.064516],[31.538006,30.064704],[31.538075,30.064828],[31.538152,30.064948],[31.538238,30.065067],[31.538374,30.065251],[31.538585,30.065542],[31.538676,30.065669],[31.53877,30.06581],[31.538849,30.065922],[31.538926,30.066053],[31.539007,30.066207],[31.539078,30.066364],[31.539141,30.066524],[31.539218,30.066704],[31.539288,30.066887],[31.539346,30.067078],[31.539401,30.067258],[31.539442,30.06743],[31.539476,30.067604],[31.539502,30.067779],[31.539522,30.067954],[31.53954,30.068159],[31.539549,30.068364],[31.539548,30.068401],[31.53953,30.068702],[31.5395,30.068963],[31.539443,30.069298],[31.539362,30.069757],[31.53926,30.070105],[31.53915,30.07041],[31.539116,30.070517],[31.539091,30.070625],[31.539072,30.070734],[31.539062,30.070849],[31.539059,30.070964],[31.539064,30.071079],[31.539136,30.071919],[31.53916,30.07259],[31.539159,30.073504],[31.539169,30.073905],[31.539172,30.07424],[31.539168,30.074712],[31.539154,30.075185],[31.539136,30.075569],[31.539111,30.075953],[31.539079,30.076336],[31.538977,30.077834],[31.538907,30.078349],[31.538719,30.079612],[31.538528,30.080691],[31.538438,30.081106],[31.538277,30.081825],[31.53799,30.083002],[31.5379,30.083375],[31.537876,30.083482],[31.53786,30.083591],[31.537851,30.0837],[31.53785,30.08382],[31.537858,30.08394],[31.53787,30.084051],[31.537902,30.084176],[31.537957,30.084321],[31.538008,30.08445],[31.538063,30.084534],[31.538122,30.084608],[31.53819,30.084677],[31.538264,30.084741],[31.538344,30.084798],[31.538684,30.084977]]},"properties":{"kind":"road","class":"primary","weight":2.4,"name":"\u0634\u0627\u0631\u0639 \u0627\u0644\u062a\u0633\u0639\u064a\u0646 \u0627\u0644\u0634\u0645\u0627\u0644\u0649"}},{"type":"Feature","geometry":{"type":"LineString","coordinates":[[31.510549,30.043162],[31.510655,30.043297]]},"properties":{"kind":"road","class":"tertiary_link","weight":1.1,"name":null}},{"type":"Feature","geometry":{"type":"LineString","coordinates":[[31.507545,30.045097],[31.507457,30.044965]]},"properties":{"kind":"road","class":"tertiary_link","weight":1.1,"name":null}},{"type":"Feature","geometry":{"type":"LineString","coordinates":[[31.503978,30.046151],[31.504209,30.046175],[31.504447,30.046155],[31.50468,30.046106],[31.504903,30.04603],[31.505781,30.045696],[31.506355,30.045462],[31.50692,30.045217],[31.507457,30.044965],[31.507909,30.044746],[31.50825,30.044575],[31.509039,30.044141],[31.509745,30.043701],[31.510015,30.043528],[31.510144,30.04344],[31.510278,30.043349],[31.510549,30.043162],[31.51082,30.042974],[31.511379,30.04254],[31.511506,30.042434],[31.511618,30.042316],[31.511714,30.042187],[31.511792,30.04205],[31.511857,30.041905]]},"properties":{"kind":"road","class":"tertiary","weight":1.4,"name":null}},{"type":"Feature","geometry":{"type":"LineString","coordinates":[[31.514051,30.043402],[31.51408,30.043386],[31.514116,30.04338],[31.514152,30.043385],[31.514184,30.043401],[31.514208,30.043424],[31.514223,30.043453],[31.514225,30.043484]]},"properties":{"kind":"road","class":"tertiary_link","weight":1.1,"name":null}},{"type":"Feature","geometry":{"type":"LineString","coordinates":[[31.512153,30.045158],[31.512119,30.045162],[31.512085,30.045157],[31.512055,30.045143],[31.512031,30.045122],[31.512016,30.045095],[31.512011,30.045065],[31.512017,30.045036],[31.512033,30.045011]]},"properties":{"kind":"road","class":"residential","weight":1.0,"name":null}},{"type":"Feature","geometry":{"type":"LineString","coordinates":[[31.511686,30.044979],[31.511765,30.044997],[31.511847,30.045014],[31.51194,30.04502],[31.512033,30.045011],[31.512112,30.04499],[31.512185,30.044958],[31.512886,30.044474],[31.513207,30.044233],[31.513502,30.043984],[31.513982,30.043539],[31.514024,30.043473],[31.514051,30.043402],[31.514063,30.043327],[31.514058,30.043252],[31.514038,30.043179],[31.514037,30.043142],[31.514044,30.043105],[31.514056,30.04307]]},"properties":{"kind":"road","class":"tertiary","weight":1.4,"name":null}},{"type":"Feature","geometry":{"type":"LineString","coordinates":[[31.514523,30.043261],[31.514499,30.043293],[31.514475,30.043321],[31.514452,30.043346],[31.514387,30.043392],[31.514303,30.043435],[31.514225,30.043484],[31.51415,30.043541],[31.514083,30.043604],[31.51359,30.044048],[31.513313,30.044284],[31.512981,30.044535],[31.512248,30.045057],[31.512195,30.045104],[31.512153,30.045158],[31.512113,30.045241],[31.512096,30.045329],[31.5121,30.045414],[31.512106,30.045486]]},"properties":{"kind":"road","class":"tertiary","weight":1.4,"name":null}},{"type":"Feature","geometry":{"type":"LineString","coordinates":[[31.511547,30.034549],[31.511444,30.034687]]},"properties":{"kind":"road","class":"residential","weight":1.0,"name":null}},{"type":"Feature","geometry":{"type":"LineString","coordinates":[[31.514755,30.036735],[31.514877,30.036604]]},"properties":{"kind":"road","class":"primary_link","weight":1.6,"name":null}},{"type":"Feature","geometry":{"type":"LineString","coordinates":[[31.517941,30.043943],[31.518189,30.043738]]},"properties":{"kind":"road","class":"residential","weight":1.0,"name":null}},{"type":"Feature","geometry":{"type":"LineString","coordinates":[[31.517941,30.043943],[31.517891,30.044013],[31.517853,30.044087],[31.517825,30.044165],[31.517829,30.044265]]},"properties":{"kind":"road","class":"residential","weight":1.0,"name":null}},{"type":"Feature","geometry":{"type":"LineString","coordinates":[[31.517597,30.044039],[31.517681,30.044015],[31.517758,30.043999],[31.517834,30.043979],[31.517941,30.043943]]},"properties":{"kind":"road","class":"residential","weight":1.0,"name":null}},{"type":"Feature","geometry":{"type":"LineString","coordinates":[[31.519964,30.042815],[31.520017,30.042743],[31.520076,30.042675],[31.520143,30.042614],[31.520218,30.042561],[31.520243,30.042536],[31.52025,30.042503],[31.520235,30.042473],[31.520204,30.042453],[31.520166,30.042451],[31.520044,30.04246],[31.519921,30.042452],[31.5198,30.042428]]},"properties":{"kind":"road","class":"residential","weight":1.0,"name":null}},{"type":"Feature","geometry":{"type":"LineString","coordinates":[[31.519135,30.045844],[31.519154,30.045868],[31.519163,30.045897],[31.519161,30.045926],[31.519147,30.045953],[31.519124,30.045974],[31.519094,30.045988],[31.51906,30.045993],[31.519027,30.045987],[31.518997,30.045973],[31.518975,30.045951]]},"properties":{"kind":"road","class":"tertiary_link","weight":1.1,"name":null}},{"type":"Feature","geometry":{"type":"LineString","coordinates":[[31.511946,30.045575],[31.512106,30.045486]]},"properties":{"kind":"road","class":"tertiary","weight":1.4,"name":null}},{"type":"Feature","geometry":{"type":"LineString","coordinates":[[31.511483,30.04506],[31.511686,30.044979]]},"properties":{"kind":"road","class":"tertiary","weight":1.4,"name":null}},{"type":"Feature","geometry":{"type":"LineString","coordinates":[[31.510944,30.048861],[31.510726,30.049565]]},"properties":{"kind":"road","class":"residential","weight":1.0,"name":null}},{"type":"Feature","geometry":{"type":"LineString","coordinates":[[31.511212,30.04745],[31.511409,30.046871]]},"properties":{"kind":"road","class":"residential","weight":1.0,"name":null}},{"type":"Feature","geometry":{"type":"LineString","coordinates":[[31.510507,30.044633],[31.510574,30.044694],[31.510632,30.044725],[31.510695,30.044746],[31.510762,30.044759]]},"properties":{"kind":"road","class":"residential","weight":1.0,"name":null}},{"type":"Feature","geometry":{"type":"LineString","coordinates":[[31.510464,30.044876],[31.510531,30.044831],[31.510603,30.044795],[31.51068,30.04477],[31.510762,30.044759]]},"properties":{"kind":"road","class":"residential","weight":1.0,"name":null}},{"type":"Feature","geometry":{"type":"LineString","coordinates":[[31.51054,30.045811],[31.510469,30.045821],[31.51039,30.04584],[31.510315,30.045869],[31.510246,30.045908]]},"properties":{"kind":"road","class":"residential","weight":1.0,"name":null}},{"type":"Feature","geometry":{"type":"LineString","coordinates":[[31.510345,30.04563],[31.510381,30.045687],[31.510429,30.045737],[31.510486,30.045778],[31.51054,30.045811]]},"properties":{"kind":"road","class":"residential","weight":1.0,"name":null}},{"type":"Feature","geometry":{"type":"LineString","coordinates":[[31.510762,30.044759],[31.510865,30.044762],[31.510964,30.044786],[31.511054,30.044829],[31.51113,30.044889],[31.511334,30.045143],[31.511356,30.045216],[31.511364,30.045291],[31.511358,30.045367],[31.511339,30.04544],[31.511308,30.04551],[31.511264,30.045575],[31.51121,30.045634],[31.510965,30.045792],[31.510887,30.045824],[31.510804,30.045842],[31.510717,30.045846],[31.510632,30.045835],[31.51054,30.045811]]},"properties":{"kind":"road","class":"residential","weight":1.0,"name":null}},{"type":"Feature","geometry":{"type":"LineString","coordinates":[[31.509228,30.046494],[31.509347,30.046429],[31.509575,30.0463],[31.510246,30.045908],[31.510292,30.045845],[31.510324,30.045777],[31.510342,30.045704],[31.510345,30.04563],[31.510315,30.045499],[31.510304,30.04542],[31.510301,30.045341],[31.510304,30.045294],[31.51031,30.045246],[31.510328,30.045164],[31.510356,30.045085],[31.510393,30.045008],[31.510464,30.044876],[31.510506,30.0448],[31.51052,30.044717],[31.510507,30.044633],[31.510489,30.044591],[31.510463,30.044552],[31.51033,30.0444],[31.510265,30.04435],[31.510188,30.044313],[31.510105,30.044291],[31.510018,30.044285],[31.509932,30.044295],[31.50985,30.04432],[31.509776,30.04436],[31.509291,30.044644]]},"properties":{"kind":"road","class":"residential","weight":1.0,"name":null}},{"type":"Feature","geometry":{"type":"LineString","coordinates":[[31.509063,30.04652],[31.509153,30.046473],[31.509166,30.046466],[31.509181,30.046464],[31.509197,30.046465],[31.509211,30.046472],[31.509221,30.046481],[31.509228,30.046494],[31.509229,30.046507],[31.509225,30.04652],[31.509216,30.046531],[31.509204,30.046539],[31.509113,30.046591]]},"properties":{"kind":"road","class":"residential","weight":1.0,"name":null}},{"type":"Feature","geometry":{"type":"LineString","coordinates":[[31.472368,30.042115],[31.472359,30.041712],[31.472357,30.040161]]},"properties":{"kind":"road","class":"residential","weight":1.0,"name":null}},{"type":"Feature","geometry":{"type":"LineString","coordinates":[[31.478421,30.047193],[31.478228,30.047241],[31.477969,30.047282],[31.477708,30.047305],[31.477446,30.04731],[31.477183,30.047298],[31.476923,30.047268],[31.476589,30.047191],[31.476155,30.04701],[31.476081,30.046958],[31.476039,30.046905],[31.476019,30.046847],[31.476018,30.04679],[31.476029,30.046704],[31.476104,30.046592],[31.476212,30.046484],[31.476326,30.046419],[31.476448,30.046371],[31.476586,30.046344],[31.476755,30.046345],[31.477277,30.04644]]},"properties":{"kind":"road","class":"residential","weight":1.0,"name":null}},{"type":"Feature","geometry":{"type":"LineString","coordinates":[[31.476805,30.038661],[31.476783,30.038711],[31.476784,30.038764]]},"properties":{"kind":"road","class":"residential","weight":1.0,"name":null}},{"type":"Feature","geometry":{"type":"LineString","coordinates":[[31.491201,30.028631],[31.491232,30.028648],[31.491258,30.028671],[31.491277,30.028698],[31.491289,30.028728],[31.491293,30.02876],[31.491289,30.028792],[31.491277,30.028822],[31.491257,30.028849],[31.491231,30.028871]]},"properties":{"kind":"road","class":"primary_link","weight":1.6,"name":null}},{"type":"Feature","geometry":{"type":"LineString","coordinates":[[31.489553,30.025665],[31.489482,30.025725],[31.489404,30.025818],[31.489356,30.025883],[31.489332,30.025915],[31.489296,30.025999],[31.48928,30.026087],[31.489277,30.026859],[31.489292,30.026983],[31.489302,30.027049],[31.489311,30.027106],[31.489341,30.027249]]},"properties":{"kind":"road","class":"unclassified","weight":1.0,"name":null}},{"type":"Feature","geometry":{"type":"LineString","coordinates":[[31.493501,30.021273],[31.493506,30.021242],[31.49354,30.02122],[31.493581,30.02121],[31.493796,30.021189],[31.493832,30.021169],[31.493858,30.02114],[31.493873,30.021106],[31.493875,30.02104],[31.493877,30.021005],[31.493861,30.020984],[31.493833,30.020974],[31.493653,30.020973]]},"properties":{"kind":"road","class":"residential","weight":1.0,"name":null}},{"type":"Feature","geometry":{"type":"LineString","coordinates":[[31.502727,30.044248],[31.502797,30.044284],[31.502881,30.044306],[31.502969,30.044315],[31.503057,30.044312],[31.503144,30.044297],[31.503897,30.044031],[31.504495,30.043808],[31.505169,30.043526],[31.505274,30.043479],[31.506069,30.043131],[31.506207,30.043052],[31.506315,30.042983],[31.506379,30.042934],[31.506436,30.042879],[31.506485,30.042833],[31.506542,30.042796],[31.506607,30.042768],[31.506677,30.042746],[31.506753,30.042748],[31.506828,30.042736],[31.506899,30.04271],[31.507998,30.042101],[31.508356,30.041872],[31.508675,30.041662],[31.508753,30.041601],[31.508951,30.04145],[31.509964,30.040672],[31.51005,30.040562],[31.510109,30.04044],[31.510139,30.04031],[31.510139,30.040177],[31.510109,30.040047],[31.51005,30.039925]]},"properties":{"kind":"road","class":"tertiary","weight":1.4,"name":null}},{"type":"Feature","geometry":{"type":"LineString","coordinates":[[31.505121,30.040884],[31.505034,30.040876],[31.504955,30.040874],[31.504876,30.040881],[31.504799,30.040897],[31.504725,30.040922],[31.504334,30.041118],[31.503928,30.041298],[31.503721,30.041387],[31.503151,30.041626],[31.502631,30.041811],[31.502189,30.041948],[31.502015,30.041999],[31.501514,30.042143],[31.50123,30.042212],[31.500654,30.042347],[31.500025,30.042481],[31.49961,30.042562],[31.498801,30.042675],[31.498121,30.042743],[31.497649,30.042779],[31.497064,30.042806],[31.496994,30.042806],[31.496501,30.042809],[31.496312,30.042811],[31.496211,30.042826],[31.496107,30.042849],[31.496006,30.042878],[31.495908,30.042915],[31.495813,30.042958]]},"properties":{"kind":"road","class":"tertiary","weight":1.4,"name":null}},{"type":"Feature","geometry":{"type":"LineString","coordinates":[[31.509221,30.046245],[31.509301,30.046272],[31.509392,30.046291],[31.509484,30.046301],[31.509575,30.0463]]},"properties":{"kind":"road","class":"residential","weight":1.0,"name":null}},{"type":"Feature","geometry":{"type":"LineString","coordinates":[[31.504056,30.046201],[31.504117,30.046266],[31.504156,30.046342],[31.504172,30.046425],[31.504162,30.046508],[31.504146,30.046553],[31.504123,30.046595],[31.504064,30.046662],[31.503987,30.046714],[31.503897,30.046747],[31.5038,30.046759],[31.503703,30.046748],[31.503613,30.046716],[31.503535,30.046666],[31.503475,30.046599],[31.503438,30.046524],[31.503424,30.046444],[31.503434,30.04636],[31.503469,30.04628],[31.503527,30.046211],[31.503604,30.046158],[31.503694,30.046124],[31.503791,30.046111],[31.503889,30.046121],[31.503978,30.046151],[31.504056,30.046201]]},"properties":{"kind":"road","class":"tertiary","weight":1.4,"name":null}},{"type":"Feature","geometry":{"type":"LineString","coordinates":[[31.503424,30.046444],[31.502776,30.044708],[31.502608,30.044284],[31.501937,30.04252],[31.501895,30.042429],[31.501835,30.042346],[31.501759,30.042274],[31.501682,30.042221],[31.501596,30.042179],[31.501514,30.042143]]},"properties":{"kind":"road","class":"tertiary","weight":1.4,"name":null}},{"type":"Feature","geometry":{"type":"LineString","coordinates":[[31.502015,30.041999],[31.501997,30.042069],[31.501985,30.042141],[31.501982,30.042213],[31.501989,30.042307],[31.50201,30.042401],[31.502044,30.042491],[31.502177,30.042836],[31.50243,30.043485],[31.502727,30.044248],[31.502888,30.044663],[31.503225,30.045528],[31.503323,30.045689],[31.503451,30.045841],[31.50366,30.045993],[31.503889,30.046121]]},"properties":{"kind":"road","class":"tertiary","weight":1.4,"name":null}},{"type":"Feature","geometry":{"type":"LineString","coordinates":[[31.509103,30.044687],[31.509013,30.044667],[31.50892,30.044657],[31.508826,30.04466],[31.508708,30.044686],[31.508583,30.044741],[31.508486,30.044799],[31.508428,30.044841],[31.508356,30.044918],[31.508308,30.044983],[31.508273,30.045053],[31.50825,30.045127],[31.508241,30.045204],[31.508245,30.04528],[31.508263,30.045355],[31.508403,30.045577],[31.508462,30.045637],[31.508534,30.045686],[31.508615,30.045721],[31.508703,30.045742],[31.508794,30.045748],[31.508879,30.045739],[31.50896,30.045716],[31.509035,30.045682],[31.509122,30.045604],[31.509192,30.045514],[31.509249,30.045418],[31.509284,30.045329],[31.509307,30.045237],[31.509315,30.045155],[31.509312,30.045073],[31.509299,30.044992],[31.509242,30.044765]]},"properties":{"kind":"road","class":"residential","weight":1.0,"name":null}},{"type":"Feature","geometry":{"type":"LineString","coordinates":[[31.493654,30.020558],[31.493931,30.020813],[31.493952,30.020841],[31.49396,30.020874],[31.493957,30.020907],[31.493958,30.021045],[31.493953,30.021117],[31.493954,30.021148],[31.493974,30.021173],[31.494098,30.021205],[31.494145,30.021231],[31.494194,30.02127]]},"properties":{"kind":"road","class":"residential","weight":1.0,"name":null}},{"type":"Feature","geometry":{"type":"LineString","coordinates":[[31.493575,30.028876],[31.493507,30.028916],[31.493396,30.028969],[31.493274,30.028995],[31.493183,30.029007],[31.489434,30.029028],[31.489204,30.02903],[31.488939,30.029031],[31.487719,30.029038],[31.486237,30.029046],[31.486063,30.029063]]},"properties":{"kind":"road","class":"secondary","weight":1.8,"name":"\u0634\u0627\u0631\u0639 \u0627\u0644\u062a\u0633\u0639\u064a\u0646 \u0627\u0644\u0634\u0645\u0627\u0644\u0649 \u0627\u0644\u062c\u0627\u0646\u0628\u0649"}},{"type":"Feature","geometry":{"type":"LineString","coordinates":[[31.505041,30.043066],[31.505305,30.04295],[31.505691,30.042781],[31.505727,30.042751],[31.505737,30.042717],[31.505733,30.042677],[31.505402,30.042133],[31.50536,30.042092],[31.505298,30.042059],[31.505234,30.042048],[31.505137,30.04207],[31.503821,30.042659],[31.503784,30.042703],[31.503779,30.04274],[31.503784,30.042777],[31.504123,30.043393],[31.504151,30.043415],[31.504179,30.043419],[31.50421,30.043415],[31.504917,30.043115]]},"properties":{"kind":"road","class":"residential","weight":1.0,"name":null}},{"type":"Feature","geometry":{"type":"LineString","coordinates":[[31.50143,30.041891],[31.501406,30.041806]]},"properties":{"kind":"road","class":"residential","weight":1.0,"name":null}},{"type":"Feature","geometry":{"type":"LineString","coordinates":[[31.501514,30.041762],[31.501553,30.041856]]},"properties":{"kind":"road","class":"residential","weight":1.0,"name":null}},{"type":"Feature","geometry":{"type":"LineString","coordinates":[[31.508284,30.048423],[31.508274,30.048401],[31.508272,30.048377],[31.508279,30.048354],[31.508294,30.048334],[31.508316,30.048319],[31.508342,30.048311],[31.50837,30.048311],[31.508396,30.048318],[31.508419,30.048332]]},"properties":{"kind":"road","class":"tertiary_link","weight":1.1,"name":null}},{"type":"Feature","geometry":{"type":"LineString","coordinates":[[31.50668,30.04891],[31.506701,30.048963],[31.506843,30.049317]]},"properties":{"kind":"road","class":"residential","weight":1.0,"name":null}},{"type":"Feature","geometry":{"type":"LineString","coordinates":[[31.501977,30.041897],[31.502015,30.041999]]},"properties":{"kind":"road","class":"tertiary_link","weight":1.1,"name":null}},{"type":"Feature","geometry":{"type":"LineString","coordinates":[[31.501759,30.042274],[31.501783,30.04223],[31.501825,30.042199],[31.501878,30.042184],[31.501934,30.042189],[31.501982,30.042213]]},"properties":{"kind":"road","class":"tertiary_link","weight":1.1,"name":null}},{"type":"Feature","geometry":{"type":"LineString","coordinates":[[31.504843,30.040508],[31.50495,30.040453]]},"properties":{"kind":"road","class":"tertiary_link","weight":1.1,"name":null}},{"type":"Feature","geometry":{"type":"LineString","coordinates":[[31.505219,30.040831],[31.505121,30.040884]]},"properties":{"kind":"road","class":"tertiary_link","weight":1.1,"name":null}},{"type":"Feature","geometry":{"type":"LineString","coordinates":[[31.507909,30.044746],[31.508002,30.044873]]},"properties":{"kind":"road","class":"tertiary_link","weight":1.1,"name":null}},{"type":"Feature","geometry":{"type":"LineString","coordinates":[[31.509745,30.043701],[31.509871,30.043833]]},"properties":{"kind":"road","class":"tertiary_link","weight":1.1,"name":null}},{"type":"Feature","geometry":{"type":"LineString","coordinates":[[31.502888,30.044663],[31.502776,30.044708]]},"properties":{"kind":"road","class":"tertiary_link","weight":1.1,"name":null}},{"type":"Feature","geometry":{"type":"LineString","coordinates":[[31.502608,30.044284],[31.502727,30.044248]]},"properties":{"kind":"road","class":"tertiary_link","weight":1.1,"name":null}},{"type":"Feature","geometry":{"type":"LineString","coordinates":[[31.498442,30.029195],[31.498516,30.029051]]},"properties":{"kind":"road","class":"primary_link","weight":1.6,"name":null}},{"type":"Feature","geometry":{"type":"LineString","coordinates":[[31.490649,30.025848],[31.490692,30.025829],[31.490743,30.025821],[31.490793,30.025828],[31.490837,30.025847]]},"properties":{"kind":"road","class":"tertiary_link","weight":1.1,"name":null}},{"type":"Feature","geometry":{"type":"LineString","coordinates":[[31.496699,30.021609],[31.496722,30.021497]]},"properties":{"kind":"road","class":"unclassified","weight":1.0,"name":null}},{"type":"Feature","geometry":{"type":"LineString","coordinates":[[31.498722,30.023795],[31.498587,30.023907],[31.498455,30.024027],[31.498314,30.024158],[31.497683,30.02471],[31.497633,30.024746],[31.497578,30.024776],[31.497518,30.0248],[31.497455,30.024816],[31.49739,30.024824],[31.497325,30.024824],[31.49726,30.024817],[31.497197,30.024802],[31.497137,30.024779],[31.497081,30.024749],[31.49703,30.024714],[31.49649,30.024244],[31.496302,30.024083],[31.496264,30.024043],[31.496231,30.023996],[31.496208,30.023945],[31.496194,30.023892],[31.49619,30.023837],[31.496193,30.023709],[31.496199,30.023641],[31.496209,30.023573],[31.496222,30.023505],[31.496239,30.023438],[31.49626,30.023372],[31.496325,30.023176],[31.496334,30.023146],[31.496342,30.023115],[31.496346,30.023084],[31.496348,30.023053],[31.496348,30.022994],[31.496348,30.022853],[31.496348,30.022675],[31.496348,30.02251],[31.496347,30.022434],[31.49635,30.022375],[31.496366,30.022317],[31.496393,30.022262],[31.49643,30.022213],[31.496477,30.022169],[31.496571,30.022089],[31.496662,30.02201],[31.496801,30.021889],[31.496881,30.021822],[31.496959,30.021745],[31.497025,30.021663],[31.497053,30.021611],[31.497084,30.021544],[31.497109,30.021466],[31.497124,30.021393],[31.497124,30.02132],[31.497105,30.021199],[31.497049,30.02072],[31.497034,30.020562],[31.497032,30.020539],[31.497032,30.020516],[31.497035,30.020482],[31.497041,30.020449],[31.497051,30.020416],[31.497063,30.020384],[31.497079,30.020353],[31.497278,30.020054],[31.497521,30.019677],[31.497538,30.019649],[31.497553,30.01962],[31.497565,30.019591],[31.497576,30.019556],[31.497584,30.019527],[31.49759,30.019493],[31.497593,30.019459],[31.497623,30.019024],[31.497628,30.018978],[31.497635,30.018938],[31.497648,30.018898],[31.497666,30.018861],[31.497688,30.018825],[31.497716,30.018792],[31.497747,30.018762],[31.497797,30.018718],[31.498209,30.018361],[31.498317,30.018264],[31.49895,30.017704],[31.499086,30.017584],[31.499344,30.017359]]},"properties":{"kind":"road","class":"unclassified","weight":1.0,"name":null}},{"type":"Feature","geometry":{"type":"LineString","coordinates":[[31.492253,30.021145],[31.492197,30.021132],[31.49214,30.021096],[31.492102,30.021044],[31.492087,30.020985],[31.492079,30.020335],[31.49207,30.019634],[31.492069,30.019568],[31.492069,30.019535],[31.492065,30.019229],[31.492071,30.01914],[31.49209,30.019051],[31.492121,30.018966],[31.492164,30.018884],[31.492219,30.018807],[31.492277,30.018746],[31.492299,30.018727],[31.492321,30.018707],[31.492358,30.018674],[31.492441,30.01862],[31.492924,30.018343],[31.492997,30.01832],[31.493074,30.01831],[31.493151,30.01831],[31.493227,30.018323],[31.493295,30.018346],[31.493505,30.018504],[31.493882,30.018788],[31.494153,30.018992],[31.494186,30.01906],[31.494194,30.019132],[31.494177,30.019204],[31.494136,30.019268],[31.493763,30.019661],[31.49373,30.019697],[31.49369,30.019749],[31.493669,30.019793],[31.493656,30.019838],[31.493653,30.019885],[31.493654,30.020159],[31.493654,30.020334],[31.493654,30.02052],[31.493654,30.020558],[31.493653,30.02092],[31.493653,30.020973],[31.493645,30.021028],[31.493618,30.021079],[31.493574,30.021119],[31.493494,30.021145],[31.492875,30.021149],[31.492253,30.021145]]},"properties":{"kind":"road","class":"residential","weight":1.0,"name":null}},{"type":"Feature","geometry":{"type":"LineString","coordinates":[[31.505017,30.043046],[31.505041,30.043066],[31.505051,30.04309],[31.505048,30.043115],[31.505033,30.043137],[31.505011,30.043151],[31.504984,30.043156],[31.504955,30.043152],[31.504932,30.043137],[31.504917,30.043115],[31.504915,30.043087],[31.504928,30.043061],[31.504954,30.043043],[31.504986,30.043038],[31.505017,30.043046]]},"properties":{"kind":"road","class":"residential","weight":1.0,"name":null}},{"type":"Feature","geometry":{"type":"LineString","coordinates":[[31.505033,30.043137],[31.505213,30.043393],[31.505274,30.043479]]},"properties":{"kind":"road","class":"residential","weight":1.0,"name":null}},{"type":"Feature","geometry":{"type":"LineString","coordinates":[[31.505169,30.043526],[31.505128,30.043418],[31.504984,30.043156]]},"properties":{"kind":"road","class":"residential","weight":1.0,"name":null}},{"type":"Feature","geometry":{"type":"LineString","coordinates":[[31.506557,30.043007],[31.506508,30.042991],[31.506469,30.042962],[31.506443,30.042923],[31.506436,30.042879],[31.506428,30.042776],[31.506397,30.042671],[31.50634,30.042575],[31.506267,30.042477],[31.505121,30.040884],[31.504843,30.040508],[31.504051,30.039385],[31.502416,30.037084],[31.502346,30.037005],[31.502258,30.036941],[31.502172,30.0369],[31.502079,30.036873],[31.501982,30.036861],[31.501884,30.036864]]},"properties":{"kind":"road","class":"tertiary","weight":1.4,"name":null}},{"type":"Feature","geometry":{"type":"LineString","coordinates":[[31.502736,30.043075],[31.502566,30.043127],[31.502396,30.04318]]},"properties":{"kind":"road","class":"residential","weight":1.0,"name":null}},{"type":"Feature","geometry":{"type":"LineString","coordinates":[[31.502365,30.043099],[31.502527,30.04305],[31.502706,30.042996]]},"properties":{"kind":"road","class":"residential","weight":1.0,"name":null}},{"type":"Feature","geometry":{"type":"LineString","coordinates":[[31.503206,30.042053],[31.503131,30.04204],[31.50253,30.04226],[31.502486,30.042299],[31.502473,30.042344],[31.502471,30.042399],[31.502706,30.042996],[31.502736,30.043075],[31.502767,30.043157],[31.502999,30.043762],[31.503035,30.043839],[31.503094,30.043875],[31.503181,30.043897],[31.50331,30.043863],[31.503954,30.04365],[31.503998,30.043612],[31.50402,30.043542],[31.504016,30.043469],[31.504002,30.043409],[31.503689,30.042831],[31.503294,30.042103],[31.503254,30.042076],[31.503206,30.042053]]},"properties":{"kind":"road","class":"residential","weight":1.0,"name":null}},{"type":"Feature","geometry":{"type":"LineString","coordinates":[[31.502177,30.042836],[31.502208,30.042837],[31.50224,30.042847],[31.502268,30.042866],[31.502285,30.042892],[31.502365,30.043099],[31.502396,30.04318],[31.502469,30.043369],[31.502473,30.043401],[31.502468,30.043432],[31.502453,30.043461],[31.50243,30.043485]]},"properties":{"kind":"road","class":"residential","weight":1.0,"name":null}},{"type":"Feature","geometry":{"type":"LineString","coordinates":[[31.470232,30.039259],[31.470215,30.037304]]},"properties":{"kind":"road","class":"residential","weight":1.0,"name":null}},{"type":"Feature","geometry":{"type":"LineString","coordinates":[[31.470542,30.032694],[31.470135,30.032701],[31.470056,30.032704],[31.469978,30.03272],[31.469891,30.032754],[31.469814,30.032803],[31.46975,30.032865],[31.469704,30.032938],[31.469674,30.033028],[31.469671,30.033122],[31.469673,30.033829],[31.469674,30.03418],[31.469675,30.034589],[31.469678,30.035392],[31.469689,30.035464],[31.469727,30.035544],[31.469787,30.035613],[31.469865,30.035667],[31.469956,30.035702],[31.470443,30.035705]]},"properties":{"kind":"road","class":"residential","weight":1.0,"name":null}},{"type":"Feature","geometry":{"type":"LineString","coordinates":[[31.470536,30.035001],[31.471768,30.035007],[31.47251,30.035008],[31.472942,30.03501],[31.47376,30.035012]]},"properties":{"kind":"road","class":"residential","weight":1.0,"name":null}},{"type":"Feature","geometry":{"type":"LineString","coordinates":[[31.476356,30.036728],[31.476358,30.037057],[31.476358,30.037068],[31.476358,30.037096],[31.476358,30.037109],[31.476358,30.03712],[31.47636,30.037637],[31.476365,30.037885],[31.47637,30.037933],[31.476392,30.037977],[31.47643,30.038012],[31.476479,30.038034],[31.476534,30.038042],[31.476737,30.038042],[31.476782,30.038042],[31.477024,30.038043],[31.477078,30.038034],[31.477124,30.038007],[31.477155,30.037968],[31.477166,30.037921],[31.477163,30.037189],[31.477161,30.037108],[31.477161,30.037094],[31.477161,30.037056],[31.477159,30.036725],[31.477155,30.036655],[31.477158,30.036569]]},"properties":{"kind":"road","class":"residential","weight":1.0,"name":null}},{"type":"Feature","geometry":{"type":"LineString","coordinates":[[31.478179,30.036721],[31.478179,30.037045],[31.478179,30.037088],[31.478179,30.037176],[31.478181,30.037879],[31.478187,30.037925],[31.478209,30.037966],[31.478244,30.038],[31.478289,30.038024],[31.478341,30.038035],[31.478547,30.038038],[31.478602,30.038038],[31.478835,30.038039],[31.478881,30.038025],[31.478921,30.038002],[31.478953,30.03797],[31.478974,30.037933],[31.478983,30.037892],[31.47898,30.037113],[31.47898,30.037093],[31.47898,30.037061],[31.47898,30.037048],[31.478987,30.036718]]},"properties":{"kind":"road","class":"residential","weight":1.0,"name":null}},{"type":"Feature","geometry":{"type":"LineString","coordinates":[[31.522869,30.034705],[31.52306,30.034857],[31.523657,30.035222],[31.524527,30.035718],[31.524615,30.035792],[31.524681,30.035881],[31.524722,30.035982],[31.524735,30.036088],[31.52472,30.036193],[31.524685,30.036277],[31.524516,30.036661],[31.524453,30.036786],[31.524086,30.037445],[31.524031,30.037554],[31.523833,30.037965],[31.523804,30.038019],[31.523766,30.038093],[31.52353,30.038466],[31.523474,30.038548],[31.52341,30.038625],[31.523338,30.038697],[31.523258,30.038762],[31.523177,30.038819],[31.52309,30.038868],[31.522999,30.038912],[31.522904,30.038948],[31.52282,30.038977],[31.522791,30.038984],[31.522695,30.039006],[31.522644,30.039016],[31.522554,30.039026],[31.522463,30.03903],[31.52236,30.039027],[31.522246,30.03902],[31.522135,30.039005],[31.522037,30.038978],[31.521943,30.038943],[31.521757,30.038857],[31.521625,30.038784],[31.521538,30.038729],[31.521479,30.038684],[31.520383,30.037797],[31.520275,30.037714],[31.519799,30.037341],[31.519538,30.037142],[31.519353,30.037015],[31.51929,30.036974],[31.519232,30.03693],[31.519178,30.036882],[31.51913,30.03683],[31.519088,30.036774],[31.519051,30.036715],[31.519022,30.036653],[31.518999,30.036589],[31.518983,30.036518],[31.518974,30.036445],[31.518973,30.036373],[31.51898,30.036302],[31.518995,30.036231],[31.519016,30.036162],[31.519038,30.036086],[31.519051,30.03601],[31.519049,30.035924],[31.51904,30.035864],[31.519013,30.035763]]},"properties":{"kind":"road","class":"residential","weight":1.0,"name":null}},{"type":"Feature","geometry":{"type":"LineString","coordinates":[[31.523657,30.035222],[31.524083,30.034419],[31.524378,30.033863],[31.524438,30.033796],[31.524513,30.033742],[31.5246,30.033705],[31.524695,30.033685],[31.524793,30.033684],[31.524888,30.033702],[31.525513,30.03394],[31.52625,30.034219],[31.526327,30.034277],[31.526383,30.034351],[31.526415,30.034436],[31.526419,30.034524],[31.526396,30.03461],[31.526203,30.035097],[31.526187,30.035137],[31.526168,30.035186],[31.525745,30.036264],[31.525641,30.036495],[31.525606,30.036573],[31.525287,30.037284],[31.524674,30.038394],[31.524597,30.038533],[31.524548,30.038609],[31.52421,30.039118],[31.523705,30.039885],[31.523553,30.040061],[31.523477,30.040149],[31.523374,30.040245],[31.523228,30.040336],[31.523166,30.040363],[31.523069,30.040397],[31.52287,30.040449],[31.522662,30.04046],[31.522532,30.040443],[31.522335,30.040398],[31.522157,30.040314],[31.521986,30.040196],[31.521644,30.039915],[31.521567,30.039854],[31.521254,30.039576],[31.520932,30.039323],[31.520124,30.038662],[31.519284,30.038005],[31.51923,30.037952],[31.519195,30.037888],[31.519182,30.037817],[31.519193,30.037747],[31.519226,30.037682],[31.519475,30.037424]]},"properties":{"kind":"road","class":"residential","weight":1.0,"name":null}},{"type":"Feature","geometry":{"type":"LineString","coordinates":[[31.520124,30.038662],[31.519596,30.039144]]},"properties":{"kind":"road","class":"residential","weight":1.0,"name":null}},{"type":"Feature","geometry":{"type":"LineString","coordinates":[[31.476847,30.030922],[31.476846,30.030798]]},"properties":{"kind":"road","class":"residential","weight":1.0,"name":null}},{"type":"Feature","geometry":{"type":"LineString","coordinates":[[31.475151,30.033209],[31.475029,30.03321]]},"properties":{"kind":"road","class":"primary_link","weight":1.6,"name":null}},{"type":"Feature","geometry":{"type":"LineString","coordinates":[[31.469739,30.039258],[31.470232,30.039259],[31.470633,30.03926],[31.470703,30.039258],[31.470769,30.03924],[31.470971,30.039126],[31.471307,30.038936],[31.471352,30.03889],[31.471398,30.038827],[31.471429,30.038762],[31.471449,30.038693],[31.471452,30.037309]]},"properties":{"kind":"road","class":"residential","weight":1.0,"name":null}},{"type":"Feature","geometry":{"type":"LineString","coordinates":[[31.47597,30.040126],[31.4759,30.040114],[31.475878,30.040101],[31.475839,30.04008],[31.475796,30.040031],[31.475777,30.039971],[31.475764,30.039424],[31.475768,30.039112],[31.475789,30.039023],[31.475851,30.038938],[31.475936,30.038869],[31.476039,30.038822],[31.476725,30.038814],[31.476808,30.038813],[31.477539,30.038807],[31.477622,30.038855],[31.477687,30.038919],[31.477732,30.038996],[31.477753,30.03908],[31.477736,30.03991],[31.477731,30.039971],[31.477705,30.040028],[31.477661,30.040077],[31.477602,30.040111],[31.477534,30.040129],[31.47597,30.040126]]},"properties":{"kind":"road","class":"residential","weight":1.0,"name":null}},{"type":"Feature","geometry":{"type":"LineString","coordinates":[[31.516574,30.037228],[31.516682,30.037242],[31.516725,30.037244],[31.516794,30.037239],[31.516862,30.03723],[31.51696,30.037205],[31.517004,30.03719],[31.517074,30.037151],[31.517119,30.037112],[31.517159,30.037056],[31.517198,30.036972],[31.517226,30.036874],[31.517258,30.036707],[31.517318,30.036512],[31.517369,30.036409],[31.517438,30.036299],[31.517509,30.036192],[31.517672,30.036027],[31.517846,30.035882],[31.517949,30.035812],[31.518065,30.035749],[31.518236,30.035671],[31.518336,30.03564],[31.518494,30.035591],[31.51858,30.03557],[31.518667,30.035552],[31.518758,30.035539],[31.518874,30.035534],[31.51905,30.035558],[31.519201,30.035595],[31.51936,30.035668],[31.519501,30.035739],[31.519607,30.035792],[31.519859,30.035932],[31.520179,30.036066],[31.520419,30.036121],[31.52053,30.036131],[31.520651,30.036131],[31.520772,30.036123],[31.520891,30.036108],[31.521009,30.036085],[31.521125,30.036055],[31.521237,30.036017],[31.521346,30.035972],[31.521451,30.03592],[31.521551,30.035862],[31.521644,30.035802],[31.52173,30.035736],[31.521808,30.035662],[31.521871,30.035593],[31.521926,30.03552],[31.521975,30.035443],[31.522017,30.035356],[31.522099,30.03518],[31.522116,30.035119],[31.522129,30.035063],[31.522141,30.034873]]},"properties":{"kind":"road","class":"residential","weight":1.0,"name":null}},{"type":"Feature","geometry":{"type":"LineString","coordinates":[[31.522559,30.035056],[31.522302,30.035363],[31.52208,30.035695],[31.522024,30.035758],[31.521956,30.035819],[31.521719,30.035992],[31.521459,30.036122],[31.521116,30.036244],[31.52079,30.036301],[31.52068,30.036304],[31.520363,30.036292],[31.520258,30.036276],[31.520168,30.036257],[31.520027,30.036213],[31.519968,30.036195],[31.519872,30.036155],[31.519456,30.035947],[31.519278,30.035857],[31.519142,30.035797],[31.519013,30.035763],[31.518922,30.035746],[31.518828,30.035739],[31.518734,30.035743],[31.518641,30.035756],[31.51855,30.035771],[31.51846,30.035791],[31.518371,30.035817],[31.518285,30.035848],[31.518196,30.035887],[31.518111,30.035932],[31.51803,30.035983],[31.517953,30.036039],[31.517889,30.036098],[31.517832,30.036162],[31.517782,30.036231],[31.517741,30.036305],[31.517712,30.03637],[31.517676,30.036447],[31.517607,30.03663],[31.517553,30.036742],[31.517285,30.03732],[31.517259,30.037387],[31.517252,30.037445],[31.517249,30.03751],[31.517255,30.037575],[31.517271,30.037639],[31.517318,30.037775]]},"properties":{"kind":"road","class":"residential","weight":1.0,"name":null}},{"type":"Feature","geometry":{"type":"LineString","coordinates":[[31.477909,30.030495],[31.478046,30.030496]]},"properties":{"kind":"road","class":"residential","weight":1.0,"name":null}},{"type":"Feature","geometry":{"type":"LineString","coordinates":[[31.474685,30.030055],[31.474706,30.029899],[31.474701,30.029795],[31.474681,30.029678],[31.474649,30.029563],[31.474605,30.029452],[31.474549,30.029343],[31.474527,30.029259],[31.47455,30.029176],[31.474614,30.02911],[31.474705,30.029078],[31.47506,30.029076],[31.475146,30.029102],[31.475212,30.029155],[31.475248,30.029226],[31.475248,30.029304],[31.475212,30.029376],[31.475151,30.029505],[31.475115,30.029653],[31.475096,30.029818],[31.475114,30.029993]]},"properties":{"kind":"road","class":"primary_link","weight":1.6,"name":null}},{"type":"Feature","geometry":{"type":"LineString","coordinates":[[31.470183,30.031954],[31.469791,30.031961],[31.469684,30.031952],[31.46883,30.031984]]},"properties":{"kind":"road","class":"residential","weight":1.0,"name":null}},{"type":"Feature","geometry":{"type":"LineString","coordinates":[[31.472942,30.03501],[31.472946,30.034292],[31.47295,30.033583]]},"properties":{"kind":"road","class":"residential","weight":1.0,"name":null}},{"type":"Feature","geometry":{"type":"LineString","coordinates":[[31.478615,30.033916],[31.478735,30.033914],[31.478842,30.033912]]},"properties":{"kind":"road","class":"residential","weight":1.0,"name":null}},{"type":"Feature","geometry":{"type":"LineString","coordinates":[[31.478086,30.033707],[31.478088,30.033691],[31.478102,30.033665],[31.478125,30.033645],[31.478164,30.033632],[31.478247,30.033613],[31.478332,30.033602],[31.478349,30.033601],[31.478417,30.033599],[31.478502,30.033604],[31.478549,30.03362],[31.478587,30.033649],[31.47861,30.033687],[31.478616,30.03373],[31.478615,30.033916],[31.478614,30.033966],[31.478614,30.03403],[31.478612,30.034207],[31.478609,30.034248],[31.478592,30.034285],[31.478562,30.034316],[31.478522,30.034337],[31.478476,30.034346],[31.478226,30.034343],[31.478191,30.034338],[31.478159,30.034326],[31.478131,30.034308],[31.47811,30.034284],[31.478095,30.034256],[31.478089,30.034227],[31.478088,30.033974],[31.478086,30.033707]]},"properties":{"kind":"road","class":"residential","weight":1.0,"name":null}},{"type":"Feature","geometry":{"type":"LineString","coordinates":[[31.495397,30.0427],[31.495303,30.042624],[31.49519,30.042573],[31.495065,30.042549],[31.494266,30.042548],[31.494129,30.042548],[31.492824,30.042551]]},"properties":{"kind":"road","class":"residential","weight":1.0,"name":"\u0634\u0627\u0631\u0639 \u0639\u0644\u0649 \u062e\u0627\u0637\u0631"}},{"type":"Feature","geometry":{"type":"LineString","coordinates":[[31.494973,30.041182],[31.494967,30.041272]]},"properties":{"kind":"road","class":"residential","weight":1.0,"name":null}},{"type":"Feature","geometry":{"type":"LineString","coordinates":[[31.495388,30.041341],[31.495322,30.041304],[31.495249,30.04128],[31.495171,30.04127],[31.494967,30.041272],[31.494402,30.041279],[31.494292,30.041262],[31.494187,30.041231],[31.494088,30.041186],[31.493998,30.041128]]},"properties":{"kind":"road","class":"residential","weight":1.0,"name":null}},{"type":"Feature","geometry":{"type":"LineString","coordinates":[[31.493985,30.041022],[31.494083,30.041089],[31.494193,30.041141],[31.494312,30.041175],[31.494437,30.04119],[31.494892,30.041183],[31.494973,30.041182],[31.495168,30.041183],[31.495255,30.041165],[31.495325,30.041136],[31.495386,30.041094]]},"properties":{"kind":"road","class":"residential","weight":1.0,"name":null}},{"type":"Feature","geometry":{"type":"LineString","coordinates":[[31.492797,30.041648],[31.493182,30.041657],[31.493237,30.041723],[31.493313,30.041777],[31.4934,30.041817],[31.493479,30.041838],[31.493489,30.041846],[31.493494,30.041857],[31.493493,30.041992],[31.493586,30.041994],[31.493991,30.042004]]},"properties":{"kind":"road","class":"residential","weight":1.0,"name":null}},{"type":"Feature","geometry":{"type":"LineString","coordinates":[[31.493182,30.041657],[31.493182,30.04206],[31.493183,30.042334]]},"properties":{"kind":"road","class":"residential","weight":1.0,"name":null}},{"type":"Feature","geometry":{"type":"LineString","coordinates":[[31.493177,30.040799],[31.493171,30.041191],[31.493168,30.041374]]},"properties":{"kind":"road","class":"residential","weight":1.0,"name":null}},{"type":"Feature","geometry":{"type":"LineString","coordinates":[[31.493955,30.040914],[31.493985,30.041022],[31.493998,30.041128],[31.493996,30.041463],[31.493995,30.041517],[31.493991,30.042004],[31.493989,30.042141],[31.493967,30.042193],[31.493932,30.04224],[31.493886,30.042279],[31.493831,30.042309],[31.493771,30.042327],[31.493183,30.042334]]},"properties":{"kind":"road","class":"residential","weight":1.0,"name":null}},{"type":"Feature","geometry":{"type":"LineString","coordinates":[[31.493725,30.045794],[31.493752,30.045759],[31.493791,30.045731],[31.493836,30.045714],[31.493895,30.045704],[31.493912,30.045695],[31.493925,30.045682],[31.493933,30.045667],[31.493936,30.04565],[31.49394,30.045565],[31.49395,30.045343]]},"properties":{"kind":"road","class":"residential","weight":1.0,"name":null}},{"type":"Feature","geometry":{"type":"LineString","coordinates":[[31.494986,30.044558],[31.494981,30.045168],[31.494977,30.045209],[31.494965,30.045248],[31.494945,30.045284],[31.494917,30.045317],[31.494883,30.045344],[31.494844,30.045366],[31.494801,30.045382],[31.494755,30.04539],[31.494103,30.045401],[31.494068,30.045401],[31.494022,30.045393],[31.493982,30.045373],[31.49395,30.045343],[31.49383,30.045235],[31.493806,30.045206],[31.493791,30.045172],[31.493785,30.045137],[31.493758,30.044562]]},"properties":{"kind":"road","class":"residential","weight":1.0,"name":null}},{"type":"Feature","geometry":{"type":"LineString","coordinates":[[31.494266,30.042548],[31.494241,30.042668],[31.49423,30.042737],[31.494232,30.042782],[31.49424,30.042895],[31.494349,30.043034]]},"properties":{"kind":"road","class":"residential","weight":1.0,"name":null}},{"type":"Feature","geometry":{"type":"LineString","coordinates":[[31.49424,30.042895],[31.494153,30.04292]]},"properties":{"kind":"road","class":"residential","weight":1.0,"name":null}},{"type":"Feature","geometry":{"type":"LineString","coordinates":[[31.494222,30.043087],[31.494153,30.04292],[31.494123,30.042824],[31.494115,30.042741],[31.494109,30.04269],[31.494129,30.042548]]},"properties":{"kind":"road","class":"residential","weight":1.0,"name":null}},{"type":"Feature","geometry":{"type":"LineString","coordinates":[[31.493219,30.043363],[31.493317,30.043322],[31.493541,30.043227],[31.49363,30.04319],[31.493667,30.043176],[31.493683,30.043175],[31.493703,30.043172],[31.493741,30.043177],[31.493784,30.043187],[31.493825,30.043197],[31.493911,30.043208],[31.493936,30.04321],[31.493997,30.043212],[31.494035,30.043202],[31.494055,30.043197],[31.494153,30.043142],[31.494195,30.043108],[31.494222,30.043087],[31.494349,30.043034],[31.494438,30.043015],[31.494509,30.043001],[31.494679,30.043002],[31.494834,30.043035],[31.494925,30.04308],[31.495043,30.043163],[31.495079,30.043202],[31.495124,30.04325],[31.495185,30.043347],[31.495197,30.04338],[31.495225,30.043453],[31.495229,30.043486],[31.495235,30.043552],[31.495231,30.043595],[31.495225,30.043651],[31.495194,30.043746],[31.49517,30.04379],[31.495144,30.043836],[31.495077,30.043916],[31.495044,30.043948],[31.494998,30.043991],[31.494905,30.044051],[31.494828,30.044084],[31.4948,30.044096],[31.494687,30.044123],[31.4946,30.044125],[31.494507,30.044127],[31.494342,30.044091],[31.494228,30.044055],[31.494138,30.044046],[31.494096,30.044054],[31.494058,30.044071],[31.494012,30.044089],[31.493923,30.044114],[31.493831,30.044127],[31.493809,30.044127],[31.493738,30.044129],[31.493645,30.044119],[31.493555,30.044097],[31.493452,30.044056],[31.493429,30.044047],[31.493319,30.043962],[31.49325,30.043865],[31.493212,30.043754],[31.493213,30.043649],[31.49322,30.043432],[31.493219,30.043363],[31.493223,30.043158],[31.49323,30.043028],[31.493286,30.042907],[31.493385,30.042809],[31.493516,30.042744],[31.493666,30.042708],[31.493822,30.042711],[31.493972,30.04275],[31.494123,30.042824]]},"properties":{"kind":"road","class":"residential","weight":1.0,"name":null}},{"type":"Feature","geometry":{"type":"LineString","coordinates":[[31.499797,30.041144],[31.499835,30.041132],[31.499881,30.041139],[31.499909,30.041151],[31.499934,30.041199]]},"properties":{"kind":"road","class":"residential","weight":1.0,"name":null}},{"type":"Feature","geometry":{"type":"LineString","coordinates":[[31.499993,30.041007],[31.499966,30.041024],[31.499939,30.041032],[31.499902,30.041028],[31.499865,30.041011],[31.49984,30.040979]]},"properties":{"kind":"road","class":"residential","weight":1.0,"name":null}},{"type":"Feature","geometry":{"type":"LineString","coordinates":[[31.473451,30.029095],[31.473453,30.028947]]},"properties":{"kind":"road","class":"primary_link","weight":1.6,"name":null}},{"type":"Feature","geometry":{"type":"LineString","coordinates":[[31.474402,30.036182],[31.474468,30.036102],[31.474506,30.036058],[31.474537,30.036013],[31.474562,30.035964],[31.474581,30.035914],[31.474593,30.035862],[31.474599,30.035809],[31.474619,30.035584],[31.474633,30.035358],[31.47464,30.035133],[31.474629,30.033939],[31.474628,30.03379],[31.474625,30.033577],[31.474615,30.032753],[31.474612,30.032424],[31.474599,30.031329],[31.474539,30.030218],[31.474527,30.030017],[31.474487,30.029854],[31.474412,30.029696],[31.474298,30.029498],[31.474141,30.029362],[31.473957,30.029254],[31.473753,30.029178],[31.473451,30.029095]]},"properties":{"kind":"road","class":"tertiary","weight":1.4,"name":"\u0645\u062d\u0648\u0631 \u0645\u062d\u0645\u062f \u0646\u062c\u064a\u0628 \u0627\u0644\u062c\u0627\u0646\u0628\u0649"}},{"type":"Feature","geometry":{"type":"LineString","coordinates":[[31.492804,30.048712],[31.492589,30.048803],[31.492556,30.048816],[31.492514,30.048823],[31.492357,30.048825],[31.492118,30.048828],[31.491966,30.04883],[31.491906,30.048828],[31.491854,30.04882],[31.491791,30.048792],[31.49172,30.048725]]},"properties":{"kind":"road","class":"residential","weight":1.0,"name":null}},{"type":"Feature","geometry":{"type":"LineString","coordinates":[[31.496211,30.042826],[31.496183,30.042811],[31.496162,30.042789],[31.49615,30.042762],[31.496149,30.042733],[31.496157,30.042705],[31.496176,30.042681],[31.496202,30.042663],[31.496233,30.042654]]},"properties":{"kind":"road","class":"tertiary_link","weight":1.1,"name":null}},{"type":"Feature","geometry":{"type":"LineString","coordinates":[[31.499915,30.049702],[31.500143,30.049545],[31.500164,30.049537],[31.500187,30.049539],[31.500207,30.049549],[31.50022,30.049566],[31.500222,30.049585],[31.500215,30.049604],[31.49998,30.049768]]},"properties":{"kind":"road","class":"residential","weight":1.0,"name":null}},{"type":"Feature","geometry":{"type":"LineString","coordinates":[[31.492899,30.049429],[31.492835,30.049353],[31.492801,30.049299],[31.492781,30.049269],[31.492776,30.049215],[31.492804,30.049164],[31.492843,30.049136],[31.492895,30.049118],[31.492963,30.049114],[31.492993,30.049116],[31.49302,30.04913],[31.493081,30.049189],[31.493136,30.049241],[31.493155,30.049277],[31.493168,30.049346]]},"properties":{"kind":"road","class":"residential","weight":1.0,"name":null}},{"type":"Feature","geometry":{"type":"LineString","coordinates":[[31.481271,30.026705],[31.48135,30.026567],[31.481375,30.0265],[31.481391,30.026431],[31.481399,30.026361],[31.481391,30.026091],[31.481381,30.026023],[31.481358,30.025959],[31.481325,30.025898],[31.481254,30.02582],[31.481165,30.025759],[31.481059,30.025699]]},"properties":{"kind":"road","class":"unclassified","weight":1.0,"name":null}},{"type":"Feature","geometry":{"type":"LineString","coordinates":[[31.482585,30.020052],[31.48349,30.020038]]},"properties":{"kind":"road","class":"residential","weight":1.0,"name":null}},{"type":"Feature","geometry":{"type":"LineString","coordinates":[[31.48255,30.020801],[31.482546,30.020664],[31.482541,30.020429],[31.48254,30.020401],[31.482534,30.020144]]},"properties":{"kind":"road","class":"residential","weight":1.0,"name":null}},{"type":"Feature","geometry":{"type":"LineString","coordinates":[[31.483711,30.021703],[31.484102,30.021176],[31.484173,30.021142],[31.484241,30.021115],[31.484336,30.021083],[31.484434,30.021054],[31.484535,30.021033],[31.484638,30.021019],[31.484741,30.021013],[31.485529,30.021019],[31.485606,30.021026],[31.485677,30.021054],[31.485732,30.021102],[31.485766,30.021162],[31.485774,30.021229],[31.485793,30.021977],[31.4858,30.022267],[31.485785,30.02233],[31.48576,30.022391],[31.485724,30.022448],[31.485679,30.022499]]},"properties":{"kind":"road","class":"residential","weight":1.0,"name":null}},{"type":"Feature","geometry":{"type":"LineString","coordinates":[[31.484245,30.020893],[31.484242,30.021003],[31.484241,30.021115]]},"properties":{"kind":"road","class":"residential","weight":1.0,"name":null}},{"type":"Feature","geometry":{"type":"LineString","coordinates":[[31.484102,30.021176],[31.484102,30.021007],[31.484102,30.020894]]},"properties":{"kind":"road","class":"residential","weight":1.0,"name":null}},{"type":"Feature","geometry":{"type":"LineString","coordinates":[[31.487295,30.020036],[31.487687,30.020056],[31.487998,30.020076],[31.488707,30.020082],[31.488775,30.020066],[31.488836,30.020035],[31.488881,30.019987],[31.488915,30.019949],[31.488934,30.019902],[31.48895,30.019695],[31.488956,30.019551],[31.488974,30.01905]]},"properties":{"kind":"road","class":"residential","weight":1.0,"name":null}},{"type":"Feature","geometry":{"type":"LineString","coordinates":[[31.487283,30.020077],[31.487291,30.020049],[31.487295,30.020036],[31.487305,30.020011],[31.487322,30.019989],[31.487493,30.019843],[31.487919,30.019465],[31.488149,30.019262],[31.48834,30.019094],[31.488373,30.019077],[31.488409,30.019065],[31.488447,30.01906],[31.488818,30.019054],[31.488974,30.01905],[31.489313,30.019042]]},"properties":{"kind":"road","class":"residential","weight":1.0,"name":null}},{"type":"Feature","geometry":{"type":"LineString","coordinates":[[31.495858,30.020079],[31.496008,30.020141]]},"properties":{"kind":"road","class":"tertiary","weight":1.4,"name":null}},{"type":"Feature","geometry":{"type":"LineString","coordinates":[[31.495791,30.024335],[31.495754,30.024419],[31.495715,30.02447],[31.495656,30.024504],[31.495587,30.024515],[31.495518,30.024501],[31.495461,30.024465],[31.495425,30.024413],[31.495378,30.024332]]},"properties":{"kind":"road","class":"primary_link","weight":1.6,"name":null}},{"type":"Feature","geometry":{"type":"LineString","coordinates":[[31.487128,30.025669],[31.486874,30.02549]]},"properties":{"kind":"road","class":"primary_link","weight":1.6,"name":null}},{"type":"Feature","geometry":{"type":"LineString","coordinates":[[31.484846,30.026253],[31.484877,30.026193],[31.48491,30.026122],[31.484931,30.026039],[31.484928,30.025954],[31.484913,30.025873],[31.484867,30.025797],[31.484802,30.025734],[31.484706,30.025673]]},"properties":{"kind":"road","class":"unclassified","weight":1.0,"name":null}},{"type":"Feature","geometry":{"type":"LineString","coordinates":[[31.485166,30.025668],[31.485093,30.025738],[31.485053,30.025797],[31.485027,30.025859],[31.485012,30.025935],[31.485012,30.026008],[31.485032,30.02608],[31.48507,30.026146],[31.485124,30.026203],[31.485191,30.026247]]},"properties":{"kind":"road","class":"unclassified","weight":1.0,"name":null}},{"type":"Feature","geometry":{"type":"LineString","coordinates":[[31.487324,30.024636],[31.487412,30.02458],[31.487485,30.024509],[31.487541,30.024428],[31.487578,30.024339],[31.487593,30.024245],[31.487574,30.024183],[31.487543,30.024089],[31.487498,30.023999],[31.487438,30.023916],[31.487365,30.023842],[31.487281,30.023777],[31.487187,30.023723],[31.487085,30.023681],[31.486998,30.023629],[31.486907,30.023571],[31.486852,30.02353],[31.486811,30.023481],[31.486783,30.023426],[31.486771,30.023367],[31.486775,30.022946],[31.486775,30.022916],[31.486775,30.022897],[31.48678,30.022337],[31.486775,30.022255],[31.486764,30.022173],[31.486749,30.022092],[31.486728,30.022011],[31.486722,30.021699],[31.486717,30.021429],[31.486732,30.021347],[31.486775,30.021297],[31.486837,30.021263],[31.486908,30.021251],[31.488438,30.02123],[31.489272,30.021197],[31.489369,30.02121],[31.489459,30.021255],[31.489531,30.021319],[31.489594,30.0214],[31.489668,30.021475],[31.489753,30.02154],[31.489847,30.021595],[31.489948,30.02164],[31.489998,30.021677],[31.490033,30.021725],[31.490051,30.02178],[31.490073,30.022339],[31.490058,30.022389],[31.490023,30.022431],[31.489806,30.022569],[31.489742,30.022598],[31.489673,30.022613],[31.48928,30.022651]]},"properties":{"kind":"road","class":"residential","weight":1.0,"name":null}},{"type":"Feature","geometry":{"type":"LineString","coordinates":[[31.485542,30.020881],[31.485538,30.020773]]},"properties":{"kind":"road","class":"tertiary_link","weight":1.1,"name":null}},{"type":"Feature","geometry":{"type":"LineString","coordinates":[[31.478593,30.023705],[31.478644,30.02376],[31.478708,30.023805],[31.478782,30.023837],[31.478861,30.023855],[31.479183,30.023859],[31.479304,30.02386],[31.479651,30.023861],[31.480053,30.023866],[31.480082,30.023861],[31.480138,30.023852],[31.480198,30.023833],[31.480298,30.023806]]},"properties":{"kind":"road","class":"residential","weight":1.0,"name":null}},{"type":"Feature","geometry":{"type":"LineString","coordinates":[[31.480298,30.024053],[31.480204,30.024008],[31.480144,30.023978],[31.480082,30.023957],[31.480051,30.023954],[31.47972,30.023953],[31.4793,30.023948],[31.479007,30.023945],[31.478838,30.02394],[31.478715,30.023928],[31.478639,30.023913],[31.478565,30.023892],[31.478496,30.023869]]},"properties":{"kind":"road","class":"residential","weight":1.0,"name":null}},{"type":"Feature","geometry":{"type":"LineString","coordinates":[[31.479181,30.025908],[31.479215,30.025866],[31.479267,30.025841],[31.479326,30.025839],[31.479381,30.025859],[31.479419,30.025898]]},"properties":{"kind":"road","class":"unclassified","weight":1.0,"name":null}},{"type":"Feature","geometry":{"type":"LineString","coordinates":[[31.481325,30.025898],[31.481354,30.025864],[31.481396,30.025842],[31.481444,30.025835],[31.481492,30.025844],[31.481532,30.025868],[31.48156,30.025903]]},"properties":{"kind":"road","class":"unclassified","weight":1.0,"name":null}},{"type":"Feature","geometry":{"type":"LineString","coordinates":[[31.47887,30.02967],[31.478918,30.029635],[31.478961,30.029594],[31.478996,30.029548],[31.47901,30.029518],[31.479017,30.02949],[31.47903,30.02943],[31.479035,30.02937],[31.479031,30.029309],[31.47902,30.029249],[31.478988,30.029191],[31.478951,30.029135],[31.478905,30.029089]]},"properties":{"kind":"road","class":"residential","weight":1.0,"name":null}},{"type":"Feature","geometry":{"type":"LineString","coordinates":[[31.480082,30.023957],[31.480082,30.023861]]},"properties":{"kind":"road","class":"residential","weight":1.0,"name":null}},{"type":"Feature","geometry":{"type":"LineString","coordinates":[[31.479007,30.023945],[31.479018,30.024475]]},"properties":{"kind":"road","class":"residential","weight":1.0,"name":null}},{"type":"Feature","geometry":{"type":"LineString","coordinates":[[31.47657,30.023763],[31.476185,30.024095]]},"properties":{"kind":"road","class":"residential","weight":1.0,"name":null}},{"type":"Feature","geometry":{"type":"LineString","coordinates":[[31.476338,30.023243],[31.476207,30.023244],[31.476097,30.023245],[31.476062,30.023231],[31.476041,30.023203],[31.47604,30.023169],[31.476059,30.02314],[31.476093,30.023124],[31.476338,30.02312]]},"properties":{"kind":"road","class":"residential","weight":1.0,"name":null}},{"type":"Feature","geometry":{"type":"LineString","coordinates":[[31.478653,30.023204],[31.479028,30.0232],[31.479049,30.023188],[31.479058,30.023169],[31.479053,30.023148],[31.479034,30.023134],[31.478631,30.02313]]},"properties":{"kind":"road","class":"residential","weight":1.0,"name":null}},{"type":"Feature","geometry":{"type":"LineString","coordinates":[[31.479159,30.021348],[31.479066,30.021264],[31.479032,30.021244],[31.478994,30.021233],[31.478947,30.021216],[31.478901,30.021208],[31.478852,30.021204],[31.478474,30.0212],[31.478171,30.021198],[31.477994,30.021198],[31.477905,30.021212],[31.477861,30.021232],[31.477838,30.021251],[31.477808,30.021294],[31.477794,30.02134],[31.477791,30.021415],[31.4778,30.021538]]},"properties":{"kind":"road","class":"residential","weight":1.0,"name":null}},{"type":"Feature","geometry":{"type":"LineString","coordinates":[[31.477173,30.022049],[31.477066,30.021943],[31.47691,30.021786],[31.476883,30.02177],[31.476851,30.021763],[31.47634,30.021759]]},"properties":{"kind":"road","class":"residential","weight":1.0,"name":null}},{"type":"Feature","geometry":{"type":"LineString","coordinates":[[31.490847,30.023405],[31.490851,30.023381],[31.490861,30.023359],[31.490876,30.023342],[31.490896,30.023327],[31.490924,30.023316],[31.490956,30.023312],[31.490987,30.023317],[31.491016,30.023329],[31.491039,30.023348],[31.491055,30.023372],[31.491062,30.023399],[31.491059,30.023428],[31.491045,30.023454],[31.491024,30.023476],[31.490995,30.023491],[31.490963,30.023498],[31.490929,30.023495],[31.490908,30.023489],[31.49089,30.023479],[31.490873,30.023466],[31.490861,30.02345],[31.490851,30.023428],[31.490847,30.023405]]},"properties":{"kind":"road","class":"residential","weight":1.0,"name":null}},{"type":"Feature","geometry":{"type":"LineString","coordinates":[[31.494603,30.023218],[31.49291,30.024727],[31.492872,30.024765],[31.49283,30.0248],[31.492784,30.024832],[31.492721,30.024868],[31.492653,30.024897],[31.492582,30.024919],[31.492508,30.024934],[31.491392,30.024939],[31.491068,30.02494],[31.491015,30.024933],[31.490963,30.024919],[31.490915,30.024897],[31.490872,30.024869],[31.490836,30.024835],[31.490806,30.024797],[31.490784,30.024756],[31.49077,30.024711],[31.490765,30.024666],[31.490753,30.023812],[31.490752,30.023777],[31.490757,30.023742],[31.49077,30.023709],[31.49079,30.023676],[31.490929,30.023495]]},"properties":{"kind":"road","class":"residential","weight":1.0,"name":null}},{"type":"Feature","geometry":{"type":"LineString","coordinates":[[31.490586,30.022997],[31.490615,30.023013],[31.49064,30.023032],[31.490661,30.023055],[31.490677,30.023079],[31.490688,30.023105],[31.490693,30.023132],[31.490719,30.023269],[31.490731,30.02331],[31.490755,30.023361],[31.490761,30.023392],[31.49076,30.023423],[31.490752,30.023451],[31.49075,30.023459],[31.490731,30.023492],[31.490718,30.023529],[31.490713,30.023557],[31.490711,30.023585],[31.490698,30.023658],[31.490686,30.023682],[31.490672,30.023705],[31.490649,30.023734],[31.490621,30.02376],[31.49059,30.023783]]},"properties":{"kind":"road","class":"residential","weight":1.0,"name":null}},{"type":"Feature","geometry":{"type":"LineString","coordinates":[[31.490861,30.02345],[31.490797,30.023451],[31.490752,30.023451]]},"properties":{"kind":"road","class":"residential","weight":1.0,"name":null}},{"type":"Feature","geometry":{"type":"LineString","coordinates":[[31.491062,30.023399],[31.491823,30.023406],[31.491871,30.023412],[31.491917,30.023426],[31.491954,30.023443],[31.491989,30.023464],[31.49202,30.02349],[31.49242,30.023846]]},"properties":{"kind":"road","class":"residential","weight":1.0,"name":null}},{"type":"Feature","geometry":{"type":"LineString","coordinates":[[31.491978,30.021116],[31.49196,30.021132],[31.491937,30.021143],[31.491913,30.021149],[31.491882,30.02115],[31.491853,30.021144],[31.491826,30.021131],[31.491804,30.021113],[31.491789,30.02109],[31.491782,30.021064]]},"properties":{"kind":"road","class":"tertiary_link","weight":1.1,"name":null}},{"type":"Feature","geometry":{"type":"LineString","coordinates":[[31.474939,30.021702],[31.474891,30.0226],[31.474887,30.024465]]},"properties":{"kind":"road","class":"primary","weight":2.4,"name":"\u0645\u062d\u0648\u0631 \u0645\u062d\u0645\u062f \u0646\u062c\u064a\u0628"}},{"type":"Feature","geometry":{"type":"LineString","coordinates":[[31.474786,30.024469],[31.474788,30.022589],[31.47468,30.021769]]},"properties":{"kind":"road","class":"primary","weight":2.4,"name":"\u0645\u062d\u0648\u0631 \u0645\u062d\u0645\u062f \u0646\u062c\u064a\u0628"}},{"type":"Feature","geometry":{"type":"LineString","coordinates":[[31.475033,30.027865],[31.475036,30.028234],[31.475032,30.028315],[31.475023,30.02838],[31.475006,30.028422],[31.474969,30.028489]]},"properties":{"kind":"road","class":"primary_link","weight":1.6,"name":null}},{"type":"Feature","geometry":{"type":"LineString","coordinates":[[31.474508,30.020276],[31.474679,30.020122]]},"properties":{"kind":"road","class":"primary_link","weight":1.6,"name":null}},{"type":"Feature","geometry":{"type":"LineString","coordinates":[[31.47406,30.020575],[31.474031,30.020534],[31.474011,30.020495]]},"properties":{"kind":"road","class":"tertiary","weight":1.4,"name":null}},{"type":"Feature","geometry":{"type":"LineString","coordinates":[[31.474011,30.020495],[31.473898,30.020404],[31.473018,30.019634],[31.472991,30.019612],[31.47298,30.019604],[31.472935,30.019585],[31.472885,30.019578],[31.472829,30.019553],[31.472779,30.01952],[31.472738,30.019479],[31.472706,30.019432],[31.472685,30.019381],[31.472658,30.019334],[31.472646,30.019325],[31.471607,30.018435],[31.471583,30.018414],[31.471551,30.01839],[31.4715,30.018352]]},"properties":{"kind":"road","class":"tertiary","weight":1.4,"name":null}},{"type":"Feature","geometry":{"type":"LineString","coordinates":[[31.475126,30.024575],[31.475268,30.024528]]},"properties":{"kind":"road","class":"primary_link","weight":1.6,"name":null}},{"type":"Feature","geometry":{"type":"LineString","coordinates":[[31.471413,30.020586],[31.471447,30.02058],[31.471481,30.020585],[31.47151,30.020601],[31.47153,30.020626],[31.471538,30.020655]]},"properties":{"kind":"road","class":"residential","weight":1.0,"name":null}},{"type":"Feature","geometry":{"type":"LineString","coordinates":[[31.471434,30.020739],[31.471403,30.020735],[31.471376,30.020724],[31.471353,30.020706],[31.471337,30.020683],[31.47133,30.020657]]},"properties":{"kind":"road","class":"residential","weight":1.0,"name":null}},{"type":"Feature","geometry":{"type":"LineString","coordinates":[[31.47406,30.020575],[31.474102,30.020539],[31.474169,30.020482],[31.474213,30.020444]]},"properties":{"kind":"road","class":"tertiary_link","weight":1.1,"name":null}},{"type":"Feature","geometry":{"type":"LineString","coordinates":[[31.474116,30.020395],[31.474156,30.020414],[31.474213,30.020444]]},"properties":{"kind":"road","class":"tertiary","weight":1.4,"name":null}},{"type":"Feature","geometry":{"type":"LineString","coordinates":[[31.473898,30.020404],[31.47401,30.020304]]},"properties":{"kind":"road","class":"tertiary_link","weight":1.1,"name":null}},{"type":"Feature","geometry":{"type":"LineString","coordinates":[[31.471611,30.018264],[31.471652,30.018299],[31.471677,30.018321],[31.472761,30.019234],[31.47277,30.019242],[31.47285,30.019309],[31.472997,30.019433],[31.473039,30.019469],[31.473081,30.019506],[31.473271,30.019669],[31.47401,30.020304],[31.474116,30.020395]]},"properties":{"kind":"road","class":"tertiary","weight":1.4,"name":null}},{"type":"Feature","geometry":{"type":"LineString","coordinates":[[31.486352,30.022941],[31.486352,30.022891]]},"properties":{"kind":"road","class":"residential","weight":1.0,"name":null}},{"type":"Feature","geometry":{"type":"LineString","coordinates":[[31.486775,30.022946],[31.486446,30.022942],[31.486352,30.022941]]},"properties":{"kind":"road","class":"residential","weight":1.0,"name":null}},{"type":"Feature","geometry":{"type":"LineString","coordinates":[[31.503393,30.00186],[31.503293,30.001985],[31.503206,30.002118],[31.503132,30.002308],[31.503109,30.002388],[31.503092,30.002516],[31.503111,30.003692],[31.503116,30.004703],[31.503134,30.006381],[31.50313,30.006964],[31.503149,30.008512],[31.503147,30.009949],[31.503147,30.010036],[31.503138,30.010178],[31.503123,30.010382],[31.503102,30.010552],[31.503064,30.010828],[31.503017,30.011092],[31.502975,30.01132],[31.502951,30.011445],[31.502919,30.011582],[31.502835,30.01183],[31.502727,30.012122],[31.502682,30.012226],[31.502663,30.012285],[31.502643,30.012366],[31.502628,30.012443],[31.502625,30.012535],[31.502626,30.012584],[31.50263,30.012635],[31.502655,30.012826],[31.502668,30.01291],[31.502665,30.012994],[31.502648,30.013077],[31.502616,30.013156],[31.502571,30.01323],[31.502513,30.013298],[31.502444,30.013357],[31.502365,30.013417],[31.502248,30.01349],[31.502139,30.013572],[31.502039,30.013661],[31.501947,30.013756],[31.501875,30.013854],[31.501814,30.01395],[31.501677,30.014153],[31.501532,30.014352],[31.501379,30.014547],[31.501218,30.014737],[31.50105,30.014921],[31.500874,30.015101],[31.50072,30.015248],[31.500602,30.015377],[31.500573,30.015409],[31.500423,30.015563],[31.500327,30.015668],[31.500268,30.015739],[31.500207,30.01582],[31.500155,30.01589],[31.500049,30.016006],[31.499932,30.016114],[31.499806,30.016213],[31.49967,30.016303],[31.499521,30.016388],[31.499409,30.016461],[31.499387,30.016475],[31.499185,30.016634],[31.499149,30.016665],[31.498916,30.016865],[31.498468,30.017258],[31.498173,30.017529],[31.497893,30.017803],[31.497612,30.018104],[31.497361,30.018395],[31.497097,30.018731],[31.496938,30.018966],[31.496813,30.019156],[31.496722,30.019303],[31.496568,30.019574],[31.496424,30.019849],[31.496293,30.020129],[31.496169,30.020439],[31.496048,30.02077],[31.496025,30.020844],[31.496014,30.020877],[31.495925,30.021191],[31.49585,30.021508],[31.49579,30.021827],[31.495745,30.022147],[31.495714,30.02247],[31.495698,30.022793],[31.495697,30.023116],[31.495705,30.023496],[31.495713,30.023812],[31.495722,30.024052],[31.495732,30.02414],[31.495744,30.024213],[31.495791,30.024335],[31.495874,30.02452],[31.495986,30.024694],[31.495999,30.024712],[31.496136,30.024865],[31.496295,30.025001],[31.496474,30.025117],[31.496669,30.025212]]},"properties":{"kind":"road","class":"primary","weight":2.4,"name":"\u0645\u062d\u0648\u0631 \u0627\u0644\u062c\u0627\u0645\u0639\u0647 \u0627\u0644\u0627\u0645\u0631\u064a\u0643\u064a\u0647"}},{"type":"Feature","geometry":{"type":"LineString","coordinates":[[31.495524,30.021839],[31.49546,30.021756],[31.49543,30.021692],[31.495418,30.021632],[31.495414,30.021574],[31.495457,30.021326],[31.495478,30.021187],[31.495564,30.020862],[31.495724,30.020364],[31.495858,30.020079],[31.496006,30.019767],[31.496239,30.019339],[31.496428,30.019031],[31.496496,30.018927],[31.496619,30.018735],[31.497007,30.018204],[31.497406,30.017691],[31.497813,30.017291],[31.498336,30.016848],[31.498613,30.016619],[31.498712,30.016517],[31.498809,30.01636],[31.498874,30.016233],[31.498921,30.016074],[31.498923,30.015891],[31.498892,30.01575],[31.498848,30.015611],[31.49876,30.015438],[31.498332,30.015036],[31.49817,30.014898],[31.498122,30.014859],[31.497674,30.01447],[31.497489,30.014359],[31.497352,30.014312],[31.497211,30.014278],[31.497067,30.014255],[31.496921,30.014245],[31.496774,30.014247],[31.496629,30.014262],[31.496486,30.014289],[31.496346,30.014328]]},"properties":{"kind":"road","class":"tertiary","weight":1.4,"name":null}},{"type":"Feature","geometry":{"type":"LineString","coordinates":[[31.49445,30.025205],[31.494588,30.025149],[31.49472,30.025081],[31.494844,30.025003],[31.494959,30.024916],[31.495064,30.024819],[31.495158,30.024715],[31.495246,30.024594],[31.49532,30.024466],[31.495378,30.024332],[31.495415,30.024219],[31.495427,30.0241],[31.495427,30.023122],[31.495434,30.022693],[31.495467,30.022265],[31.495524,30.021839],[31.495568,30.021597],[31.49562,30.021356],[31.495686,30.021093],[31.49575,30.020871],[31.495762,30.020833],[31.495872,30.020488],[31.496008,30.020141],[31.49618,30.019783],[31.496279,30.019609],[31.496356,30.019465],[31.496484,30.01921],[31.496564,30.019055],[31.496694,30.018868],[31.496912,30.018571],[31.497208,30.018173],[31.497699,30.017631],[31.498127,30.017218],[31.498943,30.016483],[31.499145,30.016301],[31.499445,30.016017],[31.499661,30.015814],[31.499869,30.015638],[31.500171,30.015413],[31.500252,30.015347],[31.500336,30.01527],[31.500356,30.015252],[31.500478,30.01514],[31.500693,30.014931],[31.500898,30.014716],[31.501093,30.014493],[31.501278,30.014264],[31.501416,30.014081],[31.501547,30.013894],[31.501672,30.013704],[31.50179,30.013511],[31.50196,30.013229],[31.502098,30.012983],[31.502117,30.01294],[31.502226,30.012705],[31.502269,30.012615],[31.502391,30.012341],[31.50241,30.012288],[31.502452,30.012172],[31.502498,30.012033],[31.502545,30.011868],[31.50263,30.011581],[31.502684,30.011363],[31.502731,30.011157],[31.502755,30.011053],[31.502797,30.010803],[31.502833,30.010576],[31.502851,30.010396],[31.502861,30.010223],[31.502868,30.009928],[31.502869,30.009388],[31.502869,30.009304],[31.502867,30.008515],[31.502863,30.007245],[31.502854,30.0037],[31.502854,30.003645],[31.502853,30.003561],[31.50285,30.002511],[31.502833,30.002386],[31.502809,30.002273],[31.502762,30.002185],[31.50272,30.002101],[31.502643,30.001964],[31.502535,30.001828]]},"properties":{"kind":"road","class":"primary","weight":2.4,"name":"\u0645\u062d\u0648\u0631 \u0627\u0644\u062c\u0627\u0645\u0639\u0647 \u0627\u0644\u0627\u0645\u0631\u064a\u0643\u064a\u0647"}},{"type":"Feature","geometry":{"type":"LineString","coordinates":[[31.481888,30.02093],[31.481794,30.020983],[31.481707,30.021044],[31.481627,30.021113],[31.481557,30.021189],[31.481496,30.021271],[31.481436,30.021369],[31.481395,30.021475],[31.481374,30.021585]]},"properties":{"kind":"road","class":"tertiary","weight":1.4,"name":null}},{"type":"Feature","geometry":{"type":"LineString","coordinates":[[31.480824,30.022989],[31.480821,30.022864]]},"properties":{"kind":"road","class":"tertiary_link","weight":1.1,"name":null}},{"type":"Feature","geometry":{"type":"LineString","coordinates":[[31.479902,30.022875],[31.479899,30.022999]]},"properties":{"kind":"road","class":"tertiary_link","weight":1.1,"name":null}},{"type":"Feature","geometry":{"type":"LineString","coordinates":[[31.480564,30.024003],[31.480548,30.023459],[31.480543,30.023269],[31.480562,30.023173],[31.480627,30.023135],[31.480702,30.023118],[31.480931,30.023091],[31.481065,30.023067],[31.481189,30.023012],[31.481299,30.022938],[31.481391,30.022848],[31.481462,30.022745],[31.481517,30.022643],[31.481603,30.022549],[31.481687,30.022479],[31.481785,30.022423],[31.481893,30.022384],[31.482007,30.022362]]},"properties":{"kind":"road","class":"residential","weight":1.0,"name":null}},{"type":"Feature","geometry":{"type":"LineString","coordinates":[[31.48225,30.022438],[31.482204,30.022446],[31.482158,30.022445],[31.482113,30.022436],[31.482072,30.022418],[31.482035,30.022393],[31.482007,30.022362],[31.482007,30.02234],[31.482016,30.02232],[31.482033,30.022305],[31.482056,30.022298],[31.482096,30.022292],[31.482136,30.022292],[31.482175,30.0223],[31.482211,30.022314],[31.482244,30.022334],[31.482271,30.022359],[31.482286,30.02238],[31.482287,30.022404],[31.482274,30.022426],[31.48225,30.022438]]},"properties":{"kind":"road","class":"residential","weight":1.0,"name":null}},{"type":"Feature","geometry":{"type":"LineString","coordinates":[[31.483397,30.021925],[31.483459,30.021852],[31.483534,30.021791],[31.483618,30.021741],[31.483711,30.021703]]},"properties":{"kind":"road","class":"residential","weight":1.0,"name":null}},{"type":"Feature","geometry":{"type":"LineString","coordinates":[[31.484365,30.020781],[31.48436,30.020596],[31.484365,30.020432],[31.484365,30.020162],[31.484365,30.020094]]},"properties":{"kind":"road","class":"residential","weight":1.0,"name":null}},{"type":"Feature","geometry":{"type":"LineString","coordinates":[[31.482581,30.020087],[31.482564,30.020119],[31.482534,30.020144],[31.482504,30.020156],[31.482471,30.020161],[31.482438,30.020158],[31.482407,30.020146],[31.482381,30.020127],[31.482363,30.020103],[31.482354,30.020075],[31.482354,30.020046],[31.482363,30.020018],[31.482382,30.019994],[31.482407,30.019975],[31.482438,30.019963],[31.482467,30.01996],[31.482496,30.019962],[31.482523,30.019971],[31.482547,30.019986],[31.482566,30.020005],[31.482579,30.020027],[31.482585,30.020052],[31.482581,30.020087]]},"properties":{"kind":"road","class":"residential","weight":1.0,"name":null}},{"type":"Feature","geometry":{"type":"LineString","coordinates":[[31.487218,30.020757],[31.487237,30.020371],[31.487251,30.020125],[31.487254,30.020106],[31.48726,30.020094],[31.487271,30.020081],[31.487283,30.020077],[31.487295,30.020081],[31.487303,30.020089],[31.487309,30.020099],[31.487312,30.020112],[31.487313,30.020129],[31.487321,30.020757]]},"properties":{"kind":"road","class":"residential","weight":1.0,"name":null}},{"type":"Feature","geometry":{"type":"LineString","coordinates":[[31.486838,30.020367],[31.486827,30.020017],[31.486812,30.019653]]},"properties":{"kind":"road","class":"residential","weight":1.0,"name":null}},{"type":"Feature","geometry":{"type":"LineString","coordinates":[[31.471906,30.033743],[31.471947,30.033687],[31.471985,30.033631],[31.472021,30.033572]]},"properties":{"kind":"road","class":"residential","weight":1.0,"name":null}},{"type":"Feature","geometry":{"type":"LineString","coordinates":[[31.513187,30.022674],[31.513092,30.022755],[31.512807,30.022974],[31.512652,30.023093],[31.512255,30.023364],[31.511793,30.023687],[31.51147,30.023898],[31.51104,30.024165],[31.510692,30.024355],[31.510143,30.024675],[31.510035,30.024745],[31.509959,30.024798],[31.509885,30.024852],[31.509798,30.024907],[31.509726,30.024944],[31.509634,30.02498],[31.509498,30.025019],[31.509376,30.025054],[31.509245,30.025106],[31.508583,30.025371],[31.507947,30.025613],[31.507527,30.025767],[31.507115,30.025899],[31.506529,30.026071],[31.506142,30.026174],[31.505533,30.026367],[31.505401,30.026421],[31.505284,30.026476],[31.505172,30.026536],[31.505031,30.026621]]},"properties":{"kind":"road","class":"tertiary","weight":1.4,"name":null}},{"type":"Feature","geometry":{"type":"LineString","coordinates":[[31.503828,30.023252],[31.503577,30.023515],[31.503538,30.023564],[31.503509,30.023606],[31.503483,30.023654],[31.50346,30.023712],[31.503449,30.023772],[31.503446,30.023812],[31.503449,30.023867],[31.50346,30.023921],[31.503478,30.023973],[31.503739,30.024722],[31.503777,30.024793],[31.503819,30.024865],[31.503865,30.024933],[31.503939,30.025026],[31.504021,30.025114],[31.504192,30.025282],[31.50446,30.025609],[31.504526,30.025689],[31.504911,30.026243],[31.504955,30.026336],[31.504988,30.026429],[31.505004,30.026486],[31.505031,30.026621],[31.505041,30.026718],[31.505049,30.027197],[31.505041,30.027393],[31.50503,30.02747],[31.505008,30.027579],[31.504978,30.027686],[31.50494,30.027791],[31.50488,30.027917],[31.504834,30.028007],[31.504776,30.028114],[31.504704,30.028218],[31.504578,30.028372],[31.50433,30.028636],[31.504161,30.028826],[31.504085,30.028905],[31.503998,30.028975],[31.50392,30.029025],[31.503836,30.029069],[31.503748,30.029105],[31.503656,30.029134],[31.503561,30.029155],[31.50332,30.029226],[31.503265,30.029253],[31.503213,30.029287],[31.503167,30.029325],[31.503124,30.029372],[31.503088,30.029422],[31.50306,30.029476],[31.502856,30.029855],[31.502844,30.029894],[31.502837,30.029935],[31.502834,30.029975],[31.502838,30.030015],[31.502846,30.030054],[31.502859,30.030092],[31.502977,30.030266]]},"properties":{"kind":"road","class":"tertiary","weight":1.4,"name":null}},{"type":"Feature","geometry":{"type":"LineString","coordinates":[[31.504911,30.026243],[31.50499,30.026261],[31.505071,30.026272],[31.505153,30.026276],[31.505234,30.026272],[31.505315,30.026261],[31.505755,30.026148],[31.505956,30.02609],[31.506502,30.025943],[31.507159,30.025742],[31.507839,30.025508],[31.508237,30.02536],[31.508593,30.025224],[31.509186,30.02497],[31.509415,30.02487],[31.509809,30.024685],[31.510615,30.02427],[31.511719,30.023605],[31.512193,30.023282],[31.512474,30.023088],[31.513039,30.022656],[31.513142,30.022582]]},"properties":{"kind":"road","class":"tertiary","weight":1.4,"name":null}},{"type":"Feature","geometry":{"type":"LineString","coordinates":[[31.475978,30.028927],[31.475715,30.029084],[31.475495,30.029247],[31.475341,30.029416],[31.475218,30.029593],[31.475142,30.029788],[31.475114,30.029993],[31.475113,30.030143],[31.475109,30.030637],[31.475099,30.03102],[31.475007,30.031945]]},"properties":{"kind":"road","class":"primary_link","weight":1.6,"name":null}},{"type":"Feature","geometry":{"type":"LineString","coordinates":[[31.475718,30.025531],[31.47555,30.025586],[31.475446,30.025634],[31.475346,30.025694],[31.475248,30.025776],[31.475172,30.025874],[31.475121,30.025983],[31.475104,30.026056],[31.475098,30.026129],[31.475091,30.0267],[31.47513,30.028061],[31.475138,30.028132],[31.475152,30.028209],[31.475187,30.028268],[31.475227,30.028324],[31.475265,30.028371],[31.475343,30.028431],[31.475461,30.028488],[31.475994,30.028662]]},"properties":{"kind":"road","class":"primary","weight":2.4,"name":null}},{"type":"Feature","geometry":{"type":"LineString","coordinates":[[31.47477,30.031939],[31.474685,30.031095],[31.474685,30.030055],[31.474661,30.029878],[31.474613,30.029725],[31.474556,30.029616],[31.474499,30.029522],[31.47441,30.029412],[31.4743,30.029309],[31.474143,30.029202],[31.473926,30.0291],[31.473625,30.028945]]},"properties":{"kind":"road","class":"primary_link","weight":1.6,"name":null}},{"type":"Feature","geometry":{"type":"LineString","coordinates":[[31.474848,30.028489],[31.474808,30.028395],[31.474781,30.028327],[31.47476,30.028232],[31.474749,30.027835]]},"properties":{"kind":"road","class":"primary_link","weight":1.6,"name":null}},{"type":"Feature","geometry":{"type":"LineString","coordinates":[[31.474057,30.028681],[31.474188,30.028623],[31.474297,30.02856],[31.474394,30.028485],[31.474485,30.0284],[31.474542,30.028317],[31.474598,30.028167],[31.474622,30.026701],[31.474592,30.02613],[31.474577,30.026043],[31.474551,30.025959],[31.47449,30.025852],[31.474417,30.025758],[31.474324,30.025672],[31.474212,30.025597],[31.47407,30.025533]]},"properties":{"kind":"road","class":"primary","weight":2.4,"name":null}},{"type":"Feature","geometry":{"type":"LineString","coordinates":[[31.470869,30.031668],[31.470692,30.031804]]},"properties":{"kind":"road","class":"residential","weight":1.0,"name":null}},{"type":"Feature","geometry":{"type":"LineString","coordinates":[[31.47179,30.033841],[31.471906,30.033743]]},"properties":{"kind":"road","class":"residential","weight":1.0,"name":null}},{"type":"Feature","geometry":{"type":"LineString","coordinates":[[31.470183,30.031954],[31.470251,30.031945],[31.470319,30.031936],[31.470388,30.031926]]},"properties":{"kind":"road","class":"residential","weight":1.0,"name":null}},{"type":"Feature","geometry":{"type":"LineString","coordinates":[[31.470354,30.032027],[31.470301,30.031997],[31.470243,30.031972],[31.470183,30.031954]]},"properties":{"kind":"road","class":"residential","weight":1.0,"name":null}},{"type":"Feature","geometry":{"type":"LineString","coordinates":[[31.470692,30.031804],[31.470647,30.031861],[31.470609,30.031921],[31.47058,30.031985]]},"properties":{"kind":"road","class":"residential","weight":1.0,"name":null}},{"type":"Feature","geometry":{"type":"LineString","coordinates":[[31.470461,30.0319],[31.470545,30.031881],[31.470622,30.031848],[31.470692,30.031804]]},"properties":{"kind":"road","class":"residential","weight":1.0,"name":null}},{"type":"Feature","geometry":{"type":"LineString","coordinates":[[31.470542,30.032247],[31.470501,30.032187],[31.470459,30.032132],[31.470405,30.032086]]},"properties":{"kind":"road","class":"residential","weight":1.0,"name":null}},{"type":"Feature","geometry":{"type":"LineString","coordinates":[[31.470561,30.032057],[31.470542,30.03212],[31.470531,30.032184],[31.470542,30.032247]]},"properties":{"kind":"road","class":"residential","weight":1.0,"name":null}},{"type":"Feature","geometry":{"type":"LineString","coordinates":[[31.474675,30.04727],[31.474846,30.047279]]},"properties":{"kind":"road","class":"primary_link","weight":1.6,"name":null}},{"type":"Feature","geometry":{"type":"LineString","coordinates":[[31.492801,30.049299],[31.493081,30.049189]]},"properties":{"kind":"road","class":"residential","weight":1.0,"name":null}},{"type":"Feature","geometry":{"type":"LineString","coordinates":[[31.493933,30.045667],[31.494001,30.04567]]},"properties":{"kind":"road","class":"residential","weight":1.0,"name":null}},{"type":"Feature","geometry":{"type":"LineString","coordinates":[[31.494103,30.045401],[31.494074,30.04541],[31.494041,30.045434],[31.494018,30.045465],[31.494009,30.045502],[31.494005,30.045568],[31.494,30.045651],[31.494001,30.04567],[31.494011,30.045689],[31.494028,30.045702],[31.494049,30.045709],[31.494108,30.045728],[31.49416,30.045758],[31.494203,30.045794]]},"properties":{"kind":"road","class":"residential","weight":1.0,"name":null}},{"type":"Feature","geometry":{"type":"LineString","coordinates":[[31.494981,30.045168],[31.495004,30.045201],[31.495016,30.045237],[31.495017,30.045275],[31.495007,30.045312],[31.494987,30.045345],[31.494958,30.045373],[31.494922,30.045395],[31.494882,30.045407],[31.494838,30.045411],[31.494795,30.045405],[31.494755,30.04539]]},"properties":{"kind":"road","class":"residential","weight":1.0,"name":null}},{"type":"Feature","geometry":{"type":"LineString","coordinates":[[31.493437,30.044562],[31.493758,30.044562],[31.494986,30.044558],[31.495273,30.044558]]},"properties":{"kind":"road","class":"residential","weight":1.0,"name":null}},{"type":"Feature","geometry":{"type":"LineString","coordinates":[[31.494472,30.046655],[31.49487,30.046532]]},"properties":{"kind":"road","class":"residential","weight":1.0,"name":null}},{"type":"Feature","geometry":{"type":"LineString","coordinates":[[31.496187,30.05],[31.496168,30.049385]]},"properties":{"kind":"road","class":"residential","weight":1.0,"name":null}},{"type":"Feature","geometry":{"type":"LineString","coordinates":[[31.493519,30.048845],[31.493633,30.048862],[31.493687,30.048883],[31.493981,30.049165],[31.494157,30.049334],[31.494172,30.049365],[31.494173,30.049395],[31.494145,30.049454]]},"properties":{"kind":"road","class":"residential","weight":1.0,"name":null}},{"type":"Feature","geometry":{"type":"LineString","coordinates":[[31.489134,30.046078],[31.489135,30.046163],[31.489136,30.046208]]},"properties":{"kind":"road","class":"residential","weight":1.0,"name":null}},{"type":"Feature","geometry":{"type":"LineString","coordinates":[[31.485838,30.048252],[31.485844,30.048426],[31.485853,30.048691],[31.48586,30.048719],[31.485877,30.048744],[31.485903,30.048762],[31.485935,30.048771],[31.48647,30.048766],[31.486657,30.048765],[31.487196,30.04876],[31.487223,30.048756],[31.487247,30.048744],[31.487264,30.048725],[31.487275,30.048703],[31.487273,30.048145],[31.487273,30.048101],[31.487271,30.047545],[31.487271,30.047522],[31.487271,30.047496],[31.487268,30.046953],[31.487268,30.046823],[31.487267,30.046772],[31.487256,30.046722],[31.487232,30.046675],[31.487197,30.046633],[31.487153,30.046599],[31.487101,30.046575],[31.487044,30.046561],[31.486945,30.046563],[31.486301,30.046564],[31.486244,30.046564],[31.485932,30.046565],[31.485893,30.04657],[31.485859,30.046587],[31.485832,30.046611],[31.485817,30.046643],[31.485814,30.046676],[31.485818,30.047033],[31.485838,30.048046],[31.485839,30.048086]]},"properties":{"kind":"road","class":"residential","weight":1.0,"name":null}},{"type":"Feature","geometry":{"type":"LineString","coordinates":[[31.485316,30.048078],[31.48535,30.048098],[31.485389,30.048109],[31.48543,30.048112],[31.485513,30.048112]]},"properties":{"kind":"road","class":"residential","weight":1.0,"name":null}},{"type":"Feature","geometry":{"type":"LineString","coordinates":[[31.485185,30.047895],[31.48529,30.04799],[31.485307,30.048017],[31.485316,30.048046],[31.485316,30.048078],[31.485317,30.048273],[31.485317,30.048315],[31.485317,30.048335],[31.485309,30.048367],[31.485293,30.048395],[31.48519,30.04852]]},"properties":{"kind":"road","class":"residential","weight":1.0,"name":null}},{"type":"Feature","geometry":{"type":"LineString","coordinates":[[31.474453,30.069544],[31.474566,30.069326],[31.47462,30.069085],[31.474754,30.068209],[31.474879,30.067228],[31.474897,30.066945],[31.4749,30.066673],[31.474886,30.065327],[31.474877,30.064985],[31.474872,30.064816],[31.474868,30.064303],[31.474867,30.064136],[31.474867,30.064106],[31.474866,30.064039],[31.474864,30.063796],[31.47487,30.063286],[31.474875,30.06307],[31.474883,30.062734],[31.474885,30.06175],[31.474887,30.061016],[31.474888,30.060301],[31.474889,30.060194],[31.474884,30.059977],[31.474867,30.05976],[31.474849,30.059605],[31.474834,30.059528],[31.474824,30.059451],[31.474817,30.059349],[31.474816,30.059247],[31.474822,30.059145],[31.474833,30.059045],[31.474849,30.058776],[31.474875,30.05817],[31.474883,30.057619],[31.474885,30.057481],[31.474882,30.056921],[31.474878,30.056663],[31.474867,30.055667],[31.474841,30.054796],[31.474851,30.054504],[31.474862,30.054299],[31.47487,30.054148],[31.474888,30.053819],[31.47489,30.052856],[31.474864,30.051004],[31.474839,30.049161],[31.474807,30.048918],[31.474793,30.048646],[31.474788,30.048373],[31.474793,30.048101],[31.474806,30.047849],[31.474807,30.047829],[31.474846,30.047279],[31.474853,30.045988],[31.47485,30.044879],[31.474808,30.043401],[31.474834,30.04168],[31.474807,30.03954],[31.474801,30.039059],[31.474781,30.037508],[31.474768,30.037371],[31.474752,30.037215],[31.474728,30.036782],[31.474726,30.036276],[31.474729,30.036035],[31.474747,30.03574],[31.474774,30.035446],[31.474777,30.03513],[31.47479,30.033939],[31.474788,30.033769],[31.474787,30.033575],[31.47477,30.031939]]},"properties":{"kind":"road","class":"primary","weight":2.4,"name":"\u0645\u062d\u0648\u0631 \u0645\u062d\u0645\u062f \u0646\u062c\u064a\u0628"}},{"type":"Feature","geometry":{"type":"LineString","coordinates":[[31.47485,30.044879],[31.474608,30.044873]]},"properties":{"kind":"road","class":"primary_link","weight":1.6,"name":null}},{"type":"Feature","geometry":{"type":"LineString","coordinates":[[31.48275,30.024418],[31.482806,30.024231],[31.482841,30.024041],[31.482854,30.023848],[31.482847,30.023638],[31.48281,30.02343],[31.482759,30.023234],[31.482685,30.023044],[31.482589,30.022862],[31.482472,30.022689],[31.482335,30.022527],[31.48225,30.022438]]},"properties":{"kind":"road","class":"residential","weight":1.0,"name":null}},{"type":"Feature","geometry":{"type":"LineString","coordinates":[[31.487237,30.020371],[31.486838,30.020367],[31.486783,30.020367],[31.486745,30.020378],[31.486729,30.020403],[31.486724,30.02045]]},"properties":{"kind":"road","class":"residential","weight":1.0,"name":null}},{"type":"Feature","geometry":{"type":"LineString","coordinates":[[31.488016,30.024806],[31.488146,30.024808]]},"properties":{"kind":"road","class":"residential","weight":1.0,"name":null}},{"type":"Feature","geometry":{"type":"LineString","coordinates":[[31.480298,30.023806],[31.480409,30.023805]]},"properties":{"kind":"road","class":"residential","weight":1.0,"name":null}},{"type":"Feature","geometry":{"type":"LineString","coordinates":[[31.479158,30.021673],[31.479282,30.021672]]},"properties":{"kind":"road","class":"tertiary_link","weight":1.1,"name":null}},{"type":"Feature","geometry":{"type":"LineString","coordinates":[[31.474281,30.048508],[31.474235,30.04843],[31.474204,30.048347],[31.47419,30.048261],[31.474192,30.048173],[31.474211,30.048088],[31.474245,30.048006]]},"properties":{"kind":"road","class":"tertiary_link","weight":1.1,"name":null}},{"type":"Feature","geometry":{"type":"LineString","coordinates":[[31.474662,30.053197],[31.474663,30.052857],[31.474663,30.05168],[31.474663,30.051003],[31.474674,30.050357],[31.474674,30.050252],[31.474667,30.049161]]},"properties":{"kind":"road","class":"tertiary","weight":1.4,"name":"\u0645\u062d\u0648\u0631 \u0645\u062d\u0645\u062f \u0646\u062c\u064a\u0628 \u0627\u0644\u062c\u0627\u0646\u0628\u0649"}},{"type":"Feature","geometry":{"type":"LineString","coordinates":[[31.47336,30.025733],[31.473365,30.025547]]},"properties":{"kind":"road","class":"primary_link","weight":1.6,"name":null}},{"type":"Feature","geometry":{"type":"LineString","coordinates":[[31.478187,30.029084],[31.478134,30.029141],[31.478092,30.029204],[31.478063,30.029272],[31.478046,30.029343],[31.478042,30.029415],[31.478046,30.030496],[31.478053,30.030581],[31.478085,30.030661],[31.47814,30.030732],[31.478213,30.030794]]},"properties":{"kind":"road","class":"residential","weight":1.0,"name":"\u0634\u0627\u0631\u0639 \u0627\u0644\u0634\u0647\u064a\u062f \u0627\u0633\u0645\u0627\u0639\u064a\u0644 \u0627\u0644\u0641\u0642\u064a"}},{"type":"Feature","geometry":{"type":"LineString","coordinates":[[31.487089,30.034257],[31.487255,30.034368],[31.487324,30.034415]]},"properties":{"kind":"road","class":"residential","weight":1.0,"name":null}},{"type":"Feature","geometry":{"type":"LineString","coordinates":[[31.487285,30.034454],[31.487216,30.034411],[31.487036,30.0343]]},"properties":{"kind":"road","class":"residential","weight":1.0,"name":null}},{"type":"Feature","geometry":{"type":"LineString","coordinates":[[31.468951,30.048189],[31.469846,30.048205],[31.470249,30.048201],[31.470772,30.048196],[31.471294,30.048191],[31.471666,30.048187],[31.472125,30.048183],[31.472385,30.04818],[31.472407,30.04818],[31.472573,30.048178],[31.473021,30.048188],[31.473622,30.048189],[31.473837,30.048167],[31.474037,30.048096],[31.474245,30.048006],[31.474382,30.047903],[31.474519,30.047817],[31.474646,30.047719]]},"properties":{"kind":"road","class":"tertiary","weight":1.4,"name":"\u0634\u0627\u0631\u0639 \u0627\u0644\u0634\u064a\u062e \u0639\u0628\u062f\u0627\u0644\u0631\u062d\u0645\u0646 \u062a\u0627\u062c"}},{"type":"Feature","geometry":{"type":"LineString","coordinates":[[31.489816,30.030509],[31.489876,30.030449]]},"properties":{"kind":"road","class":"residential","weight":1.0,"name":null}},{"type":"Feature","geometry":{"type":"LineString","coordinates":[[31.485368,30.03711],[31.485484,30.037099],[31.485563,30.037106],[31.485596,30.037118],[31.485623,30.037138]]},"properties":{"kind":"road","class":"residential","weight":1.0,"name":null}},{"type":"Feature","geometry":{"type":"LineString","coordinates":[[31.485172,30.03692],[31.485358,30.037093],[31.485368,30.03711],[31.485374,30.037129],[31.485374,30.037148],[31.485368,30.037167],[31.485357,30.037184],[31.485342,30.037198],[31.485168,30.037341]]},"properties":{"kind":"road","class":"residential","weight":1.0,"name":null}},{"type":"Feature","geometry":{"type":"LineString","coordinates":[[31.485801,30.037139],[31.485623,30.037138]]},"properties":{"kind":"road","class":"residential","weight":1.0,"name":null}},{"type":"Feature","geometry":{"type":"LineString","coordinates":[[31.486718,30.037585],[31.486788,30.037553],[31.486856,30.037538],[31.48693,30.037538]]},"properties":{"kind":"road","class":"residential","weight":1.0,"name":null}},{"type":"Feature","geometry":{"type":"LineString","coordinates":[[31.486931,30.03762],[31.486855,30.037624],[31.486789,30.037612],[31.486718,30.037585]]},"properties":{"kind":"road","class":"residential","weight":1.0,"name":null}},{"type":"Feature","geometry":{"type":"LineString","coordinates":[[31.482028,30.038226],[31.48287,30.038226],[31.483767,30.038226]]},"properties":{"kind":"road","class":"residential","weight":1.0,"name":null}},{"type":"Feature","geometry":{"type":"LineString","coordinates":[[31.481896,30.038193],[31.481895,30.037424]]},"properties":{"kind":"road","class":"residential","weight":1.0,"name":null}},{"type":"Feature","geometry":{"type":"LineString","coordinates":[[31.488481,30.037567],[31.488487,30.037606],[31.488502,30.037647],[31.488525,30.037683],[31.488529,30.037699],[31.488524,30.037715],[31.488511,30.037727],[31.488493,30.037732],[31.488475,30.037729],[31.488431,30.037711],[31.488384,30.037698],[31.488336,30.037692],[31.488298,30.03769]]},"properties":{"kind":"road","class":"residential","weight":1.0,"name":null}},{"type":"Feature","geometry":{"type":"LineString","coordinates":[[31.487727,30.037695],[31.487679,30.037695],[31.487631,30.037703],[31.487586,30.037718],[31.487544,30.03774],[31.487526,30.037744],[31.487508,30.037741],[31.487494,30.03773],[31.487487,30.037715],[31.48749,30.037699],[31.487508,30.03766],[31.48752,30.037619],[31.487525,30.037577],[31.487524,30.037534]]},"properties":{"kind":"road","class":"residential","weight":1.0,"name":null}},{"type":"Feature","geometry":{"type":"LineString","coordinates":[[31.476465,30.047575],[31.476507,30.047647],[31.47652,30.047745],[31.476542,30.047787],[31.476574,30.047824],[31.476616,30.047854]]},"properties":{"kind":"road","class":"residential","weight":1.0,"name":null}},{"type":"Feature","geometry":{"type":"LineString","coordinates":[[31.476369,30.047854],[31.476408,30.047824],[31.476436,30.047787],[31.476454,30.047744],[31.476444,30.047647],[31.476465,30.047575]]},"properties":{"kind":"road","class":"residential","weight":1.0,"name":null}},{"type":"Feature","geometry":{"type":"LineString","coordinates":[[31.476465,30.047575],[31.475702,30.047415]]},"properties":{"kind":"road","class":"residential","weight":1.0,"name":null}},{"type":"Feature","geometry":{"type":"LineString","coordinates":[[31.477616,30.04618],[31.478133,30.046068],[31.478277,30.046057],[31.47842,30.046063],[31.478562,30.046087],[31.478698,30.046127],[31.478827,30.046184],[31.478945,30.046255],[31.47905,30.04634],[31.479112,30.046424],[31.479144,30.046519],[31.479145,30.046619],[31.479113,30.046714],[31.479052,30.046798],[31.478796,30.047011],[31.478719,30.047054],[31.478421,30.047193]]},"properties":{"kind":"road","class":"residential","weight":1.0,"name":null}},{"type":"Feature","geometry":{"type":"LineString","coordinates":[[31.477498,30.045353],[31.477502,30.045536],[31.477503,30.045786],[31.477507,30.046154]]},"properties":{"kind":"road","class":"residential","weight":1.0,"name":null}},{"type":"Feature","geometry":{"type":"LineString","coordinates":[[31.490633,30.040101],[31.49082,30.040101],[31.490827,30.040102],[31.490833,30.040105],[31.490838,30.040109],[31.490841,30.040115],[31.490841,30.040284],[31.490836,30.040291],[31.490829,30.040296],[31.49082,30.040299],[31.490634,30.040296]]},"properties":{"kind":"road","class":"residential","weight":1.0,"name":null}},{"type":"Feature","geometry":{"type":"LineString","coordinates":[[31.491311,30.03983],[31.490631,30.039797]]},"properties":{"kind":"road","class":"residential","weight":1.0,"name":null}},{"type":"Feature","geometry":{"type":"LineString","coordinates":[[31.488542,30.037092],[31.488742,30.037092],[31.488991,30.0371]]},"properties":{"kind":"road","class":"residential","weight":1.0,"name":null}},{"type":"Feature","geometry":{"type":"LineString","coordinates":[[31.47537,30.025848],[31.475281,30.025937],[31.475224,30.026046],[31.475217,30.026169],[31.475235,30.027956],[31.47523,30.028023],[31.475214,30.028088],[31.475188,30.02815],[31.475152,30.028209]]},"properties":{"kind":"road","class":"tertiary","weight":1.4,"name":null}},{"type":"Feature","geometry":{"type":"LineString","coordinates":[[31.493212,30.040445],[31.493212,30.040297],[31.493215,30.040288],[31.49322,30.040281],[31.493228,30.040276],[31.493518,30.040276],[31.493528,30.04028],[31.493536,30.040287],[31.49354,30.040296],[31.493537,30.040451]]},"properties":{"kind":"road","class":"residential","weight":1.0,"name":null}},{"type":"Feature","geometry":{"type":"LineString","coordinates":[[31.493958,30.039938],[31.493413,30.039916],[31.493359,30.039897],[31.493314,30.039864],[31.493307,30.039855],[31.493283,30.03982],[31.493268,30.039408],[31.493263,30.039365],[31.493241,30.039325],[31.493206,30.039294]]},"properties":{"kind":"road","class":"residential","weight":1.0,"name":null}},{"type":"Feature","geometry":{"type":"LineString","coordinates":[[31.495363,30.039626],[31.494949,30.03963],[31.494819,30.039631],[31.494816,30.039632],[31.494813,30.039635],[31.49481,30.039638],[31.494809,30.039642],[31.494809,30.039747],[31.49481,30.039757],[31.494813,30.039763],[31.494818,30.039765],[31.494824,30.039767],[31.494949,30.039767]]},"properties":{"kind":"road","class":"residential","weight":1.0,"name":null}},{"type":"Feature","geometry":{"type":"LineString","coordinates":[[31.494949,30.03963],[31.494949,30.039767],[31.494946,30.040068]]},"properties":{"kind":"road","class":"residential","weight":1.0,"name":null}},{"type":"Feature","geometry":{"type":"LineString","coordinates":[[31.494809,30.039747],[31.49471,30.039746],[31.494628,30.039745],[31.494595,30.039745]]},"properties":{"kind":"road","class":"residential","weight":1.0,"name":null}},{"type":"Feature","geometry":{"type":"LineString","coordinates":[[31.494947,30.040234],[31.494809,30.040234],[31.494803,30.040234],[31.494797,30.040232],[31.494792,30.040228],[31.494789,30.040224],[31.494788,30.040219],[31.494787,30.040066],[31.494788,30.040061],[31.494791,30.040056],[31.494796,30.040053],[31.494801,30.040051],[31.494807,30.040051],[31.494926,30.04005],[31.494932,30.040051],[31.494938,30.040053],[31.494943,30.040057],[31.494945,30.040062],[31.494946,30.040068],[31.494947,30.040234],[31.495371,30.040232]]},"properties":{"kind":"road","class":"residential","weight":1.0,"name":null}},{"type":"Feature","geometry":{"type":"LineString","coordinates":[[31.493963,30.040218],[31.494395,30.040217],[31.494501,30.040216],[31.49451,30.040219],[31.494517,30.040224],[31.494522,30.04023],[31.494525,30.040238],[31.494526,30.040431],[31.49452,30.04044],[31.494511,30.040447],[31.4945,30.04045],[31.494419,30.040451],[31.494412,30.040449],[31.494406,30.040446],[31.494401,30.040442],[31.494397,30.040436],[31.494396,30.040429],[31.494395,30.040217]]},"properties":{"kind":"road","class":"residential","weight":1.0,"name":null}},{"type":"Feature","geometry":{"type":"LineString","coordinates":[[31.493957,30.039619],[31.494426,30.039619],[31.494574,30.039619],[31.494581,30.039621],[31.494588,30.039625],[31.494592,30.03963],[31.494595,30.039637],[31.494595,30.039745],[31.494595,30.039919],[31.494592,30.039926],[31.494586,30.039933],[31.494577,30.039937],[31.494443,30.039937],[31.494437,30.039935],[31.494432,30.039931],[31.494428,30.039926],[31.494426,30.03992],[31.494426,30.039619]]},"properties":{"kind":"road","class":"residential","weight":1.0,"name":null}},{"type":"Feature","geometry":{"type":"LineString","coordinates":[[31.494624,30.039293],[31.49463,30.039122],[31.494629,30.039115],[31.494625,30.039108],[31.494619,30.039103],[31.494611,30.0391],[31.494445,30.039095],[31.494436,30.039099],[31.494428,30.039104],[31.494423,30.039111],[31.49442,30.039119],[31.494414,30.039298]]},"properties":{"kind":"road","class":"residential","weight":1.0,"name":null}},{"type":"Feature","geometry":{"type":"LineString","coordinates":[[31.494433,30.038721],[31.494596,30.038723],[31.494605,30.038726],[31.494612,30.03873],[31.494618,30.038736],[31.494621,30.038743],[31.494618,30.038888],[31.494615,30.038895],[31.49461,30.038902],[31.494602,30.038906],[31.494593,30.038908],[31.494453,30.038906],[31.494445,30.038904],[31.494438,30.0389],[31.494432,30.038894],[31.494429,30.038888],[31.494433,30.038721],[31.493955,30.038712]]},"properties":{"kind":"road","class":"residential","weight":1.0,"name":null}},{"type":"Feature","geometry":{"type":"LineString","coordinates":[[31.494496,30.035429],[31.494489,30.035738]]},"properties":{"kind":"road","class":"residential","weight":1.0,"name":null}},{"type":"Feature","geometry":{"type":"LineString","coordinates":[[31.482505,30.045645],[31.482601,30.045651]]},"properties":{"kind":"road","class":"residential","weight":1.0,"name":null}},{"type":"Feature","geometry":{"type":"LineString","coordinates":[[31.482385,30.048671],[31.482482,30.048672]]},"properties":{"kind":"road","class":"residential","weight":1.0,"name":null}},{"type":"Feature","geometry":{"type":"LineString","coordinates":[[31.493319,30.043962],[31.493342,30.043936],[31.493356,30.043906],[31.493361,30.043874],[31.493355,30.043841],[31.49334,30.043812],[31.493316,30.043786],[31.493285,30.043768],[31.493249,30.043756],[31.493212,30.043754]]},"properties":{"kind":"road","class":"residential","weight":1.0,"name":null}},{"type":"Feature","geometry":{"type":"LineString","coordinates":[[31.493645,30.044119],[31.493646,30.044087],[31.493635,30.044056],[31.493612,30.044031],[31.49358,30.044015],[31.493543,30.044009],[31.493507,30.044015],[31.493475,30.044031],[31.493452,30.044056]]},"properties":{"kind":"road","class":"residential","weight":1.0,"name":null}},{"type":"Feature","geometry":{"type":"LineString","coordinates":[[31.494058,30.044071],[31.49403,30.044042],[31.493993,30.044022],[31.493951,30.044013],[31.493908,30.044017],[31.493868,30.044032],[31.493837,30.044058],[31.493816,30.04409],[31.493809,30.044127]]},"properties":{"kind":"road","class":"residential","weight":1.0,"name":null}},{"type":"Feature","geometry":{"type":"LineString","coordinates":[[31.4946,30.044125],[31.494587,30.044092],[31.494565,30.044063],[31.494534,30.044041],[31.494497,30.044028],[31.494457,30.044025],[31.494418,30.044031],[31.494382,30.044047],[31.494353,30.044071],[31.494342,30.044091]]},"properties":{"kind":"road","class":"residential","weight":1.0,"name":null}},{"type":"Feature","geometry":{"type":"LineString","coordinates":[[31.494828,30.044084],[31.494824,30.044042],[31.494836,30.044001],[31.494864,30.043966],[31.494903,30.043941],[31.49495,30.043929],[31.494999,30.043931],[31.495044,30.043948]]},"properties":{"kind":"road","class":"residential","weight":1.0,"name":null}},{"type":"Feature","geometry":{"type":"LineString","coordinates":[[31.49517,30.04379],[31.495137,30.043769],[31.495114,30.04374],[31.495105,30.043706],[31.495108,30.043671],[31.495125,30.043639],[31.495154,30.043614],[31.49519,30.043599],[31.495231,30.043595]]},"properties":{"kind":"road","class":"residential","weight":1.0,"name":null}},{"type":"Feature","geometry":{"type":"LineString","coordinates":[[31.495197,30.04338],[31.495141,30.043388],[31.495086,30.043373],[31.495047,30.043337],[31.495031,30.043289],[31.495042,30.04324],[31.495079,30.043202]]},"properties":{"kind":"road","class":"residential","weight":1.0,"name":null}},{"type":"Feature","geometry":{"type":"LineString","coordinates":[[31.494679,30.043002],[31.494682,30.04304],[31.494699,30.043076],[31.494728,30.043105],[31.494767,30.043124],[31.494811,30.043131],[31.494855,30.043125],[31.494895,30.043108],[31.494925,30.04308]]},"properties":{"kind":"road","class":"residential","weight":1.0,"name":null}},{"type":"Feature","geometry":{"type":"LineString","coordinates":[[31.493213,30.043649],[31.493248,30.043637],[31.493277,30.043616],[31.493299,30.04359],[31.49331,30.043559],[31.493311,30.043526],[31.493301,30.043495],[31.493282,30.043467],[31.493254,30.043446],[31.49322,30.043432]]},"properties":{"kind":"road","class":"residential","weight":1.0,"name":null}},{"type":"Feature","geometry":{"type":"LineString","coordinates":[[31.493541,30.043227],[31.493543,30.043264],[31.493531,30.043299],[31.493507,30.043329],[31.493472,30.043351],[31.493431,30.043361],[31.493389,30.04336],[31.49335,30.043346],[31.493317,30.043322]]},"properties":{"kind":"road","class":"residential","weight":1.0,"name":null}},{"type":"Feature","geometry":{"type":"LineString","coordinates":[[31.493936,30.04321],[31.493904,30.043244],[31.493862,30.043266],[31.493813,30.043275],[31.493764,30.043269],[31.49372,30.043248],[31.493686,30.043216],[31.493667,30.043176]]},"properties":{"kind":"road","class":"residential","weight":1.0,"name":null}},{"type":"Feature","geometry":{"type":"LineString","coordinates":[[31.494438,30.043015],[31.494434,30.043052],[31.494418,30.043086],[31.49439,30.043114],[31.494354,30.043134],[31.494313,30.043144],[31.49427,30.043143],[31.49423,30.04313],[31.494195,30.043108]]},"properties":{"kind":"road","class":"residential","weight":1.0,"name":null}},{"type":"Feature","geometry":{"type":"LineString","coordinates":[[31.494892,30.041183],[31.494896,30.040795],[31.494897,30.040676],[31.4945,30.040673],[31.494493,30.040675],[31.494487,30.040678],[31.494483,30.040682],[31.494479,30.040688],[31.494479,30.040779],[31.494482,30.040784],[31.494488,30.040789],[31.494494,30.040792],[31.494502,30.040793],[31.494896,30.040795]]},"properties":{"kind":"road","class":"residential","weight":1.0,"name":null}},{"type":"Feature","geometry":{"type":"LineString","coordinates":[[31.493171,30.041191],[31.493301,30.041196],[31.493309,30.041199],[31.493316,30.041204],[31.493321,30.04121],[31.493312,30.04136],[31.493308,30.041368],[31.493301,30.041375],[31.493291,30.041379],[31.493168,30.041374],[31.493095,30.041371],[31.492802,30.041359]]},"properties":{"kind":"road","class":"residential","weight":1.0,"name":null}},{"type":"Feature","geometry":{"type":"LineString","coordinates":[[31.493183,30.042334],[31.493109,30.042329],[31.493037,30.042314],[31.492969,30.042291],[31.492905,30.04226],[31.492847,30.04222],[31.492808,30.042167],[31.492795,30.042104],[31.492797,30.041648],[31.492802,30.041359],[31.492795,30.040567],[31.492789,30.040453],[31.492788,30.03992],[31.492788,30.039848],[31.492786,30.039288],[31.49279,30.038719]]},"properties":{"kind":"road","class":"residential","weight":1.0,"name":null}},{"type":"Feature","geometry":{"type":"LineString","coordinates":[[31.4954,30.043361],[31.495397,30.0427],[31.495397,30.042549],[31.495393,30.042279],[31.495388,30.041341],[31.495386,30.041094],[31.495376,30.040568],[31.495371,30.040232],[31.495363,30.039626],[31.495359,30.039104],[31.495372,30.039],[31.495435,30.03891],[31.495528,30.03885]]},"properties":{"kind":"road","class":"residential","weight":1.0,"name":"\u0645\u062d\u0648\u0631 \u0627\u0644\u062a\u062d\u0631\u064a\u0631 \u0627\u0644\u062c\u0627\u0646\u0628\u0649"}},{"type":"Feature","geometry":{"type":"LineString","coordinates":[[31.493918,30.040775],[31.493945,30.040779],[31.493968,30.04079],[31.493985,30.040805],[31.493997,30.040824],[31.494001,30.040845],[31.493999,30.040866],[31.49399,30.040885],[31.493975,30.040902],[31.493955,30.040914],[31.493931,30.040921],[31.493907,30.040922],[31.493882,30.040916],[31.493861,30.040904],[31.493845,30.040888],[31.493834,30.040868],[31.493831,30.040847],[31.493836,30.040826],[31.493848,30.040805],[31.493867,30.040789],[31.493891,30.040778],[31.493918,30.040775]]},"properties":{"kind":"road","class":"residential","weight":1.0,"name":null}},{"type":"Feature","geometry":{"type":"LineString","coordinates":[[31.492928,30.040795],[31.493177,30.040799],[31.493539,30.040814],[31.493565,30.040815],[31.493613,30.040817],[31.493836,30.040826]]},"properties":{"kind":"road","class":"residential","weight":1.0,"name":null}},{"type":"Feature","geometry":{"type":"LineString","coordinates":[[31.478284,30.048619],[31.478353,30.04862],[31.478422,30.048621]]},"properties":{"kind":"road","class":"residential","weight":1.0,"name":null}},{"type":"Feature","geometry":{"type":"LineString","coordinates":[[31.478424,30.048703],[31.478354,30.048703],[31.478285,30.048703]]},"properties":{"kind":"road","class":"residential","weight":1.0,"name":null}},{"type":"Feature","geometry":{"type":"LineString","coordinates":[[31.475937,30.048189],[31.475961,30.048156],[31.475996,30.048132],[31.476038,30.048117],[31.476083,30.048114],[31.478023,30.048092],[31.478105,30.048098],[31.478179,30.048129],[31.478237,30.048179],[31.478272,30.048244],[31.47828,30.048314],[31.478284,30.048582],[31.478284,30.048619],[31.478285,30.048703],[31.478287,30.04901],[31.478271,30.049074],[31.478233,30.04913],[31.478175,30.049173],[31.478105,30.049197],[31.47803,30.0492],[31.476224,30.049213],[31.476139,30.049207],[31.47606,30.049179],[31.475994,30.049131],[31.475949,30.049069],[31.475927,30.048997],[31.475927,30.048724],[31.475927,30.048585],[31.475937,30.048189],[31.475936,30.048066],[31.475936,30.047976]]},"properties":{"kind":"road","class":"residential","weight":1.0,"name":null}},{"type":"Feature","geometry":{"type":"LineString","coordinates":[[31.493072,30.043747],[31.492084,30.043746],[31.491804,30.043745],[31.49153,30.04374]]},"properties":{"kind":"road","class":"residential","weight":1.0,"name":null}},{"type":"Feature","geometry":{"type":"LineString","coordinates":[[31.492642,30.04462],[31.492634,30.045622]]},"properties":{"kind":"road","class":"residential","weight":1.0,"name":null}},{"type":"Feature","geometry":{"type":"LineString","coordinates":[[31.493071,30.0442],[31.49224,30.044198]]},"properties":{"kind":"road","class":"residential","weight":1.0,"name":null}},{"type":"Feature","geometry":{"type":"LineString","coordinates":[[31.49307,30.044609],[31.492642,30.04462],[31.492068,30.044636],[31.49186,30.044642]]},"properties":{"kind":"road","class":"residential","weight":1.0,"name":null}},{"type":"Feature","geometry":{"type":"LineString","coordinates":[[31.492118,30.045626],[31.492119,30.045043]]},"properties":{"kind":"road","class":"residential","weight":1.0,"name":null}},{"type":"Feature","geometry":{"type":"LineString","coordinates":[[31.486776,30.044332],[31.486853,30.044304],[31.486906,30.044248],[31.486924,30.044178],[31.486927,30.043909],[31.486927,30.043839],[31.48689,30.043788],[31.48684,30.043746],[31.486779,30.043716]]},"properties":{"kind":"road","class":"residential","weight":1.0,"name":null}},{"type":"Feature","geometry":{"type":"LineString","coordinates":[[31.489415,30.043],[31.48937,30.042935],[31.489316,30.042876],[31.489254,30.042822],[31.489178,30.042751],[31.489079,30.042672],[31.488968,30.042606],[31.488848,30.042554],[31.488721,30.042516],[31.488589,30.042494],[31.488426,30.042482],[31.488149,30.042482],[31.48759,30.042467],[31.487503,30.042443],[31.487423,30.042404],[31.487354,30.042352],[31.487301,30.042292],[31.487219,30.042172],[31.487188,30.0421],[31.487171,30.041992],[31.487161,30.041626],[31.487188,30.041243],[31.487219,30.04112],[31.487277,30.041021],[31.48734,30.040942],[31.487415,30.040878],[31.487503,30.040824],[31.487588,30.040786],[31.487703,30.040772],[31.489047,30.040767],[31.489132,30.040768],[31.489873,30.040763],[31.490251,30.040762],[31.491111,30.040758],[31.491472,30.040756],[31.492266,30.040751],[31.492309,30.040746],[31.49237,30.040732],[31.492432,30.040705],[31.492517,30.040648]]},"properties":{"kind":"road","class":"residential","weight":1.0,"name":"\u0634\u0627\u0631\u0639 \u0627\u0644\u062d\u0627\u0631\u062b \u0628\u0646 \u0627\u0646\u0633"}},{"type":"Feature","geometry":{"type":"LineString","coordinates":[[31.492519,30.041019],[31.492438,30.040948],[31.492362,30.040908],[31.492249,30.040896],[31.492224,30.040897],[31.491139,30.040896],[31.489127,30.040898],[31.489043,30.040898],[31.487759,30.040889],[31.48766,30.040893],[31.487564,30.040917],[31.487477,30.04096],[31.487414,30.041013],[31.487362,30.041075],[31.487323,30.041143],[31.487298,30.041216],[31.487287,30.041292],[31.487312,30.041954],[31.487326,30.042067],[31.487361,30.042146],[31.487414,30.042217],[31.487458,30.042268],[31.487509,30.042308],[31.487569,30.042335],[31.487633,30.042351],[31.488464,30.042357],[31.488599,30.042373],[31.488741,30.042405],[31.488878,30.042449],[31.48901,30.042506],[31.489134,30.042573],[31.489249,30.042651],[31.489363,30.04273],[31.489435,30.042775],[31.489513,30.042812],[31.489596,30.042839]]},"properties":{"kind":"road","class":"residential","weight":1.0,"name":"\u0634\u0627\u0631\u0639 \u0627\u0644\u062d\u0627\u0631\u062b \u0628\u0646 \u0627\u0646\u0633"}},{"type":"Feature","geometry":{"type":"LineString","coordinates":[[31.489731,30.042888],[31.489991,30.04289],[31.490888,30.042895],[31.491664,30.0429],[31.491823,30.042864],[31.491976,30.042812],[31.49212,30.042745],[31.492255,30.042663],[31.492385,30.042578],[31.492525,30.042487]]},"properties":{"kind":"road","class":"residential","weight":1.0,"name":"\u0634\u0627\u0631\u0639 \u0627\u0644\u062d\u0627\u0631\u062b \u0628\u0646 \u0627\u0646\u0633"}},{"type":"Feature","geometry":{"type":"LineString","coordinates":[[31.493074,30.043474],[31.493043,30.043426],[31.492997,30.043389],[31.492941,30.043364],[31.492879,30.043354],[31.491472,30.04336],[31.491035,30.04336],[31.490554,30.043361],[31.490301,30.043359],[31.490222,30.043377],[31.490164,30.043413],[31.490139,30.043461],[31.490132,30.043508],[31.490123,30.044491],[31.49012,30.044798],[31.490116,30.045246],[31.490114,30.045558],[31.490132,30.045597],[31.490176,30.045621],[31.490256,30.045633],[31.491353,30.045632],[31.491652,30.045629],[31.491723,30.045629],[31.491753,30.045629],[31.492118,30.045626],[31.492634,30.045622],[31.492905,30.04562],[31.493026,30.045601],[31.493067,30.045554],[31.49307,30.044609],[31.493071,30.0442],[31.493072,30.043747],[31.493074,30.043474]]},"properties":{"kind":"road","class":"residential","weight":1.0,"name":null}},{"type":"Feature","geometry":{"type":"LineString","coordinates":[[31.48831,30.04306],[31.488111,30.043124],[31.487928,30.043218],[31.487767,30.043338],[31.487634,30.043481],[31.487572,30.043572]]},"properties":{"kind":"road","class":"residential","weight":1.0,"name":null}},{"type":"Feature","geometry":{"type":"LineString","coordinates":[[31.488191,30.044565],[31.488108,30.044584],[31.487972,30.044594],[31.487838,30.044578],[31.48771,30.044538],[31.487614,30.044485],[31.487595,30.044475],[31.487498,30.044392],[31.487455,30.044333],[31.487425,30.044293],[31.487365,30.044184],[31.487356,30.044148],[31.487337,30.044065],[31.487344,30.043945],[31.487385,30.043716],[31.487479,30.043518],[31.487546,30.043428]]},"properties":{"kind":"road","class":"residential","weight":1.0,"name":null}},{"type":"Feature","geometry":{"type":"LineString","coordinates":[[31.487546,30.043428],[31.487645,30.043304],[31.487776,30.04319],[31.487927,30.043097],[31.488093,30.043026],[31.488271,30.04298],[31.488383,30.042964]]},"properties":{"kind":"road","class":"residential","weight":1.0,"name":null}},{"type":"Feature","geometry":{"type":"LineString","coordinates":[[31.489032,30.044627],[31.489032,30.044648],[31.48903,30.044733],[31.489021,30.044965],[31.489012,30.045214]]},"properties":{"kind":"road","class":"residential","weight":1.0,"name":null}},{"type":"Feature","geometry":{"type":"LineString","coordinates":[[31.49012,30.044798],[31.490991,30.044802]]},"properties":{"kind":"road","class":"residential","weight":1.0,"name":null}},{"type":"Feature","geometry":{"type":"LineString","coordinates":[[31.491736,30.044462],[31.491731,30.044281],[31.491741,30.044101],[31.491765,30.043922],[31.491804,30.043745]]},"properties":{"kind":"road","class":"residential","weight":1.0,"name":null}},{"type":"Feature","geometry":{"type":"LineString","coordinates":[[31.491472,30.04336],[31.491513,30.04369],[31.49153,30.04374],[31.491545,30.043782],[31.491557,30.043878],[31.491551,30.043975],[31.491525,30.044069],[31.491491,30.044157],[31.491432,30.044249],[31.491364,30.04433],[31.491331,30.044355]]},"properties":{"kind":"road","class":"residential","weight":1.0,"name":null}},{"type":"Feature","geometry":{"type":"LineString","coordinates":[[31.491035,30.04336],[31.491033,30.043935]]},"properties":{"kind":"road","class":"residential","weight":1.0,"name":null}},{"type":"Feature","geometry":{"type":"LineString","coordinates":[[31.49186,30.044642],[31.491784,30.044517],[31.491736,30.044462],[31.491682,30.044407],[31.491558,30.044316],[31.491432,30.044249]]},"properties":{"kind":"road","class":"residential","weight":1.0,"name":null}},{"type":"Feature","geometry":{"type":"LineString","coordinates":[[31.491658,30.045315],[31.491643,30.045195],[31.491649,30.045075],[31.491674,30.044957],[31.491687,30.044916],[31.49172,30.044843],[31.491785,30.044736],[31.49186,30.044642]]},"properties":{"kind":"road","class":"residential","weight":1.0,"name":null}},{"type":"Feature","geometry":{"type":"LineString","coordinates":[[31.481743,30.043607],[31.481767,30.043616],[31.481787,30.04363],[31.481801,30.043649],[31.481806,30.043671],[31.481804,30.043693],[31.481792,30.043714],[31.481775,30.043729],[31.481753,30.04374],[31.481728,30.043743],[31.481704,30.04374],[31.481682,30.043731],[31.481664,30.043716],[31.481652,30.043696],[31.481648,30.043673],[31.481654,30.04365],[31.481668,30.043629],[31.481689,30.043615],[31.481715,30.043607],[31.481743,30.043607]]},"properties":{"kind":"road","class":"residential","weight":1.0,"name":null}},{"type":"Feature","geometry":{"type":"LineString","coordinates":[[31.481652,30.043696],[31.480783,30.043705]]},"properties":{"kind":"road","class":"residential","weight":1.0,"name":null}},{"type":"Feature","geometry":{"type":"LineString","coordinates":[[31.482072,30.043963],[31.482106,30.043972],[31.482134,30.043991],[31.482153,30.044016],[31.482161,30.044046],[31.482156,30.044076],[31.48214,30.044104],[31.482114,30.044125],[31.482081,30.044137],[31.482045,30.044138],[31.482011,30.044128],[31.481983,30.04411],[31.481964,30.044084],[31.481957,30.044054],[31.481962,30.044023],[31.481978,30.043996],[31.482004,30.043976],[31.482037,30.043964],[31.482072,30.043963]]},"properties":{"kind":"road","class":"residential","weight":1.0,"name":null}},{"type":"Feature","geometry":{"type":"LineString","coordinates":[[31.484407,30.043046],[31.484351,30.043073],[31.484301,30.043109],[31.484262,30.043153]]},"properties":{"kind":"road","class":"residential","weight":1.0,"name":null}},{"type":"Feature","geometry":{"type":"LineString","coordinates":[[31.484645,30.042223],[31.484515,30.042222]]},"properties":{"kind":"road","class":"residential","weight":1.0,"name":null}},{"type":"Feature","geometry":{"type":"LineString","coordinates":[[31.484513,30.042008],[31.484652,30.042012]]},"properties":{"kind":"road","class":"residential","weight":1.0,"name":null}},{"type":"Feature","geometry":{"type":"LineString","coordinates":[[31.486715,30.042211],[31.486165,30.042198]]},"properties":{"kind":"road","class":"residential","weight":1.0,"name":null}},{"type":"Feature","geometry":{"type":"LineString","coordinates":[[31.486259,30.044255],[31.486259,30.044516],[31.486256,30.044525],[31.48625,30.044532],[31.486243,30.044538],[31.486233,30.044542],[31.485816,30.044541],[31.485744,30.044545],[31.485702,30.044564],[31.485668,30.044594],[31.485648,30.044632],[31.485653,30.04473],[31.485661,30.044907],[31.485674,30.044948],[31.485697,30.045028],[31.485761,30.045139],[31.485851,30.045237],[31.485903,30.045274],[31.485962,30.045316],[31.486089,30.045373],[31.486228,30.045407],[31.48633,30.045407],[31.48646,30.045408],[31.486526,30.045384],[31.486571,30.045337],[31.486586,30.045277],[31.486587,30.045061]]},"properties":{"kind":"road","class":"residential","weight":1.0,"name":null}},{"type":"Feature","geometry":{"type":"LineString","coordinates":[[31.477389,30.029809],[31.477768,30.02981],[31.477898,30.029811]]},"properties":{"kind":"road","class":"residential","weight":1.0,"name":null}},{"type":"Feature","geometry":{"type":"LineString","coordinates":[[31.476481,30.030389],[31.476471,30.030619],[31.476463,30.0308]]},"properties":{"kind":"road","class":"residential","weight":1.0,"name":null}},{"type":"Feature","geometry":{"type":"LineString","coordinates":[[31.476345,30.0308],[31.476354,30.030617],[31.476367,30.03037]]},"properties":{"kind":"road","class":"residential","weight":1.0,"name":null}},{"type":"Feature","geometry":{"type":"LineString","coordinates":[[31.475995,30.030254],[31.476238,30.03034],[31.476367,30.03037],[31.476481,30.030389],[31.476619,30.030401],[31.476757,30.030402],[31.476949,30.03041],[31.477139,30.030394],[31.477226,30.030364],[31.477301,30.030316],[31.477359,30.030252],[31.477396,30.030178],[31.477392,30.029827],[31.477389,30.029809],[31.477369,30.029743],[31.477328,30.029697],[31.477274,30.029664],[31.477139,30.029617],[31.477,30.02958],[31.476858,30.029555],[31.476685,30.029539],[31.476511,30.029539],[31.476337,30.029555],[31.476151,30.029591],[31.47599,30.029668],[31.475858,30.029779],[31.475789,30.02986],[31.475761,30.029958],[31.475777,30.030058],[31.475836,30.030144],[31.475995,30.030254]]},"properties":{"kind":"road","class":"residential","weight":1.0,"name":null}},{"type":"Feature","geometry":{"type":"LineString","coordinates":[[31.479055,30.030586],[31.47905,30.030202]]},"properties":{"kind":"road","class":"residential","weight":1.0,"name":null}},{"type":"Feature","geometry":{"type":"LineString","coordinates":[[31.480025,30.030441],[31.480029,30.030214],[31.480026,30.030168],[31.480018,30.030122],[31.480005,30.030078]]},"properties":{"kind":"road","class":"residential","weight":1.0,"name":null}},{"type":"Feature","geometry":{"type":"LineString","coordinates":[[31.480001,30.02987],[31.480053,30.029834],[31.480114,30.029813],[31.48018,30.029809]]},"properties":{"kind":"road","class":"residential","weight":1.0,"name":null}},{"type":"Feature","geometry":{"type":"LineString","coordinates":[[31.479622,30.029665],[31.479624,30.029587],[31.479619,30.02951],[31.479605,30.029433]]},"properties":{"kind":"road","class":"residential","weight":1.0,"name":null}},{"type":"Feature","geometry":{"type":"LineString","coordinates":[[31.478708,30.029741],[31.478647,30.029708],[31.478602,30.029658],[31.478581,30.029598],[31.478586,30.029535]]},"properties":{"kind":"road","class":"residential","weight":1.0,"name":null}},{"type":"Feature","geometry":{"type":"LineString","coordinates":[[31.478343,30.030194],[31.478571,30.03019],[31.478623,30.030181],[31.47867,30.030161],[31.478711,30.030133]]},"properties":{"kind":"road","class":"residential","weight":1.0,"name":null}},{"type":"Feature","geometry":{"type":"LineString","coordinates":[[31.478527,30.030793],[31.478526,30.030614],[31.478526,30.030361],[31.478531,30.030334],[31.478548,30.030312],[31.478575,30.030297],[31.47879,30.030191]]},"properties":{"kind":"road","class":"residential","weight":1.0,"name":null}},{"type":"Feature","geometry":{"type":"LineString","coordinates":[[31.47901,30.029518],[31.479101,30.029522]]},"properties":{"kind":"road","class":"residential","weight":1.0,"name":null}},{"type":"Feature","geometry":{"type":"LineString","coordinates":[[31.479035,30.02937],[31.479102,30.029378]]},"properties":{"kind":"road","class":"residential","weight":1.0,"name":null}},{"type":"Feature","geometry":{"type":"LineString","coordinates":[[31.483356,30.029527],[31.48337,30.029722],[31.483413,30.029799],[31.483482,30.029861],[31.48357,30.029899],[31.483668,30.02991],[31.484344,30.029915]]},"properties":{"kind":"road","class":"residential","weight":1.0,"name":null}},{"type":"Feature","geometry":{"type":"LineString","coordinates":[[31.481263,30.029928],[31.482029,30.029915],[31.482098,30.029913],[31.482165,30.029897],[31.482235,30.029863],[31.482293,30.029815],[31.482333,30.029755],[31.482355,30.029688],[31.48236,30.029531]]},"properties":{"kind":"road","class":"residential","weight":1.0,"name":null}},{"type":"Feature","geometry":{"type":"LineString","coordinates":[[31.484574,30.041886],[31.484566,30.04165],[31.484464,30.041361],[31.484429,30.041295],[31.484412,30.041225],[31.484412,30.041153],[31.48443,30.041082],[31.484441,30.040975],[31.484445,30.040892],[31.484444,30.040809],[31.484438,30.040726],[31.484431,30.040672],[31.484428,30.040643],[31.484413,30.040561],[31.48443,30.040179],[31.48443,30.040001],[31.484429,30.039781],[31.484415,30.039709],[31.484392,30.03965],[31.484337,30.039591],[31.48426,30.03954],[31.484183,30.039511],[31.484105,30.039498],[31.484038,30.039498],[31.484021,30.039498],[31.483938,30.039508],[31.483863,30.03954],[31.483801,30.039588],[31.483792,30.039599],[31.48375,30.039649],[31.483548,30.04003]]},"properties":{"kind":"road","class":"residential","weight":1.0,"name":null}},{"type":"Feature","geometry":{"type":"LineString","coordinates":[[31.484431,30.040672],[31.484405,30.040642],[31.484369,30.040621],[31.484327,30.040612],[31.484283,30.040616],[31.484244,30.040633],[31.484213,30.040659],[31.484195,30.040693]]},"properties":{"kind":"road","class":"residential","weight":1.0,"name":null}},{"type":"Feature","geometry":{"type":"LineString","coordinates":[[31.48443,30.041082],[31.484387,30.041107],[31.484338,30.04112],[31.484287,30.041118],[31.484239,30.041103],[31.484199,30.041076],[31.484171,30.04104]]},"properties":{"kind":"road","class":"residential","weight":1.0,"name":null}},{"type":"Feature","geometry":{"type":"LineString","coordinates":[[31.487043,30.045264],[31.487044,30.045388]]},"properties":{"kind":"road","class":"residential","weight":1.0,"name":null}},{"type":"Feature","geometry":{"type":"LineString","coordinates":[[31.477946,30.030919],[31.477947,30.031044],[31.477942,30.031093],[31.477933,30.031141],[31.47792,30.031189],[31.477902,30.031235]]},"properties":{"kind":"road","class":"residential","weight":1.0,"name":null}},{"type":"Feature","geometry":{"type":"LineString","coordinates":[[31.477847,30.031192],[31.477845,30.031047],[31.477844,30.030919]]},"properties":{"kind":"road","class":"residential","weight":1.0,"name":null}},{"type":"Feature","geometry":{"type":"LineString","coordinates":[[31.476722,30.031624],[31.47606,30.031613],[31.475398,30.031601],[31.475176,30.031597]]},"properties":{"kind":"road","class":"residential","weight":1.0,"name":null}},{"type":"Feature","geometry":{"type":"LineString","coordinates":[[31.478075,30.033303],[31.47807,30.033537],[31.478075,30.033577],[31.478094,30.033614],[31.478125,30.033645]]},"properties":{"kind":"road","class":"residential","weight":1.0,"name":null}},{"type":"Feature","geometry":{"type":"LineString","coordinates":[[31.478154,30.034706],[31.478159,30.034326]]},"properties":{"kind":"road","class":"residential","weight":1.0,"name":null}},{"type":"Feature","geometry":{"type":"LineString","coordinates":[[31.478843,30.034026],[31.47874,30.034028],[31.478614,30.03403]]},"properties":{"kind":"road","class":"residential","weight":1.0,"name":null}},{"type":"Feature","geometry":{"type":"LineString","coordinates":[[31.477043,30.042159],[31.477069,30.042138],[31.477085,30.042111],[31.477088,30.04208],[31.47709,30.041704],[31.477092,30.041309]]},"properties":{"kind":"road","class":"residential","weight":1.0,"name":null}},{"type":"Feature","geometry":{"type":"LineString","coordinates":[[31.477344,30.04131],[31.477092,30.041309],[31.477013,30.041306]]},"properties":{"kind":"road","class":"residential","weight":1.0,"name":null}},{"type":"Feature","geometry":{"type":"LineString","coordinates":[[31.477013,30.041306],[31.476952,30.04131],[31.476896,30.041331],[31.47685,30.041366]]},"properties":{"kind":"road","class":"residential","weight":1.0,"name":null}},{"type":"Feature","geometry":{"type":"LineString","coordinates":[[31.475834,30.041178],[31.475995,30.04118]]},"properties":{"kind":"road","class":"residential","weight":1.0,"name":null}},{"type":"Feature","geometry":{"type":"LineString","coordinates":[[31.475848,30.041716],[31.47709,30.041704]]},"properties":{"kind":"road","class":"residential","weight":1.0,"name":null}},{"type":"Feature","geometry":{"type":"LineString","coordinates":[[31.475987,30.043044],[31.479588,30.043029],[31.479659,30.043032],[31.479729,30.043044],[31.479795,30.043065],[31.479857,30.043095],[31.479912,30.043133],[31.479956,30.043173],[31.479992,30.043217],[31.480021,30.043266],[31.480049,30.043328],[31.480068,30.043392],[31.480079,30.043458],[31.48008,30.043525],[31.480076,30.04403],[31.480073,30.044445],[31.480067,30.044512],[31.480052,30.044577],[31.480027,30.04464],[31.479994,30.044701],[31.479951,30.044759],[31.479899,30.044813],[31.47984,30.04486],[31.479774,30.044901],[31.479703,30.044934],[31.479628,30.044959],[31.47953,30.044987],[31.479429,30.045008],[31.479328,30.045023],[31.47791,30.045029],[31.477458,30.045031],[31.476141,30.045036],[31.476065,30.045032],[31.47599,30.045022],[31.475916,30.045004],[31.475845,30.04498],[31.475773,30.044948],[31.475706,30.044909],[31.475644,30.044863],[31.475589,30.044812],[31.475545,30.044757],[31.475509,30.044699],[31.475479,30.044638],[31.475457,30.044575],[31.475442,30.044509],[31.475436,30.044442],[31.475428,30.043385],[31.475436,30.043335],[31.475451,30.043286],[31.475473,30.043239],[31.475504,30.043194],[31.475541,30.043153],[31.475585,30.043116],[31.475634,30.043086],[31.475688,30.043061],[31.475818,30.043047],[31.475987,30.043044]]},"properties":{"kind":"road","class":"residential","weight":1.0,"name":null}},{"type":"Feature","geometry":{"type":"LineString","coordinates":[[31.485699,30.032423],[31.485629,30.032368],[31.485566,30.032307],[31.48551,30.032241],[31.485463,30.032169],[31.485433,30.032112],[31.485408,30.032052]]},"properties":{"kind":"road","class":"residential","weight":1.0,"name":null}},{"type":"Feature","geometry":{"type":"LineString","coordinates":[[31.495514,30.035151],[31.495351,30.035155]]},"properties":{"kind":"road","class":"residential","weight":1.0,"name":null}},{"type":"Feature","geometry":{"type":"LineString","coordinates":[[31.489334,30.034863],[31.489269,30.034767],[31.489259,30.034733],[31.489264,30.034696],[31.489284,30.034666],[31.489328,30.034606]]},"properties":{"kind":"road","class":"residential","weight":1.0,"name":null}},{"type":"Feature","geometry":{"type":"LineString","coordinates":[[31.485926,30.033984],[31.485832,30.034029],[31.485732,30.034064],[31.485636,30.03409]]},"properties":{"kind":"road","class":"residential","weight":1.0,"name":null}},{"type":"Feature","geometry":{"type":"LineString","coordinates":[[31.485631,30.034815],[31.485701,30.03501],[31.485729,30.035079],[31.485774,30.035141],[31.485833,30.035194],[31.485903,30.035235],[31.485981,30.035262],[31.486065,30.035274],[31.486149,30.035271],[31.486231,30.035252],[31.486306,30.035219],[31.486372,30.035173],[31.486425,30.035116],[31.486515,30.035009]]},"properties":{"kind":"road","class":"residential","weight":1.0,"name":null}},{"type":"Feature","geometry":{"type":"LineString","coordinates":[[31.486968,30.034211],[31.486982,30.034198],[31.487,30.034189],[31.48702,30.034185],[31.48704,30.034187],[31.48706,30.034194],[31.487075,30.034206],[31.487086,30.034221],[31.487091,30.034239],[31.487089,30.034257],[31.487082,30.034272],[31.48707,30.034285],[31.487054,30.034295],[31.487036,30.0343],[31.487013,30.0343],[31.48699,30.034293],[31.486972,30.03428],[31.486961,30.034262],[31.486957,30.034244],[31.48696,30.034227],[31.486968,30.034211]]},"properties":{"kind":"road","class":"residential","weight":1.0,"name":null}},{"type":"Feature","geometry":{"type":"LineString","coordinates":[[31.483162,30.031658],[31.483176,30.031681],[31.483197,30.031704],[31.483224,30.031722],[31.483235,30.031733]]},"properties":{"kind":"road","class":"residential","weight":1.0,"name":null}},{"type":"Feature","geometry":{"type":"LineString","coordinates":[[31.48297,30.031736],[31.482983,30.03172],[31.483006,30.031703],[31.483025,30.031682],[31.483042,30.031652]]},"properties":{"kind":"road","class":"residential","weight":1.0,"name":null}},{"type":"Feature","geometry":{"type":"LineString","coordinates":[[31.483107,30.035237],[31.483187,30.034816],[31.483202,30.034737],[31.483211,30.034657],[31.483216,30.034577],[31.483212,30.034467],[31.483199,30.034357],[31.483175,30.034248],[31.483018,30.033862],[31.482993,30.033773],[31.482974,30.033682],[31.482962,30.03359],[31.482958,30.033499],[31.482961,30.033407],[31.482972,30.03331],[31.482991,30.033214],[31.483006,30.033163],[31.483053,30.033027],[31.483096,30.032937],[31.483146,30.032849],[31.483181,30.032755],[31.483208,30.032659],[31.483226,30.032561],[31.483237,30.032463],[31.483239,30.032361],[31.483233,30.03226],[31.483218,30.032159],[31.483194,30.03206],[31.483162,30.031962],[31.483121,30.031867]]},"properties":{"kind":"road","class":"residential","weight":1.0,"name":null}},{"type":"Feature","geometry":{"type":"LineString","coordinates":[[31.481833,30.033065],[31.481861,30.03197],[31.481872,30.031933],[31.481889,30.031897],[31.481911,30.031864],[31.481942,30.031829],[31.481978,30.031798],[31.48202,30.031773],[31.482066,30.031754],[31.482114,30.03174],[31.482164,30.031734],[31.48297,30.031736],[31.483235,30.031733],[31.48448,30.031735],[31.484516,30.031737],[31.484551,30.031744],[31.484583,30.031757],[31.484613,30.031774],[31.484644,30.031802],[31.484668,30.031835],[31.484682,30.031872],[31.484687,30.03191],[31.4847,30.035042],[31.484698,30.035077],[31.484688,30.035111],[31.48467,30.035143],[31.484647,30.035171],[31.484618,30.035195],[31.484584,30.035213],[31.484548,30.035226],[31.484509,30.035232],[31.484469,30.035233],[31.483107,30.035237],[31.481924,30.035246],[31.481882,30.035245],[31.481842,30.035236],[31.481805,30.03522],[31.481773,30.035198],[31.481745,30.03517],[31.481725,30.035137],[31.481714,30.035101],[31.481712,30.035065],[31.481701,30.033849]]},"properties":{"kind":"road","class":"residential","weight":1.0,"name":null}},{"type":"Feature","geometry":{"type":"LineString","coordinates":[[31.483235,30.031733],[31.483239,30.031798],[31.483217,30.031825],[31.483189,30.031846],[31.483157,30.03186],[31.483121,30.031867],[31.483085,30.031866],[31.48305,30.031858],[31.483018,30.031843],[31.482992,30.031821],[31.482972,30.031795],[31.482969,30.031766],[31.48297,30.031736]]},"properties":{"kind":"road","class":"residential","weight":1.0,"name":null}},{"type":"Feature","geometry":{"type":"LineString","coordinates":[[31.495229,30.043486],[31.495292,30.043484],[31.4954,30.043472]]},"properties":{"kind":"road","class":"residential","weight":1.0,"name":null}},{"type":"Feature","geometry":{"type":"LineString","coordinates":[[31.4954,30.043587],[31.495343,30.043586],[31.495287,30.043589],[31.495231,30.043595]]},"properties":{"kind":"road","class":"residential","weight":1.0,"name":null}},{"type":"Feature","geometry":{"type":"LineString","coordinates":[[31.488271,30.042789],[31.48805,30.042696],[31.487819,30.042623],[31.487581,30.042572],[31.487378,30.042484],[31.487208,30.042347],[31.487123,30.042232],[31.487082,30.042178],[31.487044,30.041981],[31.487056,30.041839],[31.487042,30.041763],[31.486998,30.041696],[31.486931,30.041646],[31.486849,30.041619],[31.48676,30.041617],[31.48551,30.041602],[31.48546,30.041613],[31.485417,30.041637],[31.485383,30.04167],[31.485363,30.041711],[31.48538,30.042315],[31.485389,30.04233],[31.485404,30.042341],[31.485421,30.042348],[31.48544,30.04235],[31.48616,30.042352]]},"properties":{"kind":"road","class":"residential","weight":1.0,"name":null}},{"type":"Feature","geometry":{"type":"LineString","coordinates":[[31.488966,30.045286],[31.489233,30.04552]]},"properties":{"kind":"road","class":"residential","weight":1.0,"name":null}},{"type":"Feature","geometry":{"type":"LineString","coordinates":[[31.488717,30.04526],[31.48856,30.045493]]},"properties":{"kind":"road","class":"residential","weight":1.0,"name":null}},{"type":"Feature","geometry":{"type":"LineString","coordinates":[[31.490625,30.038781],[31.491434,30.038781],[31.491543,30.03879]]},"properties":{"kind":"road","class":"residential","weight":1.0,"name":null}},{"type":"Feature","geometry":{"type":"LineString","coordinates":[[31.481884,30.037419],[31.480842,30.037418],[31.480635,30.037417],[31.480536,30.037417]]},"properties":{"kind":"road","class":"residential","weight":1.0,"name":null}},{"type":"Feature","geometry":{"type":"LineString","coordinates":[[31.485873,30.036656],[31.485864,30.036237]]},"properties":{"kind":"road","class":"residential","weight":1.0,"name":null}},{"type":"Feature","geometry":{"type":"LineString","coordinates":[[31.476748,30.038765],[31.476747,30.038711],[31.476724,30.038662]]},"properties":{"kind":"road","class":"residential","weight":1.0,"name":null}},{"type":"Feature","geometry":{"type":"LineString","coordinates":[[31.475187,30.039434],[31.475144,30.039443],[31.475104,30.039459],[31.475069,30.039481],[31.475039,30.039509]]},"properties":{"kind":"road","class":"residential","weight":1.0,"name":null}},{"type":"Feature","geometry":{"type":"LineString","coordinates":[[31.479919,30.038202],[31.479959,30.038167],[31.479982,30.038122],[31.479986,30.038073],[31.479898,30.037613],[31.479867,30.037447],[31.479868,30.037322],[31.479872,30.037284],[31.479896,30.037217],[31.479907,30.037147],[31.479903,30.037077],[31.479886,30.037009],[31.479839,30.036912],[31.479762,30.03683],[31.479663,30.036767],[31.47955,30.036729],[31.479428,30.036716],[31.478987,30.036718],[31.478179,30.036721],[31.477159,30.036725],[31.476356,30.036728],[31.476165,30.036728],[31.476022,30.036735],[31.475892,30.036757],[31.475788,30.036791],[31.475645,30.036861],[31.475545,30.036933],[31.475471,30.03701],[31.475422,30.037092],[31.475388,30.037163],[31.475364,30.037232],[31.475348,30.037331],[31.475346,30.03741],[31.475347,30.037482],[31.475365,30.037547],[31.475415,30.037598],[31.475483,30.037626],[31.475584,30.037631],[31.475785,30.037633],[31.475823,30.037633],[31.475846,30.037633],[31.475876,30.037634],[31.47636,30.037637]]},"properties":{"kind":"road","class":"residential","weight":1.0,"name":null}},{"type":"Feature","geometry":{"type":"LineString","coordinates":[[31.501849,30.031732],[31.501866,30.031718],[31.501888,30.031709],[31.501911,30.031706],[31.501935,30.03171],[31.501956,30.031718],[31.502096,30.031787],[31.502134,30.031789],[31.502171,30.031781],[31.502202,30.031763],[31.50246,30.031445],[31.502672,30.031103],[31.5027,30.031001],[31.502691,30.030897],[31.502645,30.030801],[31.502567,30.030721],[31.501805,30.030433],[31.501761,30.030422],[31.501715,30.030423],[31.501672,30.030437],[31.501636,30.030461],[31.501514,30.030722],[31.501504,30.030742]]},"properties":{"kind":"road","class":"residential","weight":1.0,"name":null}},{"type":"Feature","geometry":{"type":"LineString","coordinates":[[31.495813,30.040609],[31.495978,30.040607]]},"properties":{"kind":"road","class":"primary_link","weight":1.6,"name":null}},{"type":"Feature","geometry":{"type":"LineString","coordinates":[[31.49581,30.040159],[31.495978,30.040163]]},"properties":{"kind":"road","class":"primary_link","weight":1.6,"name":null}},{"type":"Feature","geometry":{"type":"LineString","coordinates":[[31.496199,30.040349],[31.496355,30.040349],[31.496636,30.040349],[31.496762,30.040331]]},"properties":{"kind":"road","class":"residential","weight":1.0,"name":null}},{"type":"Feature","geometry":{"type":"LineString","coordinates":[[31.496343,30.032105],[31.49614,30.032107],[31.49594,30.032107]]},"properties":{"kind":"road","class":"residential","weight":1.0,"name":null}},{"type":"Feature","geometry":{"type":"LineString","coordinates":[[31.502986,30.032482],[31.502806,30.032353],[31.502779,30.032325],[31.502766,30.032291],[31.502768,30.032255],[31.502786,30.032222],[31.502817,30.032197],[31.503026,30.032157]]},"properties":{"kind":"road","class":"residential","weight":1.0,"name":null}},{"type":"Feature","geometry":{"type":"LineString","coordinates":[[31.503681,30.0334],[31.503641,30.033436]]},"properties":{"kind":"road","class":"residential","weight":1.0,"name":null}},{"type":"Feature","geometry":{"type":"LineString","coordinates":[[31.503513,30.033336],[31.503549,30.033301]]},"properties":{"kind":"road","class":"residential","weight":1.0,"name":null}},{"type":"Feature","geometry":{"type":"LineString","coordinates":[[31.504146,30.032425],[31.504393,30.032623],[31.504636,30.032817]]},"properties":{"kind":"road","class":"residential","weight":1.0,"name":null}},{"type":"Feature","geometry":{"type":"LineString","coordinates":[[31.50484,30.031833],[31.504393,30.032623]]},"properties":{"kind":"road","class":"residential","weight":1.0,"name":null}},{"type":"Feature","geometry":{"type":"LineString","coordinates":[[31.486625,30.033275],[31.486956,30.033277],[31.486979,30.03328],[31.487016,30.033289],[31.487049,30.033304],[31.487076,30.033325],[31.487097,30.033351],[31.487217,30.033519],[31.487355,30.033711],[31.487372,30.033739],[31.487377,30.033778],[31.487364,30.033815],[31.487336,30.033845],[31.48702,30.034185]]},"properties":{"kind":"road","class":"residential","weight":1.0,"name":null}},{"type":"Feature","geometry":{"type":"LineString","coordinates":[[31.4755,30.030384],[31.476238,30.03034]]},"properties":{"kind":"road","class":"residential","weight":1.0,"name":null}},{"type":"Feature","geometry":{"type":"LineString","coordinates":[[31.500921,30.033657],[31.500818,30.033737]]},"properties":{"kind":"road","class":"residential","weight":1.0,"name":null}},{"type":"Feature","geometry":{"type":"LineString","coordinates":[[31.500735,30.033636],[31.500842,30.033559],[31.500977,30.033465],[31.501377,30.033155]]},"properties":{"kind":"road","class":"residential","weight":1.0,"name":null}},{"type":"Feature","geometry":{"type":"LineString","coordinates":[[31.501466,30.033167],[31.5017,30.033393],[31.502202,30.033879]]},"properties":{"kind":"road","class":"residential","weight":1.0,"name":null}},{"type":"Feature","geometry":{"type":"LineString","coordinates":[[31.501392,30.033105],[31.50141,30.033096],[31.501431,30.033094],[31.501451,30.033099],[31.501465,30.033109],[31.501475,30.033122],[31.501478,30.033138],[31.501475,30.033153],[31.501466,30.033167],[31.501449,30.033179],[31.501429,30.033184],[31.501407,30.033181],[31.501389,30.033171],[31.501377,30.033155],[31.501374,30.033137],[31.501379,30.033119],[31.501392,30.033105]]},"properties":{"kind":"road","class":"residential","weight":1.0,"name":null}},{"type":"Feature","geometry":{"type":"LineString","coordinates":[[31.503578,30.033878],[31.503596,30.033895],[31.503607,30.033916],[31.503608,30.033939],[31.503605,30.033953],[31.503597,30.033967],[31.503581,30.033984],[31.50356,30.033995],[31.503536,30.034],[31.503511,30.033999],[31.503493,30.033993],[31.503478,30.033984],[31.503466,30.033973],[31.503456,30.033959],[31.503451,30.033943],[31.503451,30.033921],[31.503459,30.033901],[31.503474,30.033883],[31.503488,30.033873],[31.503504,30.033867],[31.503529,30.033863],[31.503556,30.033867],[31.503578,30.033878]]},"properties":{"kind":"road","class":"residential","weight":1.0,"name":null}},{"type":"Feature","geometry":{"type":"LineString","coordinates":[[31.503574,30.033794],[31.503664,30.033707],[31.503748,30.033626]]},"properties":{"kind":"road","class":"residential","weight":1.0,"name":null}},{"type":"Feature","geometry":{"type":"LineString","coordinates":[[31.503844,30.033703],[31.503763,30.033782],[31.503674,30.033872]]},"properties":{"kind":"road","class":"residential","weight":1.0,"name":null}},{"type":"Feature","geometry":{"type":"LineString","coordinates":[[31.500776,30.034433],[31.500685,30.034376],[31.500592,30.034331],[31.500494,30.034296],[31.50039,30.034272],[31.500284,30.034261],[31.500178,30.034261],[31.500069,30.034267]]},"properties":{"kind":"road","class":"residential","weight":1.0,"name":null}},{"type":"Feature","geometry":{"type":"LineString","coordinates":[[31.499392,30.036631],[31.499455,30.036697],[31.499527,30.036755],[31.499608,30.036805],[31.499695,30.036845],[31.499787,30.036875],[31.499883,30.036894],[31.499982,30.036903]]},"properties":{"kind":"road","class":"residential","weight":1.0,"name":null}},{"type":"Feature","geometry":{"type":"LineString","coordinates":[[31.50089,30.0367],[31.501004,30.03665]]},"properties":{"kind":"road","class":"residential","weight":1.0,"name":null}},{"type":"Feature","geometry":{"type":"LineString","coordinates":[[31.514178,30.039435],[31.514043,30.039341]]},"properties":{"kind":"road","class":"residential","weight":1.0,"name":null}},{"type":"Feature","geometry":{"type":"LineString","coordinates":[[31.512713,30.035949],[31.512736,30.03596],[31.512753,30.035978],[31.51276,30.036],[31.51276,30.036019],[31.512751,30.036037],[31.512737,30.036053],[31.512707,30.036066],[31.512673,30.036065],[31.512644,30.036051],[31.512624,30.036029],[31.512621,30.036005],[31.512626,30.035983],[31.51264,30.035965],[31.512662,30.035952],[31.512687,30.035946],[31.512713,30.035949]]},"properties":{"kind":"road","class":"residential","weight":1.0,"name":null}},{"type":"Feature","geometry":{"type":"LineString","coordinates":[[31.512687,30.035946],[31.512814,30.035783]]},"properties":{"kind":"road","class":"residential","weight":1.0,"name":null}},{"type":"Feature","geometry":{"type":"LineString","coordinates":[[31.513171,30.035719],[31.513133,30.035742],[31.513091,30.035751],[31.513047,30.035747],[31.51299,30.035716],[31.512903,30.035669],[31.512881,30.035657],[31.512865,30.035631],[31.512859,30.035602],[31.512865,30.035574],[31.512882,30.035549]]},"properties":{"kind":"road","class":"residential","weight":1.0,"name":null}},{"type":"Feature","geometry":{"type":"LineString","coordinates":[[31.512901,30.035827],[31.51276,30.036]]},"properties":{"kind":"road","class":"residential","weight":1.0,"name":null}},{"type":"Feature","geometry":{"type":"LineString","coordinates":[[31.507418,30.032439],[31.507331,30.032571]]},"properties":{"kind":"road","class":"primary_link","weight":1.6,"name":null}},{"type":"Feature","geometry":{"type":"LineString","coordinates":[[31.504539,30.04884],[31.50467,30.048921],[31.504833,30.049013],[31.505055,30.04912],[31.505169,30.049161],[31.505321,30.049193],[31.505439,30.049207],[31.50556,30.049202],[31.505688,30.049183],[31.505829,30.049149],[31.505961,30.049105],[31.506174,30.049022],[31.507633,30.04842],[31.507971,30.048263],[31.50805,30.048216],[31.508123,30.048164],[31.508192,30.048107],[31.508256,30.048046],[31.508313,30.04798],[31.5084,30.047879],[31.508537,30.047669],[31.508629,30.047509],[31.508693,30.04737],[31.508739,30.047227],[31.508766,30.04708],[31.508774,30.046931],[31.508762,30.046783],[31.508731,30.046636],[31.508681,30.046494],[31.508588,30.046331],[31.508455,30.046114],[31.507948,30.045359],[31.507864,30.045276],[31.507768,30.045204],[31.507661,30.045144],[31.507545,30.045097]]},"properties":{"kind":"road","class":"tertiary","weight":1.4,"name":null}},{"type":"Feature","geometry":{"type":"LineString","coordinates":[[31.509154,30.04461],[31.509177,30.044602],[31.509201,30.044599],[31.509226,30.044601],[31.509252,30.04461],[31.509274,30.044624],[31.509291,30.044644],[31.509301,30.044666],[31.509303,30.04469],[31.509298,30.044714],[31.509285,30.044735],[31.509266,30.044753],[31.509242,30.044765],[31.509215,30.044771],[31.509187,30.044771],[31.509161,30.044764],[31.509137,30.044751],[31.509119,30.044733],[31.509107,30.044711],[31.509103,30.044687],[31.509104,30.04467],[31.50911,30.044654],[31.509118,30.044639],[31.509134,30.044622],[31.509154,30.04461]]},"properties":{"kind":"road","class":"residential","weight":1.0,"name":null}},{"type":"Feature","geometry":{"type":"LineString","coordinates":[[31.509118,30.044639],[31.509004,30.044508]]},"properties":{"kind":"road","class":"residential","weight":1.0,"name":null}},{"type":"Feature","geometry":{"type":"LineString","coordinates":[[31.509011,30.044335],[31.5091,30.044445]]},"properties":{"kind":"road","class":"residential","weight":1.0,"name":null}},{"type":"Feature","geometry":{"type":"LineString","coordinates":[[31.509008,30.045955],[31.508966,30.045895],[31.508916,30.04584],[31.508858,30.045791],[31.508794,30.045748]]},"properties":{"kind":"road","class":"residential","weight":1.0,"name":null}},{"type":"Feature","geometry":{"type":"LineString","coordinates":[[31.509008,30.045955],[31.509003,30.045886],[31.509006,30.045817],[31.509017,30.045749],[31.509035,30.045682]]},"properties":{"kind":"road","class":"residential","weight":1.0,"name":null}},{"type":"Feature","geometry":{"type":"LineString","coordinates":[[31.509008,30.045955],[31.509221,30.046245],[31.509347,30.046429]]},"properties":{"kind":"road","class":"residential","weight":1.0,"name":null}},{"type":"Feature","geometry":{"type":"LineString","coordinates":[[31.512936,30.043043],[31.512628,30.04332],[31.512567,30.043371],[31.512503,30.043418],[31.512435,30.043461],[31.512364,30.0435],[31.512291,30.043536],[31.512215,30.043568],[31.512127,30.043603],[31.512042,30.043645],[31.511963,30.043693],[31.511502,30.044031]]},"properties":{"kind":"road","class":"residential","weight":1.0,"name":null}},{"type":"Feature","geometry":{"type":"LineString","coordinates":[[31.513075,30.043038],[31.513351,30.043275],[31.513609,30.043497],[31.513634,30.043534],[31.513647,30.043575],[31.513646,30.043618],[31.513631,30.043659],[31.513604,30.043695],[31.512488,30.04456],[31.512392,30.044593],[31.51229,30.044608],[31.512186,30.044604],[31.512086,30.044582],[31.511993,30.044542],[31.511912,30.044487],[31.511858,30.044427],[31.511502,30.044031],[31.511247,30.043746],[31.510991,30.043461],[31.510966,30.04342],[31.510956,30.043374],[31.510959,30.043327],[31.510975,30.043283],[31.511005,30.043244],[31.511896,30.042568],[31.511993,30.04253],[31.512095,30.042507],[31.512201,30.042501],[31.512306,30.042512],[31.512407,30.042539],[31.512501,30.042581],[31.512584,30.042638],[31.512938,30.042922]]},"properties":{"kind":"road","class":"residential","weight":1.0,"name":null}},{"type":"Feature","geometry":{"type":"LineString","coordinates":[[31.513068,30.042924],[31.513084,30.042941],[31.513094,30.042961],[31.513098,30.042981],[31.513096,30.043001],[31.513088,30.043021],[31.513075,30.043038],[31.513055,30.043052],[31.513032,30.043062],[31.513007,30.043066],[31.512981,30.043064],[31.512957,30.043056],[31.512936,30.043043],[31.51292,30.043025],[31.51291,30.043004],[31.512907,30.042982],[31.512911,30.04296],[31.512922,30.042939],[31.512938,30.042922],[31.512963,30.042908],[31.512991,30.042901],[31.51302,30.042902],[31.513047,30.042911],[31.513068,30.042924]]},"properties":{"kind":"road","class":"residential","weight":1.0,"name":null}},{"type":"Feature","geometry":{"type":"LineString","coordinates":[[31.513047,30.042911],[31.513298,30.042717]]},"properties":{"kind":"road","class":"residential","weight":1.0,"name":null}},{"type":"Feature","geometry":{"type":"LineString","coordinates":[[31.513362,30.042762],[31.513094,30.042961]]},"properties":{"kind":"road","class":"residential","weight":1.0,"name":null}},{"type":"Feature","geometry":{"type":"LineString","coordinates":[[31.513261,30.042579],[31.513348,30.042508]]},"properties":{"kind":"road","class":"tertiary_link","weight":1.1,"name":null}},{"type":"Feature","geometry":{"type":"LineString","coordinates":[[31.513519,30.042646],[31.513434,30.042709]]},"properties":{"kind":"road","class":"residential","weight":1.0,"name":null}},{"type":"Feature","geometry":{"type":"LineString","coordinates":[[31.513089,30.045824],[31.513664,30.045438]]},"properties":{"kind":"road","class":"residential","weight":1.0,"name":null}},{"type":"Feature","geometry":{"type":"LineString","coordinates":[[31.518027,30.046473],[31.517227,30.045679],[31.517206,30.045652],[31.517195,30.04562],[31.517194,30.045587],[31.517204,30.045555]]},"properties":{"kind":"road","class":"residential","weight":1.0,"name":null}},{"type":"Feature","geometry":{"type":"LineString","coordinates":[[31.513355,30.046384],[31.513453,30.046344],[31.51353,30.04634],[31.513625,30.046357]]},"properties":{"kind":"road","class":"residential","weight":1.0,"name":null}},{"type":"Feature","geometry":{"type":"LineString","coordinates":[[31.518485,30.039862],[31.518398,30.039868],[31.5183,30.039891],[31.518218,30.039915],[31.518142,30.03995],[31.518074,30.039995],[31.518015,30.04005],[31.517967,30.040112],[31.517942,30.040178],[31.517935,30.040247],[31.517948,30.040315]]},"properties":{"kind":"road","class":"residential","weight":1.0,"name":null}},{"type":"Feature","geometry":{"type":"LineString","coordinates":[[31.518508,30.039718],[31.518334,30.039584]]},"properties":{"kind":"road","class":"residential","weight":1.0,"name":null}},{"type":"Feature","geometry":{"type":"LineString","coordinates":[[31.517691,30.040256],[31.517673,30.040171]]},"properties":{"kind":"road","class":"residential","weight":1.0,"name":null}},{"type":"Feature","geometry":{"type":"LineString","coordinates":[[31.5179,30.040056],[31.517967,30.040112]]},"properties":{"kind":"road","class":"residential","weight":1.0,"name":null}},{"type":"Feature","geometry":{"type":"LineString","coordinates":[[31.5183,30.039891],[31.518127,30.039751]]},"properties":{"kind":"road","class":"residential","weight":1.0,"name":null}},{"type":"Feature","geometry":{"type":"LineString","coordinates":[[31.514556,30.040224],[31.514468,30.040247],[31.514385,30.040281],[31.514281,30.040344],[31.514194,30.040424],[31.513708,30.040937],[31.513291,30.041377],[31.513224,30.041477],[31.513175,30.041584],[31.513144,30.041696],[31.513133,30.041811],[31.513141,30.041926],[31.513169,30.042039],[31.513215,30.042147],[31.513305,30.042252],[31.513407,30.042359],[31.513528,30.04245],[31.513666,30.042521],[31.513737,30.042545],[31.513798,30.042582],[31.513848,30.042632],[31.513882,30.04269],[31.51392,30.042761],[31.513987,30.042838],[31.514083,30.042915],[31.514188,30.042981],[31.514302,30.043037],[31.514424,30.043077],[31.514577,30.043108],[31.514734,30.043114],[31.51489,30.043097],[31.515041,30.043056],[31.51518,30.042993],[31.515305,30.04291]]},"properties":{"kind":"road","class":"residential","weight":1.0,"name":null}},{"type":"Feature","geometry":{"type":"LineString","coordinates":[[31.514968,30.040076],[31.514861,30.040216]]},"properties":{"kind":"road","class":"residential","weight":1.0,"name":null}},{"type":"Feature","geometry":{"type":"LineString","coordinates":[[31.514884,30.039837],[31.514781,30.039956],[31.514685,30.040071],[31.514556,30.040224]]},"properties":{"kind":"road","class":"residential","weight":1.0,"name":null}},{"type":"Feature","geometry":{"type":"LineString","coordinates":[[31.519578,30.043459],[31.51947,30.043505],[31.519352,30.043541],[31.519231,30.043564],[31.519059,30.043564],[31.518847,30.043516],[31.518733,30.043463],[31.518704,30.043449],[31.518568,30.043354],[31.518472,30.043263],[31.518406,30.043203],[31.518355,30.043156],[31.518194,30.043021],[31.518028,30.042902],[31.517841,30.042792],[31.517649,30.042701],[31.517421,30.042614],[31.51719,30.042536],[31.516956,30.042465],[31.516718,30.042403],[31.516478,30.042348],[31.516229,30.042301]]},"properties":{"kind":"road","class":"residential","weight":1.0,"name":null}},{"type":"Feature","geometry":{"type":"LineString","coordinates":[[31.516274,30.041032],[31.516198,30.041105],[31.516144,30.041191],[31.516086,30.041351],[31.516053,30.041477],[31.516015,30.041691],[31.516011,30.041824],[31.516016,30.041957],[31.516036,30.042029],[31.516109,30.042152],[31.516229,30.042301]]},"properties":{"kind":"road","class":"residential","weight":1.0,"name":null}},{"type":"Feature","geometry":{"type":"LineString","coordinates":[[31.516229,30.042301],[31.516055,30.042334],[31.515963,30.042359],[31.51591,30.042386],[31.51587,30.042415],[31.515798,30.042502],[31.51574,30.042589],[31.515694,30.042674],[31.515657,30.042764],[31.515653,30.042827],[31.515662,30.042883],[31.515673,30.042938],[31.515694,30.042984]]},"properties":{"kind":"road","class":"residential","weight":1.0,"name":null}},{"type":"Feature","geometry":{"type":"LineString","coordinates":[[31.515392,30.043007],[31.515597,30.043038]]},"properties":{"kind":"road","class":"residential","weight":1.0,"name":null}},{"type":"Feature","geometry":{"type":"LineString","coordinates":[[31.515694,30.042984],[31.515637,30.043006],[31.515597,30.043038],[31.515576,30.043067],[31.515561,30.043109]]},"properties":{"kind":"road","class":"residential","weight":1.0,"name":null}},{"type":"Feature","geometry":{"type":"LineString","coordinates":[[31.515411,30.043095],[31.515403,30.043041],[31.515392,30.043007],[31.515358,30.042955],[31.515305,30.04291]]},"properties":{"kind":"road","class":"residential","weight":1.0,"name":null}},{"type":"Feature","geometry":{"type":"LineString","coordinates":[[31.513798,30.042582],[31.513941,30.042495],[31.514082,30.042388],[31.514153,30.042327],[31.514193,30.042286],[31.514299,30.042165],[31.514757,30.041473]]},"properties":{"kind":"road","class":"residential","weight":1.0,"name":null}},{"type":"Feature","geometry":{"type":"LineString","coordinates":[[31.515514,30.042746],[31.515657,30.042764]]},"properties":{"kind":"road","class":"residential","weight":1.0,"name":null}},{"type":"Feature","geometry":{"type":"LineString","coordinates":[[31.5018,30.03011],[31.501776,30.030096],[31.501759,30.030075],[31.50175,30.030051],[31.50175,30.030026],[31.501759,30.030002],[31.501776,30.029982],[31.501799,30.029967],[31.501827,30.029959],[31.501856,30.029959],[31.501884,30.029966],[31.502379,30.030118],[31.502414,30.030129],[31.502451,30.030135],[31.502495,30.030137],[31.50254,30.030133],[31.502583,30.030124]]},"properties":{"kind":"road","class":"primary_link","weight":1.6,"name":null}},{"type":"Feature","geometry":{"type":"LineString","coordinates":[[31.502258,30.036941],[31.502248,30.036911],[31.502249,30.03688],[31.502262,30.036851],[31.502285,30.036827],[31.502316,30.036811],[31.502351,30.036804],[31.502387,30.036807],[31.502419,30.036821],[31.502445,30.036842]]},"properties":{"kind":"road","class":"tertiary_link","weight":1.1,"name":null}},{"type":"Feature","geometry":{"type":"LineString","coordinates":[[31.497139,30.028862],[31.496709,30.028971],[31.496585,30.029018],[31.496514,30.029051],[31.496466,30.029073],[31.496352,30.029135],[31.496243,30.029204],[31.496185,30.029243],[31.496141,30.02928],[31.496045,30.029363],[31.495956,30.029452],[31.495886,30.029533],[31.495858,30.029582],[31.495833,30.029634],[31.495816,30.029676],[31.495792,30.029742],[31.495776,30.029796],[31.495763,30.029852],[31.495745,30.03006],[31.495742,30.030123],[31.495741,30.030168],[31.495743,30.030255],[31.495766,30.030687],[31.49579,30.03354],[31.495789,30.035357],[31.49579,30.035629],[31.495792,30.036345],[31.495794,30.03646],[31.495796,30.036575],[31.495799,30.037237],[31.495806,30.039291],[31.495809,30.040021],[31.49581,30.040159],[31.495812,30.040468],[31.495813,30.040609],[31.49581,30.041168],[31.495812,30.041314],[31.495813,30.0415],[31.495811,30.042465],[31.495813,30.042958],[31.495815,30.043155],[31.495817,30.043251],[31.49582,30.043587],[31.495825,30.044068],[31.49584,30.04441],[31.495843,30.044442],[31.495873,30.044751],[31.495926,30.045091],[31.495998,30.045427],[31.496063,30.045735],[31.496156,30.046047],[31.496255,30.04634],[31.49675,30.047596],[31.497067,30.048336],[31.497314,30.04892],[31.49764,30.049691],[31.497729,30.049903],[31.497892,30.050292],[31.498627,30.05205],[31.49872,30.052287],[31.498852,30.052544],[31.498914,30.052647],[31.49905,30.05287]]},"properties":{"kind":"road","class":"primary","weight":2.4,"name":"\u0645\u062d\u0648\u0631 \u0627\u0644\u062a\u062d\u0631\u064a\u0631"}},{"type":"Feature","geometry":{"type":"LineString","coordinates":[[31.50558,30.036936],[31.505229,30.036951],[31.505157,30.036947],[31.505092,30.036922],[31.505066,30.036901],[31.50504,30.03688],[31.505007,30.036826],[31.504997,30.036765],[31.505042,30.036454]]},"properties":{"kind":"road","class":"residential","weight":1.0,"name":null}},{"type":"Feature","geometry":{"type":"LineString","coordinates":[[31.506032,30.037881],[31.506084,30.037805],[31.506127,30.037729],[31.506157,30.037648],[31.506172,30.037563],[31.506173,30.037478],[31.506158,30.037394],[31.506128,30.037312],[31.506085,30.037236]]},"properties":{"kind":"road","class":"residential","weight":1.0,"name":null}},{"type":"Feature","geometry":{"type":"LineString","coordinates":[[31.504225,30.038491],[31.504307,30.038535],[31.50439,30.038573],[31.504478,30.038602],[31.50457,30.038621],[31.504663,30.03863],[31.504757,30.03863],[31.504851,30.03862],[31.504942,30.0386]]},"properties":{"kind":"road","class":"residential","weight":1.0,"name":null}},{"type":"Feature","geometry":{"type":"LineString","coordinates":[[31.503705,30.037552],[31.503777,30.037533],[31.503853,30.037535],[31.503934,30.037561],[31.503983,30.0376],[31.504023,30.037656],[31.504041,30.037719],[31.504035,30.037785],[31.504004,30.037845],[31.503952,30.037894]]},"properties":{"kind":"road","class":"residential","weight":1.0,"name":null}},{"type":"Feature","geometry":{"type":"LineString","coordinates":[[31.503724,30.036327],[31.503745,30.036317],[31.503768,30.036316],[31.503792,30.036323],[31.50381,30.036336],[31.503821,30.036355],[31.503822,30.036376],[31.503815,30.036396],[31.503799,30.036411],[31.503777,30.03642],[31.503753,30.036422],[31.50373,30.036415],[31.503712,30.036401],[31.503702,30.036383],[31.5037,30.036361],[31.503708,30.036342],[31.503724,30.036327]]},"properties":{"kind":"road","class":"residential","weight":1.0,"name":null}},{"type":"Feature","geometry":{"type":"LineString","coordinates":[[31.503173,30.035934],[31.503203,30.035937],[31.503231,30.035945],[31.503257,30.035958],[31.503278,30.035977],[31.503294,30.035998],[31.503304,30.036023],[31.503307,30.036048],[31.503304,30.036074]]},"properties":{"kind":"road","class":"tertiary_link","weight":1.1,"name":null}},{"type":"Feature","geometry":{"type":"LineString","coordinates":[[31.506376,30.032432],[31.50641,30.032401],[31.506461,30.032383],[31.506515,30.03238],[31.506568,30.032392],[31.506614,30.032417],[31.506648,30.032454],[31.506667,30.032498],[31.506668,30.032546],[31.506652,30.03259]]},"properties":{"kind":"road","class":"tertiary_link","weight":1.1,"name":null}},{"type":"Feature","geometry":{"type":"LineString","coordinates":[[31.507878,30.038379],[31.507944,30.038322],[31.508028,30.038249]]},"properties":{"kind":"road","class":"residential","weight":1.0,"name":null}},{"type":"Feature","geometry":{"type":"LineString","coordinates":[[31.508108,30.038315],[31.508019,30.038395],[31.507964,30.038445]]},"properties":{"kind":"road","class":"residential","weight":1.0,"name":null}},{"type":"Feature","geometry":{"type":"LineString","coordinates":[[31.504557,30.039525],[31.504525,30.039527],[31.504495,30.039522],[31.504468,30.039509],[31.504447,30.039489],[31.504433,30.039465],[31.504429,30.039439],[31.504435,30.039413],[31.504449,30.039389],[31.504472,30.039372]]},"properties":{"kind":"road","class":"tertiary_link","weight":1.1,"name":null}},{"type":"Feature","geometry":{"type":"LineString","coordinates":[[31.506162,30.038481],[31.506077,30.038398]]},"properties":{"kind":"road","class":"residential","weight":1.0,"name":null}},{"type":"Feature","geometry":{"type":"LineString","coordinates":[[31.50886,30.038937],[31.508957,30.038861],[31.50902,30.038809]]},"properties":{"kind":"road","class":"residential","weight":1.0,"name":null}},{"type":"Feature","geometry":{"type":"LineString","coordinates":[[31.507434,30.037758],[31.507522,30.037682]]},"properties":{"kind":"road","class":"tertiary","weight":1.4,"name":null}},{"type":"Feature","geometry":{"type":"LineString","coordinates":[[31.506941,30.037369],[31.507031,30.037276]]},"properties":{"kind":"road","class":"tertiary","weight":1.4,"name":null}},{"type":"Feature","geometry":{"type":"LineString","coordinates":[[31.51464,30.038431],[31.514704,30.038476],[31.514782,30.038501],[31.514864,30.038502],[31.514943,30.038481]]},"properties":{"kind":"road","class":"residential","weight":1.0,"name":null}},{"type":"Feature","geometry":{"type":"LineString","coordinates":[[31.514712,30.038711],[31.514713,30.038638],[31.514701,30.038566],[31.514677,30.038497],[31.51464,30.038431]]},"properties":{"kind":"road","class":"residential","weight":1.0,"name":null}},{"type":"Feature","geometry":{"type":"LineString","coordinates":[[31.513382,30.039949],[31.51345,30.039959],[31.51352,30.039962],[31.513589,30.039956],[31.513656,30.039943]]},"properties":{"kind":"road","class":"residential","weight":1.0,"name":null}},{"type":"Feature","geometry":{"type":"LineString","coordinates":[[31.513538,30.040144],[31.513514,30.040088],[31.513479,30.040036],[31.513434,30.03999],[31.513382,30.039949]]},"properties":{"kind":"road","class":"residential","weight":1.0,"name":null}},{"type":"Feature","geometry":{"type":"LineString","coordinates":[[31.511375,30.040703],[31.511403,30.040689],[31.51144,30.040682]]},"properties":{"kind":"road","class":"residential","weight":1.0,"name":null}},{"type":"Feature","geometry":{"type":"LineString","coordinates":[[31.5115,30.040729],[31.511487,30.040756],[31.511471,30.040776]]},"properties":{"kind":"road","class":"residential","weight":1.0,"name":null}},{"type":"Feature","geometry":{"type":"LineString","coordinates":[[31.511515,30.040669],[31.511524,30.040684],[31.511525,30.0407],[31.511518,30.040716],[31.51151,30.040723],[31.5115,30.040729],[31.511483,30.040732],[31.511467,30.04073],[31.511452,30.040722],[31.511442,30.040711],[31.511438,30.040696],[31.51144,30.040682],[31.51145,30.040668],[31.511464,30.040659],[31.511482,30.040656],[31.5115,30.04066],[31.511515,30.040669]]},"properties":{"kind":"road","class":"residential","weight":1.0,"name":null}},{"type":"Feature","geometry":{"type":"LineString","coordinates":[[31.513657,30.036711],[31.513726,30.036597],[31.513764,30.036565],[31.513796,30.036551],[31.51383,30.036543],[31.513865,30.036541],[31.5139,30.036545],[31.513933,30.036556],[31.513963,30.036572],[31.513989,30.036593],[31.514035,30.036652]]},"properties":{"kind":"road","class":"residential","weight":1.0,"name":null}},{"type":"Feature","geometry":{"type":"LineString","coordinates":[[31.509583,30.033015],[31.510366,30.033418],[31.511214,30.03387],[31.511631,30.034102],[31.513571,30.035266]]},"properties":{"kind":"road","class":"tertiary","weight":1.4,"name":null}},{"type":"Feature","geometry":{"type":"LineString","coordinates":[[31.513571,30.035266],[31.514536,30.035846],[31.515115,30.036222],[31.515883,30.036727],[31.516574,30.037228],[31.517318,30.037775],[31.518102,30.038333],[31.519236,30.039217],[31.519558,30.03947],[31.520857,30.040508],[31.520924,30.040568],[31.521473,30.041033],[31.521585,30.041111],[31.521693,30.041169],[31.521805,30.041221],[31.521899,30.041258],[31.52192,30.041266],[31.522039,30.041305],[31.522062,30.041313],[31.52216,30.041338],[31.522284,30.041363],[31.522409,30.041382],[31.522535,30.041394],[31.522662,30.0414],[31.522788,30.041398],[31.522915,30.041389],[31.523041,30.041374],[31.523165,30.041351],[31.523287,30.041322],[31.523407,30.041286],[31.523528,30.041247],[31.523642,30.041205],[31.523754,30.04116],[31.523836,30.04112],[31.523915,30.041076],[31.524075,30.040982],[31.524217,30.040879],[31.52437,30.040714]]},"properties":{"kind":"road","class":"tertiary","weight":1.4,"name":"\u0634\u0627\u0631\u0639 \u0627\u0644\u062a\u0633\u0639\u064a\u0646 \u0627\u0644\u0634\u0645\u0627\u0644\u0649 \u0627\u0644\u062c\u0627\u0646\u0628\u0649"}},{"type":"Feature","geometry":{"type":"LineString","coordinates":[[31.511169,30.019361],[31.511145,30.019409],[31.511127,30.019457],[31.511116,30.019505],[31.511111,30.019554],[31.511113,30.01962],[31.511126,30.019684],[31.511149,30.019746],[31.511182,30.019805],[31.511963,30.020731],[31.512186,30.021042],[31.512376,30.021293],[31.512678,30.021778],[31.513021,30.022359],[31.513098,30.022501],[31.513142,30.022582],[31.513187,30.022674]]},"properties":{"kind":"road","class":"tertiary","weight":1.4,"name":null}},{"type":"Feature","geometry":{"type":"LineString","coordinates":[[31.513092,30.022755],[31.513039,30.022656],[31.512996,30.022577],[31.512821,30.022218],[31.512642,30.021912],[31.512412,30.021579],[31.512093,30.021087],[31.511871,30.020797],[31.511108,30.019871],[31.51105,30.019831],[31.510988,30.019796],[31.510923,30.019767],[31.510853,30.019743],[31.51078,30.019725],[31.51073,30.019718],[31.510655,30.019714],[31.51058,30.019715]]},"properties":{"kind":"road","class":"tertiary","weight":1.4,"name":null}},{"type":"Feature","geometry":{"type":"LineString","coordinates":[[31.515115,30.036222],[31.515206,30.036235],[31.515297,30.036233],[31.515387,30.036213],[31.515468,30.036165],[31.515525,30.036125],[31.515569,30.036064],[31.515601,30.035998],[31.515621,30.035929],[31.515628,30.035857],[31.515622,30.035785],[31.515508,30.035335],[31.515366,30.034776],[31.514992,30.033838],[31.514715,30.03327],[31.514452,30.032874],[31.51419,30.032493],[31.51405,30.032306],[31.513899,30.032122],[31.513744,30.031931],[31.513423,30.031584],[31.512922,30.031113],[31.51226,30.030586],[31.512176,30.03052],[31.512088,30.030456],[31.511999,30.030396],[31.511906,30.030338],[31.511116,30.029874],[31.510563,30.029604],[31.509882,30.02933],[31.509681,30.029248],[31.509437,30.029149],[31.508404,30.02875],[31.508042,30.028625],[31.507687,30.028506],[31.50733,30.028391],[31.506972,30.028282],[31.506613,30.028177],[31.50626,30.02808],[31.505906,30.027987],[31.505371,30.027861],[31.505272,30.027841],[31.50517,30.027837],[31.505068,30.027848],[31.504971,30.027875],[31.50488,30.027917]]},"properties":{"kind":"road","class":"tertiary","weight":1.4,"name":null}},{"type":"Feature","geometry":{"type":"LineString","coordinates":[[31.505041,30.027393],[31.505066,30.02748],[31.505111,30.027561],[31.505174,30.027633],[31.505251,30.027692],[31.505341,30.027737],[31.50544,30.027767],[31.507127,30.028184],[31.507512,30.028293],[31.507889,30.028416],[31.509183,30.028909],[31.509259,30.028934],[31.509338,30.028954],[31.509418,30.028967],[31.509499,30.028973],[31.509578,30.028977],[31.509664,30.028999],[31.509747,30.029028],[31.509827,30.029064],[31.509902,30.029107],[31.509973,30.029156],[31.510629,30.029494],[31.511163,30.029767],[31.511484,30.029931],[31.511834,30.030151],[31.512287,30.030449],[31.51309,30.031105],[31.513677,30.031656],[31.513874,30.031876],[31.514206,30.032294],[31.514505,30.03272],[31.51467,30.032975],[31.514827,30.033218],[31.515157,30.033868],[31.515481,30.034742],[31.515601,30.035117],[31.515678,30.0354],[31.515735,30.035759],[31.515781,30.036101],[31.515785,30.036291],[31.515799,30.036427],[31.515818,30.036531],[31.515883,30.036727]]},"properties":{"kind":"road","class":"tertiary","weight":1.4,"name":null}},{"type":"Feature","geometry":{"type":"LineString","coordinates":[[31.502181,30.029979],[31.502258,30.02998],[31.502335,30.029971],[31.502409,30.029955],[31.502481,30.029931],[31.502549,30.029899],[31.502611,30.02986],[31.502668,30.029814],[31.502731,30.029728],[31.503829,30.027898],[31.503889,30.027727],[31.503937,30.027554],[31.503972,30.027378],[31.503995,30.027201],[31.504005,30.027023],[31.504002,30.026844],[31.503987,30.026666],[31.503846,30.025786],[31.50378,30.025388],[31.503649,30.024964],[31.503521,30.024628],[31.503492,30.024559],[31.503434,30.024428],[31.503358,30.024314],[31.503287,30.024222],[31.503218,30.024156],[31.50313,30.024079],[31.503034,30.024006],[31.502953,30.023959],[31.502867,30.023922],[31.5028,30.023902],[31.502734,30.023885],[31.502656,30.023872],[31.502578,30.023867],[31.502499,30.023867],[31.502236,30.02388]]},"properties":{"kind":"road","class":"tertiary","weight":1.4,"name":null}},{"type":"Feature","geometry":{"type":"LineString","coordinates":[[31.502867,30.023922],[31.502873,30.023875],[31.502887,30.02384],[31.502911,30.023808],[31.502939,30.023784],[31.502973,30.023765],[31.503161,30.023703],[31.503202,30.023697],[31.503243,30.023696],[31.503283,30.023701],[31.503325,30.023712],[31.503369,30.023732],[31.503449,30.023772]]},"properties":{"kind":"road","class":"tertiary_link","weight":1.1,"name":null}},{"type":"Feature","geometry":{"type":"LineString","coordinates":[[31.51512,30.020117],[31.515112,30.020181],[31.515122,30.020278],[31.515134,30.020346],[31.515152,30.020419],[31.515175,30.020485],[31.515217,30.020554],[31.515268,30.020622],[31.515403,30.020769],[31.515859,30.021219],[31.516365,30.021713],[31.516642,30.022015],[31.516784,30.022172],[31.516967,30.022383],[31.517305,30.022772],[31.517548,30.023062],[31.517724,30.023266],[31.517805,30.023383],[31.517878,30.02351],[31.51794,30.023653],[31.517964,30.023747],[31.517972,30.023831],[31.517985,30.023952],[31.517998,30.02404],[31.518034,30.02417],[31.518352,30.025049],[31.518487,30.025594],[31.518536,30.025851],[31.518582,30.026157],[31.518609,30.02642],[31.518615,30.026731],[31.518615,30.027242],[31.518603,30.0275],[31.51856,30.027781],[31.518488,30.028301],[31.51835,30.028861],[31.518156,30.02953],[31.518126,30.029639],[31.518104,30.029749],[31.51809,30.02986],[31.518064,30.030004]]},"properties":{"kind":"road","class":"tertiary","weight":1.4,"name":null}},{"type":"Feature","geometry":{"type":"LineString","coordinates":[[31.514827,30.033218],[31.515103,30.033058],[31.515418,30.032851],[31.515695,30.032626],[31.515884,30.032446],[31.51607,30.032264],[31.516632,30.031692],[31.516803,30.031467],[31.517305,30.030721],[31.517468,30.030489],[31.517552,30.030326],[31.517708,30.029991],[31.517763,30.0299],[31.517888,30.029524],[31.518178,30.028652],[31.51821,30.028494],[31.518297,30.028066],[31.518326,30.027766],[31.518377,30.027362],[31.518396,30.026747],[31.518379,30.026411],[31.518356,30.025974],[31.518286,30.02568],[31.518199,30.025355],[31.51815,30.025207],[31.517787,30.02411],[31.517652,30.023833],[31.517471,30.023445],[31.517317,30.023199],[31.517162,30.022951],[31.516653,30.022321],[31.516427,30.022053],[31.515612,30.021289],[31.515248,30.020962],[31.515164,30.020885],[31.515113,30.020822],[31.515081,30.020773],[31.515047,30.020721],[31.515008,30.020668],[31.51496,30.020589],[31.514939,30.020532],[31.514928,30.020484],[31.514921,30.020432],[31.514913,30.020357],[31.514909,30.020303],[31.514919,30.020145],[31.514959,30.019984],[31.515041,30.019775],[31.515077,30.019677],[31.515154,30.019464],[31.515273,30.019097],[31.515359,30.018769],[31.515448,30.018372],[31.515496,30.018055],[31.515548,30.017684],[31.515617,30.017096],[31.515614,30.017044],[31.5156,30.016966],[31.515583,30.016924],[31.515561,30.016876],[31.515465,30.016817],[31.515389,30.0168]]},"properties":{"kind":"road","class":"tertiary","weight":1.4,"name":null}},{"type":"Feature","geometry":{"type":"LineString","coordinates":[[31.519536,30.037024],[31.519757,30.03709],[31.519984,30.037141],[31.520214,30.037176],[31.520447,30.037196],[31.520681,30.037199],[31.52079,30.037196],[31.521005,30.037178]]},"properties":{"kind":"road","class":"residential","weight":1.0,"name":null}},{"type":"Feature","geometry":{"type":"LineString","coordinates":[[31.519475,30.037424],[31.519503,30.037356],[31.519524,30.037286],[31.519536,30.037214],[31.519538,30.037142]]},"properties":{"kind":"road","class":"residential","weight":1.0,"name":null}},{"type":"Feature","geometry":{"type":"LineString","coordinates":[[31.519799,30.037341],[31.519713,30.037344],[31.519629,30.037359],[31.519548,30.037386],[31.519475,30.037424]]},"properties":{"kind":"road","class":"residential","weight":1.0,"name":null}},{"type":"Feature","geometry":{"type":"LineString","coordinates":[[31.519456,30.035947],[31.519386,30.035968],[31.519321,30.035996],[31.51926,30.036033],[31.519207,30.036076],[31.519161,30.036126],[31.519124,30.03618],[31.519096,30.036247],[31.519078,30.036316],[31.519069,30.036386],[31.519071,30.036457],[31.519082,30.036527],[31.519103,30.036594],[31.519132,30.036658],[31.51917,30.036718],[31.519216,30.036775],[31.51927,30.036826],[31.519536,30.037024],[31.520339,30.037627],[31.52047,30.037728],[31.521171,30.038264],[31.521575,30.038615],[31.521684,30.03869],[31.521795,30.038766],[31.521882,30.038812],[31.521974,30.03885],[31.522069,30.038882],[31.522167,30.038906],[31.522259,30.038922],[31.522352,30.038932],[31.522446,30.038935],[31.52254,30.038932],[31.522633,30.038923],[31.522711,30.03891],[31.522786,30.038892],[31.522861,30.038869],[31.522932,30.038841],[31.523007,30.038805],[31.523079,30.038764],[31.523145,30.038717],[31.523207,30.038666],[31.523292,30.038586],[31.523368,30.038501],[31.523437,30.038411],[31.523492,30.038316],[31.523657,30.038037],[31.523728,30.037907],[31.523912,30.037517],[31.523948,30.037449],[31.523977,30.037395],[31.524335,30.036741],[31.524406,30.036611],[31.524611,30.03622],[31.524638,30.036132],[31.524639,30.036044],[31.524616,30.03596],[31.52457,30.035882],[31.524506,30.035818],[31.524453,30.035783],[31.524387,30.035738],[31.523897,30.035464],[31.523431,30.035199],[31.523252,30.035097],[31.523171,30.035058],[31.523092,30.035038],[31.522975,30.035023],[31.522875,30.035018],[31.522798,30.035023],[31.522643,30.035034]]},"properties":{"kind":"road","class":"residential","weight":1.0,"name":null}},{"type":"Feature","geometry":{"type":"LineString","coordinates":[[31.516578,30.033296],[31.516124,30.033586],[31.516076,30.033643],[31.516041,30.033707],[31.51602,30.033774],[31.516013,30.033845],[31.516022,30.033915],[31.516267,30.034351],[31.516547,30.034864],[31.516584,30.034961],[31.516616,30.035059],[31.516642,30.035159],[31.516664,30.035259],[31.516681,30.035361],[31.516692,30.035463],[31.516698,30.035565],[31.516699,30.035667],[31.516695,30.035769],[31.516663,30.036019],[31.516661,30.036087],[31.516671,30.036154],[31.516693,30.036219],[31.516726,30.036281],[31.516771,30.036337],[31.516825,30.036386],[31.516887,30.036427],[31.516956,30.036459],[31.51704,30.036488]]},"properties":{"kind":"road","class":"residential","weight":1.0,"name":null}},{"type":"Feature","geometry":{"type":"LineString","coordinates":[[31.519499,30.032116],[31.519444,30.032157],[31.519396,30.032204],[31.51936,30.032251],[31.519341,30.03228],[31.519293,30.032394],[31.519255,30.03251],[31.519227,30.032629],[31.519214,30.032714],[31.519206,30.0328],[31.519203,30.032886],[31.519214,30.032996],[31.519233,30.033105],[31.519261,30.033213],[31.519296,30.033319],[31.519371,30.033528],[31.519472,30.03382],[31.519575,30.034148],[31.519627,30.034364],[31.519657,30.034486],[31.519675,30.034696],[31.519684,30.034788],[31.519683,30.03488],[31.519674,30.034972],[31.519656,30.035063],[31.519623,30.035162],[31.519586,30.035262],[31.51955,30.035378],[31.519541,30.035439],[31.519537,30.0355],[31.51954,30.035561],[31.519564,30.035681],[31.519607,30.035792]]},"properties":{"kind":"road","class":"residential","weight":1.0,"name":null}},{"type":"Feature","geometry":{"type":"LineString","coordinates":[[31.517509,30.036192],[31.517555,30.035567],[31.517551,30.035444],[31.517546,30.035318],[31.517533,30.035192],[31.517513,30.035068],[31.517487,30.034945],[31.517454,30.034823],[31.517414,30.034703],[31.517367,30.034586],[31.517315,30.034471],[31.517256,30.03436],[31.517012,30.033977],[31.516578,30.033296],[31.516307,30.032871],[31.516269,30.032831],[31.516225,30.032796],[31.51617,30.032765],[31.516109,30.032742],[31.516045,30.032728],[31.515979,30.032723],[31.515838,30.032719]]},"properties":{"kind":"road","class":"residential","weight":1.0,"name":null}},{"type":"Feature","geometry":{"type":"LineString","coordinates":[[31.519309,30.035416],[31.519364,30.035377],[31.519412,30.035329],[31.519455,30.035263],[31.519497,30.035145],[31.519527,30.035025],[31.519546,30.034904],[31.519552,30.034781],[31.519547,30.034658],[31.519534,30.034541],[31.519495,30.034343],[31.519449,30.034171],[31.519404,30.034018],[31.519348,30.033857],[31.519246,30.033596],[31.519157,30.033361],[31.519126,30.033274],[31.5191,30.033185],[31.519081,30.033095],[31.519065,30.032977],[31.519059,30.032858],[31.519065,30.032739],[31.519081,30.032621],[31.519105,30.032496],[31.519223,30.032192],[31.519293,30.032014]]},"properties":{"kind":"road","class":"residential","weight":1.0,"name":null}},{"type":"Feature","geometry":{"type":"LineString","coordinates":[[31.519675,30.034696],[31.519738,30.034751],[31.519811,30.034795],[31.519892,30.034828],[31.519978,30.034848],[31.520066,30.034856],[31.520155,30.034851],[31.520242,30.034833],[31.520324,30.034803],[31.520399,30.034761],[31.520465,30.034709]]},"properties":{"kind":"road","class":"residential","weight":1.0,"name":null}},{"type":"Feature","geometry":{"type":"LineString","coordinates":[[31.519534,30.034541],[31.519473,30.034498],[31.519409,30.034458],[31.51934,30.034424],[31.519269,30.034394],[31.519195,30.034369],[31.519119,30.03435],[31.519041,30.034336]]},"properties":{"kind":"road","class":"residential","weight":1.0,"name":null}},{"type":"Feature","geometry":{"type":"LineString","coordinates":[[31.520184,30.031058],[31.520104,30.031089],[31.520036,30.031112],[31.519975,30.031148],[31.519924,30.031194],[31.519886,30.031248],[31.519693,30.031621],[31.519677,30.031664],[31.519667,30.031708],[31.519664,30.031753],[31.519666,30.031798],[31.519671,30.031825]]},"properties":{"kind":"road","class":"residential","weight":1.0,"name":null}},{"type":"Feature","geometry":{"type":"LineString","coordinates":[[31.519041,30.034336],[31.519108,30.034305],[31.519171,30.034269],[31.519229,30.034228],[31.519282,30.034181],[31.519329,30.03413],[31.51937,30.034076],[31.519404,30.034018]]},"properties":{"kind":"road","class":"residential","weight":1.0,"name":null}},{"type":"Feature","geometry":{"type":"LineString","coordinates":[[31.516856,30.031665],[31.5168,30.031795],[31.516751,30.031928],[31.516708,30.032062],[31.516672,30.032197],[31.516642,30.032334],[31.516619,30.032471],[31.516602,30.03261],[31.516592,30.032748],[31.516589,30.032887],[31.516592,30.033026]]},"properties":{"kind":"road","class":"residential","weight":1.0,"name":null}},{"type":"Feature","geometry":{"type":"LineString","coordinates":[[31.518037,30.035436],[31.518026,30.035499],[31.517995,30.035557],[31.517947,30.035605],[31.517885,30.03564],[31.517815,30.035659],[31.517741,30.035661],[31.51767,30.035645],[31.517606,30.035613],[31.517555,30.035567]]},"properties":{"kind":"road","class":"residential","weight":1.0,"name":null}},{"type":"Feature","geometry":{"type":"LineString","coordinates":[[31.516225,30.032796],[31.516208,30.032764],[31.516205,30.032728],[31.516217,30.032694],[31.516241,30.032664],[31.516275,30.032644],[31.516315,30.032635],[31.516357,30.032639],[31.516394,30.032654]]},"properties":{"kind":"road","class":"residential","weight":1.0,"name":null}},{"type":"Feature","geometry":{"type":"LineString","coordinates":[[31.519298,30.031833],[31.518573,30.031505],[31.518523,30.031495],[31.518471,30.031491],[31.51842,30.031493],[31.518369,30.031502],[31.51832,30.031516],[31.518273,30.031537],[31.518228,30.031563],[31.518122,30.031662],[31.518027,30.031769],[31.517944,30.031883],[31.517894,30.031967],[31.517828,30.032102],[31.517779,30.032237],[31.517747,30.032332],[31.517729,30.03241],[31.517718,30.032489],[31.517713,30.032569],[31.517715,30.032654],[31.517723,30.03274],[31.517738,30.032824],[31.51776,30.032907],[31.517788,30.032988],[31.517822,30.033067],[31.518089,30.033489],[31.518136,30.033563],[31.518397,30.034017],[31.518444,30.03407],[31.518496,30.034119],[31.518552,30.034163],[31.518612,30.034202],[31.518676,30.034236],[31.518742,30.034266],[31.51881,30.03429],[31.51888,30.034309],[31.518951,30.034323],[31.519041,30.034336]]},"properties":{"kind":"road","class":"residential","weight":1.0,"name":null}},{"type":"Feature","geometry":{"type":"LineString","coordinates":[[31.520499,30.034674],[31.520533,30.034641],[31.520545,30.034584],[31.520551,30.034525],[31.520549,30.034466],[31.52054,30.034408],[31.520525,30.03435],[31.520503,30.034295],[31.520404,30.034078],[31.520333,30.033914],[31.520182,30.033592],[31.520117,30.033433],[31.520046,30.033168],[31.519925,30.032501],[31.519858,30.032298],[31.519821,30.03224],[31.519771,30.03219],[31.51971,30.03215],[31.519642,30.032121],[31.519568,30.032104]]},"properties":{"kind":"road","class":"residential","weight":1.0,"name":null}},{"type":"Feature","geometry":{"type":"LineString","coordinates":[[31.517553,30.036742],[31.517436,30.03677],[31.517391,30.03677],[31.517346,30.036762],[31.517312,30.03675],[31.517258,30.036707],[31.517229,30.03667],[31.517182,30.036606],[31.517156,30.036579],[31.517125,30.036548],[31.51704,30.036488]]},"properties":{"kind":"road","class":"residential","weight":1.0,"name":null}},{"type":"Feature","geometry":{"type":"LineString","coordinates":[[31.516375,30.032265],[31.51636,30.03232],[31.51635,30.032376],[31.516347,30.032433],[31.51635,30.032489],[31.516359,30.032545],[31.516374,30.0326],[31.516394,30.032654],[31.516592,30.033026],[31.517142,30.033918],[31.517187,30.033991],[31.517745,30.034896],[31.518037,30.035436],[31.518079,30.035493],[31.518131,30.035544],[31.518193,30.035586],[31.518262,30.035619],[31.518336,30.03564]]},"properties":{"kind":"road","class":"residential","weight":1.0,"name":null}},{"type":"Feature","geometry":{"type":"LineString","coordinates":[[31.519413,30.031749],[31.519471,30.031709],[31.519508,30.031674],[31.51954,30.031634],[31.519565,30.031592],[31.519749,30.031206],[31.519759,30.031142],[31.519757,30.031077],[31.519744,30.031013],[31.51972,30.030952],[31.519693,30.03085]]},"properties":{"kind":"road","class":"residential","weight":1.0,"name":null}},{"type":"Feature","geometry":{"type":"LineString","coordinates":[[31.51704,30.036488],[31.517152,30.036497],[31.51725,30.036506],[31.517318,30.036512],[31.51741,30.036522],[31.517471,30.03654],[31.517532,30.036563],[31.517572,30.03659],[31.517607,30.03663]]},"properties":{"kind":"road","class":"residential","weight":1.0,"name":null}},{"type":"Feature","geometry":{"type":"LineString","coordinates":[[31.519706,30.031919],[31.51979,30.031976],[31.519839,30.032009],[31.519884,30.032045],[31.519925,30.032085],[31.519962,30.032128],[31.519995,30.032173],[31.520023,30.03222],[31.520046,30.03227],[31.520064,30.03232],[31.520077,30.032373],[31.520218,30.033227],[31.520272,30.033385],[31.520329,30.033537],[31.520396,30.033695],[31.520466,30.033846],[31.520541,30.033995],[31.520675,30.03423],[31.52072,30.03432],[31.520771,30.034408],[31.520829,30.034492],[31.520894,30.034572],[31.520948,30.034623]]},"properties":{"kind":"road","class":"residential","weight":1.0,"name":null}},{"type":"Feature","geometry":{"type":"LineString","coordinates":[[31.520457,30.035059],[31.520391,30.035023],[31.520321,30.034994],[31.520247,30.034973],[31.52017,30.034961],[31.520093,30.034957],[31.520015,30.034962],[31.519939,30.034976],[31.519866,30.034998],[31.519796,30.035028],[31.519732,30.035066],[31.519674,30.035111],[31.519623,30.035162]]},"properties":{"kind":"road","class":"residential","weight":1.0,"name":null}},{"type":"Feature","geometry":{"type":"LineString","coordinates":[[31.519499,30.032116],[31.519463,30.032115],[31.519428,30.03211],[31.519395,30.032099],[31.519364,30.032084],[31.519337,30.032065],[31.519313,30.032041],[31.519293,30.032014],[31.519279,30.031985],[31.519271,30.031955],[31.519269,30.031923],[31.519272,30.031892],[31.519282,30.031861],[31.519298,30.031833],[31.51932,30.031806],[31.519347,30.031782],[31.519379,30.031763],[31.519413,30.031749],[31.519449,30.031741],[31.519485,30.031738],[31.519522,30.03174],[31.519558,30.031748],[31.519591,30.031761],[31.519622,30.031778],[31.519649,30.0318],[31.519671,30.031825],[31.519689,30.031855],[31.519701,30.031886],[31.519706,30.031919],[31.519704,30.031953],[31.519695,30.031985],[31.51968,30.032016],[31.519659,30.032044],[31.519633,30.032068],[31.519602,30.032088],[31.519568,30.032104],[31.519534,30.032112],[31.519499,30.032116]]},"properties":{"kind":"road","class":"residential","weight":1.0,"name":null}},{"type":"Feature","geometry":{"type":"LineString","coordinates":[[31.517745,30.034896],[31.517816,30.034962],[31.5179,30.035021],[31.517988,30.035076],[31.518079,30.035126],[31.518175,30.035171],[31.518273,30.03521],[31.518374,30.035244],[31.518477,30.035273],[31.518582,30.035296],[31.518688,30.035313],[31.518796,30.035325],[31.518904,30.035331],[31.519012,30.03533],[31.51912,30.035324],[31.519227,30.035312],[31.519334,30.035295],[31.519455,30.035263]]},"properties":{"kind":"road","class":"residential","weight":1.0,"name":null}},{"type":"Feature","geometry":{"type":"LineString","coordinates":[[31.517471,30.023445],[31.517468,30.023399],[31.517477,30.023347],[31.517506,30.023303],[31.517555,30.023272],[31.517614,30.023256],[31.517676,30.023259],[31.517724,30.023266],[31.517924,30.023314],[31.518097,30.023351],[31.518275,30.023373],[31.518454,30.023372],[31.518632,30.023349],[31.518804,30.023305],[31.51951,30.023052],[31.519557,30.023029],[31.519599,30.023001],[31.519638,30.022969],[31.519671,30.022932],[31.519699,30.022903],[31.519731,30.022876],[31.519766,30.022854],[31.519816,30.022832],[31.519869,30.022817],[31.519925,30.02281],[31.519988,30.022811],[31.520051,30.022807],[31.520114,30.022799],[31.520175,30.022785],[31.520235,30.022766],[31.520469,30.022678],[31.520689,30.022582],[31.520827,30.022516],[31.520929,30.022447],[31.521008,30.022389],[31.521084,30.022324]]},"properties":{"kind":"road","class":"tertiary","weight":1.4,"name":null}},{"type":"Feature","geometry":{"type":"LineString","coordinates":[[31.517763,30.0299],[31.517863,30.029917],[31.517924,30.029933],[31.518007,30.029971],[31.518064,30.030004],[31.518155,30.03007],[31.518273,30.03014],[31.518409,30.030213],[31.518936,30.03043],[31.520753,30.031131],[31.520937,30.031187],[31.521035,30.031202],[31.521116,30.03121],[31.521205,30.031213],[31.521314,30.031217]]},"properties":{"kind":"road","class":"tertiary","weight":1.4,"name":null}},{"type":"Feature","geometry":{"type":"LineString","coordinates":[[31.52109,30.031615],[31.520991,30.031488],[31.520922,30.031423],[31.520842,30.031358],[31.520673,30.03125],[31.520486,30.031165],[31.5203,30.0311],[31.520184,30.031058],[31.519693,30.03085],[31.51888,30.030554],[31.518477,30.030474],[31.518264,30.030481],[31.518103,30.030504],[31.517953,30.030561],[31.517814,30.03064],[31.517756,30.030652],[31.517711,30.030661],[31.517631,30.030664],[31.517562,30.030651],[31.517524,30.03063],[31.517494,30.030601],[31.517474,30.030566],[31.517465,30.030528],[31.517468,30.030489]]},"properties":{"kind":"road","class":"tertiary","weight":1.4,"name":null}},{"type":"Feature","geometry":{"type":"LineString","coordinates":[[31.52119,30.02262],[31.521074,30.022618],[31.52099,30.022624],[31.520907,30.022639],[31.520826,30.022661],[31.520065,30.022963],[31.519709,30.023098],[31.518531,30.023544],[31.518352,30.023614],[31.518191,30.023691],[31.518075,30.023758],[31.517972,30.023831],[31.517912,30.023859],[31.517846,30.023873],[31.517778,30.023873],[31.517712,30.02386],[31.517652,30.023833]]},"properties":{"kind":"road","class":"tertiary","weight":1.4,"name":null}},{"type":"Feature","geometry":{"type":"LineString","coordinates":[[31.520962,30.019123],[31.520846,30.019223],[31.520749,30.019328],[31.520702,30.019393],[31.520669,30.019439],[31.520599,30.019561],[31.520348,30.020028],[31.520263,30.020266],[31.52018,30.020548],[31.520114,30.020842],[31.51998,30.021559],[31.51992,30.021671],[31.519842,30.021775],[31.519749,30.021869],[31.519642,30.02195],[31.519523,30.022018]]},"properties":{"kind":"road","class":"residential","weight":1.0,"name":null}},{"type":"Feature","geometry":{"type":"LineString","coordinates":[[31.518946,30.022168],[31.519002,30.022122],[31.519051,30.02207],[31.51909,30.022013],[31.519124,30.021952]]},"properties":{"kind":"road","class":"residential","weight":1.0,"name":null}},{"type":"Feature","geometry":{"type":"LineString","coordinates":[[31.519241,30.022129],[31.519167,30.022134],[31.519093,30.022142],[31.519021,30.022155],[31.518946,30.022168]]},"properties":{"kind":"road","class":"residential","weight":1.0,"name":null}},{"type":"Feature","geometry":{"type":"LineString","coordinates":[[31.519227,30.021812],[31.519272,30.021796],[31.519321,30.021789],[31.51937,30.021793],[31.519417,30.021805],[31.519459,30.021829],[31.519493,30.02186],[31.519518,30.021897],[31.519533,30.021938],[31.519535,30.021981],[31.519523,30.022018],[31.519505,30.022062],[31.519474,30.022095],[31.519433,30.022122],[31.519386,30.022139],[31.519336,30.022146],[31.519287,30.022143],[31.519241,30.022129],[31.519198,30.022106],[31.519164,30.022074],[31.519139,30.022037],[31.519125,30.021995],[31.519124,30.021952],[31.519134,30.021909],[31.519157,30.021869],[31.519188,30.021837],[31.519227,30.021812]]},"properties":{"kind":"road","class":"residential","weight":1.0,"name":null}},{"type":"Feature","geometry":{"type":"LineString","coordinates":[[31.519474,30.022095],[31.519833,30.022691],[31.519862,30.022719],[31.519893,30.022736],[31.519923,30.02275],[31.519954,30.022759],[31.520005,30.022774],[31.520033,30.022789],[31.520051,30.022807],[31.520063,30.022831],[31.520073,30.022859],[31.520077,30.0229],[31.520072,30.022932],[31.520065,30.022963]]},"properties":{"kind":"road","class":"residential","weight":1.0,"name":null}},{"type":"Feature","geometry":{"type":"LineString","coordinates":[[31.516267,30.02038],[31.516338,30.020399],[31.516412,30.020407],[31.516486,30.020404],[31.516559,30.02039]]},"properties":{"kind":"road","class":"residential","weight":1.0,"name":null}},{"type":"Feature","geometry":{"type":"LineString","coordinates":[[31.516421,30.02065],[31.516403,30.020575],[31.516371,30.020504],[31.516325,30.020438],[31.516267,30.02038]]},"properties":{"kind":"road","class":"residential","weight":1.0,"name":null}},{"type":"Feature","geometry":{"type":"LineString","coordinates":[[31.516028,30.052802],[31.516028,30.052732],[31.51602,30.052684],[31.516005,30.052637],[31.515969,30.052571],[31.51574,30.052218],[31.515599,30.052],[31.514621,30.050489],[31.514404,30.050153],[31.514368,30.050102],[31.514325,30.050054],[31.514276,30.050011],[31.514221,30.049973],[31.514161,30.04994],[31.514097,30.049913],[31.51403,30.049893]]},"properties":{"kind":"road","class":"residential","weight":1.0,"name":null}},{"type":"Feature","geometry":{"type":"LineString","coordinates":[[31.514003,30.049907],[31.514004,30.049924],[31.513993,30.049963],[31.513975,30.049999],[31.513949,30.050032],[31.513916,30.05006],[31.513878,30.050082],[31.513683,30.050181],[31.513617,30.050215],[31.513119,30.050468],[31.512708,30.050648],[31.5126,30.050693],[31.512555,30.050709],[31.512514,30.050732],[31.512478,30.050761],[31.512449,30.050796],[31.512428,30.050834],[31.512415,30.050875],[31.512407,30.050946],[31.512391,30.051015],[31.512367,30.051083],[31.512346,30.051138],[31.512335,30.051195],[31.512335,30.051253],[31.512344,30.05131],[31.512363,30.051366],[31.512392,30.051418],[31.512729,30.052031],[31.512832,30.052219],[31.512857,30.052265],[31.513499,30.053434],[31.513537,30.053482],[31.513584,30.053524],[31.513638,30.053558],[31.513698,30.053584],[31.513763,30.0536],[31.513829,30.053607],[31.513897,30.053604],[31.513962,30.053591],[31.514025,30.053569],[31.514427,30.053387],[31.515215,30.053029],[31.515252,30.053017],[31.515291,30.053011],[31.515331,30.053013],[31.515369,30.053021],[31.515405,30.053035],[31.51547,30.053075]]},"properties":{"kind":"road","class":"residential","weight":1.0,"name":null}},{"type":"Feature","geometry":{"type":"LineString","coordinates":[[31.478343,30.028915],[31.478289,30.028994],[31.478237,30.029039],[31.478187,30.029084]]},"properties":{"kind":"road","class":"residential","weight":1.0,"name":null}},{"type":"Feature","geometry":{"type":"LineString","coordinates":[[31.477744,30.029078],[31.477721,30.029039],[31.47768,30.028994],[31.477635,30.028917]]},"properties":{"kind":"road","class":"residential","weight":1.0,"name":null}},{"type":"Feature","geometry":{"type":"LineString","coordinates":[[31.477442,30.025515],[31.477445,30.025701]]},"properties":{"kind":"road","class":"primary_link","weight":1.6,"name":null}},{"type":"Feature","geometry":{"type":"LineString","coordinates":[[31.474309,30.042184],[31.474374,30.042182],[31.474427,30.042168],[31.474464,30.042147],[31.474507,30.042116],[31.474834,30.04168]]},"properties":{"kind":"road","class":"primary_link","weight":1.6,"name":null}},{"type":"Feature","geometry":{"type":"LineString","coordinates":[[31.474808,30.043401],[31.474614,30.043401]]},"properties":{"kind":"road","class":"primary_link","weight":1.6,"name":null}},{"type":"Feature","geometry":{"type":"LineString","coordinates":[[31.497823,30.028916],[31.497622,30.028887],[31.497374,30.028868],[31.497139,30.028862],[31.496955,30.028862],[31.495022,30.028873],[31.494133,30.028879],[31.493597,30.028876],[31.493575,30.028876],[31.491509,30.028872],[31.491231,30.028871],[31.489433,30.028878],[31.487706,30.028884],[31.486064,30.028889],[31.48469,30.028894],[31.484094,30.028896],[31.48398,30.028896],[31.481287,30.028905],[31.48069,30.028907],[31.480149,30.028909],[31.479594,30.028908],[31.478343,30.028915],[31.477635,30.028917],[31.477006,30.028919],[31.476939,30.02892],[31.475978,30.028927],[31.475088,30.028934],[31.473625,30.028945],[31.473453,30.028947],[31.472564,30.028956],[31.472402,30.028958],[31.47198,30.028962],[31.471772,30.028964],[31.471298,30.028968],[31.470827,30.029009],[31.470525,30.029058],[31.470264,30.029118],[31.469958,30.029218],[31.469715,30.029331],[31.469373,30.029516],[31.46934,30.029529],[31.468877,30.029717],[31.468676,30.029798],[31.468637,30.029812],[31.467429,30.030302],[31.46725,30.030373],[31.466961,30.030483],[31.466476,30.030621],[31.465979,30.030719],[31.465776,30.030741],[31.465575,30.030763],[31.465474,30.030775],[31.465092,30.030785],[31.464964,30.030788],[31.463871,30.030779],[31.4637,30.030777],[31.463147,30.030774],[31.462108,30.03081],[31.461736,30.030818],[31.461173,30.03083],[31.460227,30.030844],[31.460167,30.030845],[31.459997,30.030848],[31.459726,30.030852],[31.459431,30.030856],[31.459105,30.030861],[31.458929,30.030861],[31.458241,30.030863],[31.458149,30.030863],[31.457899,30.030864],[31.457531,30.030865],[31.45725,30.030859],[31.456918,30.030852],[31.456682,30.030848],[31.456546,30.030845],[31.456276,30.030839],[31.455907,30.030831],[31.455451,30.030834],[31.451665,30.03087],[31.450977,30.030876],[31.450672,30.030879],[31.450552,30.030893],[31.450232,30.030944],[31.449766,30.030997],[31.449328,30.031015],[31.448813,30.030959],[31.448336,30.030869],[31.447988,30.03077],[31.447651,30.030647],[31.447263,30.030488],[31.447145,30.030431],[31.446865,30.030316],[31.446693,30.030222],[31.446333,30.030026],[31.446157,30.029902],[31.445884,30.029698],[31.445676,30.029532],[31.445469,30.029364],[31.445264,30.029192],[31.445108,30.029052],[31.444143,30.028257],[31.443976,30.028112],[31.443894,30.028053],[31.443795,30.027981],[31.443641,30.027887],[31.443605,30.027864],[31.44338,30.027773],[31.443102,30.027661],[31.442882,30.027561],[31.442861,30.027549],[31.442722,30.02744],[31.442601,30.027274],[31.442541,30.027193],[31.442406,30.026946],[31.44233,30.026841],[31.442178,30.026611],[31.44207,30.026496],[31.441986,30.026404],[31.440477,30.025101],[31.440094,30.024766],[31.439612,30.024402],[31.439191,30.024052],[31.438555,30.023443],[31.437978,30.02296],[31.437795,30.022805],[31.437605,30.022657],[31.437406,30.022518],[31.437196,30.022383],[31.436978,30.022257],[31.436766,30.022146],[31.436591,30.022066],[31.436394,30.021982],[31.43618,30.021895],[31.43597,30.021821],[31.435706,30.021751],[31.435217,30.021652],[31.434965,30.021615],[31.434826,30.021602],[31.434673,30.021596],[31.434504,30.021591],[31.434005,30.021593],[31.433501,30.021593],[31.432814,30.021597],[31.432625,30.021598],[31.432476,30.0216],[31.432349,30.021607],[31.432233,30.021618],[31.432074,30.021646],[31.431981,30.021669],[31.431869,30.021699],[31.431719,30.021741],[31.431594,30.02178],[31.431395,30.021823],[31.431245,30.02184],[31.431092,30.02185],[31.430961,30.021837],[31.430833,30.021811],[31.430746,30.021785],[31.430523,30.021713],[31.430446,30.021686],[31.430284,30.021643],[31.430151,30.021617],[31.430038,30.021599],[31.429926,30.021589],[31.429878,30.021586],[31.429597,30.021578],[31.429322,30.021579],[31.42871,30.021578],[31.428422,30.021579],[31.427692,30.021583],[31.427236,30.021578],[31.427025,30.021576],[31.426544,30.021588],[31.426187,30.0216],[31.425983,30.021625],[31.425873,30.021635],[31.425733,30.021653],[31.425602,30.021669],[31.42538,30.021686],[31.425284,30.021686],[31.42518,30.021684],[31.425038,30.021668],[31.424832,30.021633],[31.42465,30.021601],[31.424521,30.021583],[31.424386,30.021573],[31.424253,30.021566],[31.424128,30.021564],[31.423983,30.021564],[31.42386,30.021564],[31.423114,30.021568],[31.422685,30.02157],[31.421725,30.021569],[31.421207,30.021581],[31.421112,30.02158],[31.419994,30.021573],[31.419953,30.021573],[31.419219,30.021568],[31.418483,30.021567],[31.418294,30.021568],[31.416381,30.021569],[31.415822,30.021569],[31.415503,30.021569],[31.41522,30.021567],[31.414914,30.021567],[31.414277,30.021566],[31.413951,30.021566],[31.413785,30.021566],[31.413666,30.021566],[31.412464,30.02155]]},"properties":{"kind":"road","class":"primary","weight":2.4,"name":"\u0634\u0627\u0631\u0639 \u0627\u0644\u062a\u0633\u0639\u064a\u0646 \u0627\u0644\u0634\u0645\u0627\u0644\u0649"}},{"type":"Feature","geometry":{"type":"LineString","coordinates":[[31.475152,30.028209],[31.475138,30.028407],[31.475122,30.028459],[31.475083,30.0285],[31.475028,30.028524],[31.47476,30.028523],[31.4747,30.028513],[31.474651,30.028481],[31.474625,30.028434],[31.474617,30.028383],[31.474598,30.028167]]},"properties":{"kind":"road","class":"primary_link","weight":1.6,"name":null}},{"type":"Feature","geometry":{"type":"LineString","coordinates":[[31.498722,30.023795],[31.498802,30.023866]]},"properties":{"kind":"road","class":"unclassified","weight":1.0,"name":null}},{"type":"Feature","geometry":{"type":"LineString","coordinates":[[31.516831,30.019951],[31.516968,30.020018]]},"properties":{"kind":"road","class":"residential","weight":1.0,"name":null}},{"type":"Feature","geometry":{"type":"LineString","coordinates":[[31.498328,30.025746],[31.498374,30.025706],[31.498433,30.025683],[31.498498,30.02568],[31.49856,30.025698]]},"properties":{"kind":"road","class":"tertiary_link","weight":1.1,"name":null}},{"type":"Feature","geometry":{"type":"LineString","coordinates":[[31.485966,30.021788],[31.48599,30.021764],[31.48602,30.021744],[31.486053,30.02173],[31.486089,30.021722],[31.486126,30.021721],[31.486162,30.021726],[31.486197,30.021738]]},"properties":{"kind":"road","class":"primary_link","weight":1.6,"name":null}},{"type":"Feature","geometry":{"type":"LineString","coordinates":[[31.471766,30.036569],[31.471767,30.036417]]},"properties":{"kind":"road","class":"tertiary_link","weight":1.1,"name":null}},{"type":"Feature","geometry":{"type":"LineString","coordinates":[[31.47464,30.048826],[31.474596,30.048772],[31.474549,30.048721],[31.474466,30.048644],[31.474377,30.048572],[31.474281,30.048508],[31.474169,30.048445],[31.474061,30.048398],[31.47394,30.048357],[31.473824,30.048322],[31.473655,30.048289],[31.473023,30.04829],[31.47264,30.048291],[31.47241,30.048291],[31.472122,30.048292],[31.471669,30.048294],[31.470654,30.048297],[31.470252,30.048298],[31.469873,30.0483],[31.468954,30.048308],[31.468826,30.048307],[31.467319,30.048317],[31.466363,30.048323],[31.465459,30.04833],[31.464908,30.048335],[31.464111,30.048341],[31.463893,30.048343],[31.463881,30.048343],[31.463597,30.048345],[31.462972,30.04835],[31.462814,30.048355],[31.462658,30.048377],[31.462507,30.048417],[31.462364,30.048473],[31.46223,30.048546],[31.462109,30.048633]]},"properties":{"kind":"road","class":"tertiary","weight":1.4,"name":"\u0634\u0627\u0631\u0639 \u0627\u0644\u0634\u064a\u062e \u0639\u0628\u062f\u0627\u0644\u0631\u062d\u0645\u0646 \u062a\u0627\u062c"}},{"type":"Feature","geometry":{"type":"LineString","coordinates":[[31.499923,30.02966],[31.499898,30.029687],[31.499878,30.029716],[31.499861,30.029746],[31.499817,30.029857],[31.499737,30.030037],[31.499676,30.030088]]},"properties":{"kind":"road","class":"residential","weight":1.0,"name":null}},{"type":"Feature","geometry":{"type":"LineString","coordinates":[[31.513625,30.046357],[31.513587,30.046422],[31.513533,30.046466],[31.513459,30.04651]]},"properties":{"kind":"road","class":"residential","weight":1.0,"name":null}},{"type":"Feature","geometry":{"type":"LineString","coordinates":[[31.51741,30.046946],[31.517465,30.04696],[31.517516,30.046982],[31.517561,30.047013],[31.517665,30.047123]]},"properties":{"kind":"road","class":"residential","weight":1.0,"name":null}},{"type":"Feature","geometry":{"type":"LineString","coordinates":[[31.517558,30.04719],[31.517458,30.047073],[31.517431,30.047034],[31.517415,30.046991],[31.51741,30.046946]]},"properties":{"kind":"road","class":"residential","weight":1.0,"name":null}},{"type":"Feature","geometry":{"type":"LineString","coordinates":[[31.474102,30.020539],[31.474059,30.020514],[31.474011,30.020495]]},"properties":{"kind":"road","class":"tertiary","weight":1.4,"name":null}},{"type":"Feature","geometry":{"type":"LineString","coordinates":[[31.474116,30.020395],[31.474135,30.020435],[31.474169,30.020482]]},"properties":{"kind":"road","class":"tertiary","weight":1.4,"name":null}},{"type":"Feature","geometry":{"type":"LineString","coordinates":[[31.501582,30.031087],[31.501524,30.030816],[31.501504,30.030742],[31.501479,30.03069],[31.501438,30.030645],[31.501384,30.030613],[31.499737,30.030037],[31.499707,30.030026],[31.499671,30.030013],[31.498513,30.029659],[31.498495,30.029655],[31.498477,30.029656],[31.498459,30.029662],[31.498446,30.029673],[31.498436,30.029687],[31.498241,30.030199],[31.49817,30.030336],[31.498075,30.030498],[31.497951,30.030649],[31.497822,30.030766],[31.497657,30.030872],[31.497474,30.030951],[31.497254,30.031012],[31.496998,30.031038],[31.496322,30.031036]]},"properties":{"kind":"road","class":"residential","weight":1.0,"name":null}},{"type":"Feature","geometry":{"type":"LineString","coordinates":[[31.496322,30.031036],[31.496343,30.032052],[31.496343,30.032105],[31.496349,30.033075],[31.496354,30.033887],[31.496368,30.033976],[31.496422,30.034052],[31.496508,30.034102],[31.496611,30.034116],[31.497531,30.034039],[31.498393,30.033872],[31.498662,30.033808],[31.49904,30.033689],[31.499427,30.03353],[31.500011,30.033253],[31.500353,30.033054],[31.500721,30.032808],[31.5011,30.032503],[31.501166,30.03245],[31.501522,30.032126],[31.501816,30.031817],[31.50184,30.031777],[31.501849,30.031732],[31.501846,30.031699],[31.501835,30.031668],[31.501651,30.031274],[31.501582,30.031087]]},"properties":{"kind":"road","class":"residential","weight":1.0,"name":null}},{"type":"Feature","geometry":{"type":"LineString","coordinates":[[31.490598,30.024855],[31.490575,30.024864],[31.49055,30.024868],[31.490518,30.024867],[31.490487,30.024859],[31.49046,30.024844]]},"properties":{"kind":"road","class":"residential","weight":1.0,"name":null}},{"type":"Feature","geometry":{"type":"LineString","coordinates":[[31.490423,30.021524],[31.490473,30.021512],[31.490524,30.021506],[31.490577,30.021507],[31.490629,30.021515]]},"properties":{"kind":"road","class":"tertiary_link","weight":1.1,"name":null}},{"type":"Feature","geometry":{"type":"LineString","coordinates":[[31.474964,30.029668],[31.474957,30.030805],[31.475007,30.031945]]},"properties":{"kind":"road","class":"primary","weight":2.4,"name":"\u0645\u062d\u0648\u0631 \u0645\u062d\u0645\u062f \u0646\u062c\u064a\u0628"}},{"type":"Feature","geometry":{"type":"LineString","coordinates":[[31.47477,30.031939],[31.474832,30.030807],[31.474836,30.029662]]},"properties":{"kind":"road","class":"primary","weight":2.4,"name":"\u0645\u062d\u0648\u0631 \u0645\u062d\u0645\u062f \u0646\u062c\u064a\u0628"}},{"type":"Feature","geometry":{"type":"LineString","coordinates":[[31.479553,30.045356],[31.479556,30.04518]]},"properties":{"kind":"road","class":"secondary_link","weight":1.3,"name":null}},{"type":"Feature","geometry":{"type":"LineString","coordinates":[[31.492633,30.021394],[31.492633,30.021267]]},"properties":{"kind":"road","class":"tertiary_link","weight":1.1,"name":null}},{"type":"Feature","geometry":{"type":"LineString","coordinates":[[31.491333,30.021397],[31.491335,30.021267]]},"properties":{"kind":"road","class":"tertiary_link","weight":1.1,"name":null}},{"type":"Feature","geometry":{"type":"LineString","coordinates":[[31.480187,30.044029],[31.480126,30.044029]]},"properties":{"kind":"road","class":"residential","weight":1.0,"name":null}},{"type":"Feature","geometry":{"type":"LineString","coordinates":[[31.477458,30.045031],[31.477458,30.045089]]},"properties":{"kind":"road","class":"residential","weight":1.0,"name":null}},{"type":"Feature","geometry":{"type":"LineString","coordinates":[[31.491753,30.045629],[31.491755,30.045703],[31.491758,30.045794]]},"properties":{"kind":"road","class":"residential","weight":1.0,"name":null}},{"type":"Feature","geometry":{"type":"LineString","coordinates":[[31.491655,30.045794],[31.491654,30.045705],[31.491652,30.045629]]},"properties":{"kind":"road","class":"residential","weight":1.0,"name":null}},{"type":"Feature","geometry":{"type":"LineString","coordinates":[[31.488958,30.04873],[31.488959,30.048603]]},"properties":{"kind":"road","class":"residential","weight":1.0,"name":null}},{"type":"Feature","geometry":{"type":"LineString","coordinates":[[31.48905,30.048602],[31.489045,30.04873]]},"properties":{"kind":"road","class":"residential","weight":1.0,"name":null}},{"type":"Feature","geometry":{"type":"LineString","coordinates":[[31.489043,30.040898],[31.489047,30.040767]]},"properties":{"kind":"road","class":"residential","weight":1.0,"name":null}},{"type":"Feature","geometry":{"type":"LineString","coordinates":[[31.489132,30.040768],[31.489127,30.040898]]},"properties":{"kind":"road","class":"residential","weight":1.0,"name":null}},{"type":"Feature","geometry":{"type":"LineString","coordinates":[[31.498041,30.036074],[31.498361,30.036019]]},"properties":{"kind":"road","class":"residential","weight":1.0,"name":null}},{"type":"Feature","geometry":{"type":"LineString","coordinates":[[31.495957,30.036254],[31.49624,30.036252]]},"properties":{"kind":"road","class":"residential","weight":1.0,"name":null}},{"type":"Feature","geometry":{"type":"LineString","coordinates":[[31.482954,30.029072],[31.482954,30.029274],[31.482954,30.029529]]},"properties":{"kind":"road","class":"residential","weight":1.0,"name":null}},{"type":"Feature","geometry":{"type":"LineString","coordinates":[[31.482804,30.029529],[31.482807,30.029272],[31.482809,30.029073]]},"properties":{"kind":"road","class":"residential","weight":1.0,"name":null}},{"type":"Feature","geometry":{"type":"LineString","coordinates":[[31.484091,30.029115],[31.484094,30.028896]]},"properties":{"kind":"road","class":"primary_link","weight":1.6,"name":null}},{"type":"Feature","geometry":{"type":"LineString","coordinates":[[31.474063,30.036348],[31.474098,30.036424],[31.474111,30.036491],[31.474107,30.036559],[31.474085,30.036625]]},"properties":{"kind":"road","class":"tertiary_link","weight":1.1,"name":null}},{"type":"Feature","geometry":{"type":"LineString","coordinates":[[31.475178,30.037955],[31.475038,30.037957]]},"properties":{"kind":"road","class":"primary_link","weight":1.6,"name":null}},{"type":"Feature","geometry":{"type":"LineString","coordinates":[[31.495457,30.021326],[31.49562,30.021356]]},"properties":{"kind":"road","class":"primary_link","weight":1.6,"name":null}},{"type":"Feature","geometry":{"type":"LineString","coordinates":[[31.498549,30.028459],[31.498494,30.028473],[31.498437,30.028471],[31.498384,30.028453],[31.498342,30.02842]]},"properties":{"kind":"road","class":"tertiary_link","weight":1.1,"name":null}},{"type":"Feature","geometry":{"type":"LineString","coordinates":[[31.509811,30.039368],[31.509686,30.039465],[31.509587,30.039541]]},"properties":{"kind":"road","class":"residential","weight":1.0,"name":null}},{"type":"Feature","geometry":{"type":"LineString","coordinates":[[31.511357,30.034882],[31.511355,30.034849],[31.511359,30.034823],[31.511371,30.03479],[31.511444,30.034687]]},"properties":{"kind":"road","class":"residential","weight":1.0,"name":null}},{"type":"Feature","geometry":{"type":"LineString","coordinates":[[31.503863,30.041467],[31.503823,30.041432],[31.503775,30.041404],[31.503721,30.041387]]},"properties":{"kind":"road","class":"residential","weight":1.0,"name":null}},{"type":"Feature","geometry":{"type":"LineString","coordinates":[[31.503928,30.041298],[31.503922,30.041345],[31.503921,30.041393],[31.503926,30.04144]]},"properties":{"kind":"road","class":"residential","weight":1.0,"name":null}},{"type":"Feature","geometry":{"type":"LineString","coordinates":[[31.504928,30.042043],[31.504963,30.042026],[31.50499,30.042],[31.505002,30.041967],[31.505,30.041932],[31.504588,30.041242],[31.504557,30.041214],[31.504518,30.041195],[31.504473,30.041187],[31.504428,30.041192],[31.504122,30.041323],[31.504074,30.041349],[31.50403,30.041378],[31.503988,30.04141],[31.503926,30.04144],[31.503863,30.041467],[31.503808,30.041489],[31.503724,30.041517],[31.503677,30.041524],[31.503631,30.041536],[31.503582,30.041555],[31.503353,30.041652],[31.503301,30.041683],[31.503269,30.041729],[31.503262,30.041784],[31.503282,30.041836],[31.503636,30.042475],[31.503667,30.042509],[31.503721,30.042525],[31.503783,30.04252],[31.504095,30.042401],[31.504535,30.042216],[31.504928,30.042043]]},"properties":{"kind":"road","class":"residential","weight":1.0,"name":null}},{"type":"Feature","geometry":{"type":"LineString","coordinates":[[31.505274,30.043479],[31.505335,30.043568]]},"properties":{"kind":"road","class":"residential","weight":1.0,"name":null}},{"type":"Feature","geometry":{"type":"LineString","coordinates":[[31.505209,30.043616],[31.505169,30.043526]]},"properties":{"kind":"road","class":"residential","weight":1.0,"name":null}},{"type":"Feature","geometry":{"type":"LineString","coordinates":[[31.483595,30.047119],[31.483619,30.047066]]},"properties":{"kind":"road","class":"residential","weight":1.0,"name":null}},{"type":"Feature","geometry":{"type":"LineString","coordinates":[[31.513571,30.035266],[31.513464,30.0354]]},"properties":{"kind":"road","class":"primary_link","weight":1.6,"name":null}},{"type":"Feature","geometry":{"type":"LineString","coordinates":[[31.505174,30.031429],[31.50509,30.031576],[31.505032,30.031676]]},"properties":{"kind":"road","class":"residential","weight":1.0,"name":null}},{"type":"Feature","geometry":{"type":"LineString","coordinates":[[31.504884,30.031618],[31.504946,30.031515],[31.505031,30.031371]]},"properties":{"kind":"road","class":"residential","weight":1.0,"name":null}},{"type":"Feature","geometry":{"type":"LineString","coordinates":[[31.500185,30.029586],[31.499923,30.02966]]},"properties":{"kind":"road","class":"residential","weight":1.0,"name":null}},{"type":"Feature","geometry":{"type":"LineString","coordinates":[[31.482634,30.025685],[31.482629,30.025496]]},"properties":{"kind":"road","class":"primary_link","weight":1.6,"name":null}},{"type":"Feature","geometry":{"type":"LineString","coordinates":[[31.475126,30.024575],[31.475203,30.024724],[31.475376,30.024926],[31.475593,30.025092],[31.475846,30.025215],[31.47604,30.025277]]},"properties":{"kind":"road","class":"primary","weight":2.4,"name":"\u0645\u062d\u0648\u0631 \u0645\u062d\u0645\u062f \u0646\u062c\u064a\u0628"}},{"type":"Feature","geometry":{"type":"LineString","coordinates":[[31.498316,30.037019],[31.498283,30.037073],[31.498238,30.037119],[31.498182,30.037155],[31.498118,30.03718],[31.497606,30.03723],[31.497433,30.037243],[31.497323,30.037247],[31.49673,30.037257],[31.496652,30.037241],[31.496583,30.037207],[31.496527,30.037159]]},"properties":{"kind":"road","class":"residential","weight":1.0,"name":null}},{"type":"Feature","geometry":{"type":"LineString","coordinates":[[31.49673,30.037257],[31.496737,30.037408]]},"properties":{"kind":"road","class":"residential","weight":1.0,"name":null}},{"type":"Feature","geometry":{"type":"LineString","coordinates":[[31.498118,30.03718],[31.498132,30.037277]]},"properties":{"kind":"road","class":"residential","weight":1.0,"name":null}},{"type":"Feature","geometry":{"type":"LineString","coordinates":[[31.479129,30.03504],[31.477068,30.035045]]},"properties":{"kind":"road","class":"residential","weight":1.0,"name":null}},{"type":"Feature","geometry":{"type":"LineString","coordinates":[[31.481017,30.035536],[31.480964,30.035536],[31.480916,30.035536]]},"properties":{"kind":"road","class":"residential","weight":1.0,"name":null}},{"type":"Feature","geometry":{"type":"LineString","coordinates":[[31.480906,30.035876],[31.48078,30.035898],[31.480662,30.035899],[31.480308,30.035913],[31.479907,30.035918],[31.479491,30.035923],[31.47914,30.035935],[31.477189,30.035985],[31.477144,30.03598],[31.477105,30.035962],[31.477076,30.035932],[31.477061,30.035896],[31.477068,30.035045],[31.477068,30.034902]]},"properties":{"kind":"road","class":"residential","weight":1.0,"name":null}},{"type":"Feature","geometry":{"type":"LineString","coordinates":[[31.479143,30.03621],[31.47914,30.035935],[31.479134,30.035499],[31.479132,30.035371],[31.479129,30.03504],[31.479122,30.034814]]},"properties":{"kind":"road","class":"residential","weight":1.0,"name":null}},{"type":"Feature","geometry":{"type":"LineString","coordinates":[[31.476867,30.036395],[31.476871,30.036265],[31.476872,30.036224]]},"properties":{"kind":"road","class":"residential","weight":1.0,"name":null}},{"type":"Feature","geometry":{"type":"LineString","coordinates":[[31.476966,30.036224],[31.476966,30.03626],[31.476967,30.036395]]},"properties":{"kind":"road","class":"residential","weight":1.0,"name":null}},{"type":"Feature","geometry":{"type":"LineString","coordinates":[[31.476966,30.036224],[31.476927,30.034742]]},"properties":{"kind":"road","class":"residential","weight":1.0,"name":null}},{"type":"Feature","geometry":{"type":"LineString","coordinates":[[31.475387,30.035754],[31.475468,30.035669],[31.475507,30.035564],[31.4755,30.035454],[31.475447,30.035354],[31.475355,30.035277]]},"properties":{"kind":"road","class":"residential","weight":1.0,"name":null}},{"type":"Feature","geometry":{"type":"LineString","coordinates":[[31.475848,30.034742],[31.476927,30.034742],[31.478848,30.034751],[31.478946,30.034752],[31.479041,30.034777],[31.479122,30.034814],[31.479177,30.034834],[31.479298,30.034871],[31.47943,30.034887],[31.480633,30.03488],[31.480739,30.034913],[31.480828,30.034975],[31.480888,30.035058],[31.480914,30.035154],[31.480918,30.035435],[31.480916,30.035536],[31.480906,30.035876],[31.480903,30.035972],[31.480871,30.036057],[31.48081,30.036129],[31.480724,30.036179],[31.480625,30.036203],[31.479175,30.03621],[31.479143,30.03621],[31.479058,30.036211],[31.476966,30.036224],[31.476872,30.036224],[31.476173,30.036235],[31.475946,30.036207],[31.475737,30.036127],[31.475586,30.03603],[31.475468,30.035904],[31.475387,30.035754],[31.475356,30.035596],[31.475355,30.035277],[31.475349,30.034931],[31.475362,30.03489],[31.475384,30.034852],[31.475414,30.034818],[31.475451,30.03479],[31.475496,30.034768],[31.475546,30.034754],[31.475598,30.03475],[31.475848,30.034742]]},"properties":{"kind":"road","class":"residential","weight":1.0,"name":null}},{"type":"Feature","geometry":{"type":"LineString","coordinates":[[31.475091,30.0267],[31.475044,30.026941],[31.475031,30.027151],[31.475033,30.027865]]},"properties":{"kind":"road","class":"primary_link","weight":1.6,"name":null}},{"type":"Feature","geometry":{"type":"LineString","coordinates":[[31.474749,30.027835],[31.474715,30.027028],[31.474695,30.026889],[31.474622,30.026701]]},"properties":{"kind":"road","class":"primary_link","weight":1.6,"name":null}},{"type":"Feature","geometry":{"type":"LineString","coordinates":[[31.477798,30.031216],[31.477811,30.031203],[31.477828,30.031195],[31.477847,30.031192],[31.477873,30.031198],[31.477893,30.031213],[31.477902,30.031235],[31.477902,30.031246],[31.477898,30.031259],[31.477889,30.031271],[31.477878,30.03128],[31.477864,30.031286],[31.477848,30.031288],[31.477824,30.031284],[31.477804,30.031272],[31.477793,30.031253],[31.477792,30.031232],[31.477798,30.031216]]},"properties":{"kind":"road","class":"residential","weight":1.0,"name":null}},{"type":"Feature","geometry":{"type":"LineString","coordinates":[[31.477369,30.029743],[31.477767,30.029736],[31.477897,30.029734]]},"properties":{"kind":"road","class":"residential","weight":1.0,"name":null}},{"type":"Feature","geometry":{"type":"LineString","coordinates":[[31.482975,30.028503],[31.482975,30.028656]]},"properties":{"kind":"road","class":"primary_link","weight":1.6,"name":null}},{"type":"Feature","geometry":{"type":"LineString","coordinates":[[31.483517,30.028503],[31.483515,30.028655]]},"properties":{"kind":"road","class":"primary_link","weight":1.6,"name":null}},{"type":"Feature","geometry":{"type":"LineString","coordinates":[[31.490931,30.046188],[31.490969,30.046164],[31.491013,30.046151],[31.491059,30.046149],[31.491104,30.04616],[31.491143,30.046182]]},"properties":{"kind":"road","class":"residential","weight":1.0,"name":null}},{"type":"Feature","geometry":{"type":"LineString","coordinates":[[31.4954,30.043361],[31.495552,30.043362]]},"properties":{"kind":"road","class":"primary_link","weight":1.6,"name":null}},{"type":"Feature","geometry":{"type":"LineString","coordinates":[[31.491692,30.036368],[31.491743,30.036396],[31.491798,30.036415],[31.491857,30.036425],[31.491916,30.036426]]},"properties":{"kind":"road","class":"residential","weight":1.0,"name":null}},{"type":"Feature","geometry":{"type":"LineString","coordinates":[[31.491917,30.03652],[31.491858,30.036522],[31.491799,30.036531],[31.491743,30.036547],[31.491689,30.036568]]},"properties":{"kind":"road","class":"residential","weight":1.0,"name":null}},{"type":"Feature","geometry":{"type":"LineString","coordinates":[[31.486063,30.029063],[31.486064,30.028889]]},"properties":{"kind":"road","class":"primary_link","weight":1.6,"name":null}},{"type":"Feature","geometry":{"type":"LineString","coordinates":[[31.489434,30.029028],[31.489433,30.028878]]},"properties":{"kind":"road","class":"primary_link","weight":1.6,"name":null}},{"type":"Feature","geometry":{"type":"LineString","coordinates":[[31.487811,30.028473],[31.487811,30.028639]]},"properties":{"kind":"road","class":"primary_link","weight":1.6,"name":null}},{"type":"Feature","geometry":{"type":"LineString","coordinates":[[31.489617,30.028473],[31.489617,30.028633]]},"properties":{"kind":"road","class":"primary_link","weight":1.6,"name":null}},{"type":"Feature","geometry":{"type":"LineString","coordinates":[[31.495951,30.037239],[31.495799,30.037237]]},"properties":{"kind":"road","class":"primary_link","weight":1.6,"name":null}},{"type":"Feature","geometry":{"type":"LineString","coordinates":[[31.499343,30.023251],[31.499421,30.023324]]},"properties":{"kind":"road","class":"unclassified","weight":1.0,"name":null}},{"type":"Feature","geometry":{"type":"LineString","coordinates":[[31.499461,30.023153],[31.499538,30.023222]]},"properties":{"kind":"road","class":"unclassified","weight":1.0,"name":null}},{"type":"Feature","geometry":{"type":"LineString","coordinates":[[31.495384,30.044087],[31.4954,30.043587],[31.4954,30.043472],[31.4954,30.043361]]},"properties":{"kind":"road","class":"residential","weight":1.0,"name":"\u0645\u062d\u0648\u0631 \u0627\u0644\u062a\u062d\u0631\u064a\u0631 \u0627\u0644\u062c\u0627\u0646\u0628\u0649"}},{"type":"Feature","geometry":{"type":"LineString","coordinates":[[31.487362,30.045963],[31.487318,30.045982],[31.487278,30.046007],[31.487243,30.046036],[31.487214,30.04607],[31.487197,30.046097],[31.487191,30.046106],[31.487184,30.046145]]},"properties":{"kind":"road","class":"residential","weight":1.0,"name":null}},{"type":"Feature","geometry":{"type":"LineString","coordinates":[[31.487118,30.046147],[31.487114,30.046112],[31.487103,30.046096],[31.487088,30.046086],[31.48707,30.04608],[31.487051,30.04608],[31.486875,30.046079],[31.486852,30.046076],[31.486829,30.04607],[31.486804,30.046056],[31.486782,30.046038],[31.486766,30.046016],[31.486757,30.045991],[31.486755,30.045965]]},"properties":{"kind":"road","class":"residential","weight":1.0,"name":null}},{"type":"Feature","geometry":{"type":"LineString","coordinates":[[31.478848,30.042383],[31.478845,30.042511],[31.478829,30.042547],[31.478799,30.042574],[31.478759,30.042589],[31.478516,30.042588],[31.478377,30.042587],[31.478078,30.042586],[31.477822,30.042585],[31.477667,30.042585],[31.477642,30.042585],[31.47754,30.042584],[31.477505,30.042585],[31.476617,30.042581],[31.475952,30.042578],[31.475901,30.04257],[31.475873,30.042552],[31.475858,30.042519],[31.47585,30.042475],[31.475855,30.042185],[31.475848,30.041716],[31.475852,30.041546]]},"properties":{"kind":"road","class":"residential","weight":1.0,"name":null}},{"type":"Feature","geometry":{"type":"LineString","coordinates":[[31.478374,30.042772],[31.478375,30.0427],[31.478377,30.042587]]},"properties":{"kind":"road","class":"residential","weight":1.0,"name":null}},{"type":"Feature","geometry":{"type":"LineString","coordinates":[[31.478516,30.042588],[31.478514,30.042704],[31.478512,30.042772]]},"properties":{"kind":"road","class":"residential","weight":1.0,"name":null}},{"type":"Feature","geometry":{"type":"LineString","coordinates":[[31.47754,30.042772],[31.47754,30.042693],[31.47754,30.042584]]},"properties":{"kind":"road","class":"residential","weight":1.0,"name":null}},{"type":"Feature","geometry":{"type":"LineString","coordinates":[[31.477642,30.042585],[31.477639,30.042689],[31.477636,30.042772]]},"properties":{"kind":"road","class":"residential","weight":1.0,"name":null}},{"type":"Feature","geometry":{"type":"LineString","coordinates":[[31.473429,30.025277],[31.474026,30.024907],[31.474116,30.024846],[31.474209,30.024773],[31.474295,30.024694],[31.474374,30.02461],[31.474445,30.02452],[31.474508,30.024426],[31.474562,30.024328],[31.474591,30.024214],[31.474646,30.02324],[31.47465,30.023061],[31.47465,30.023011],[31.474653,30.022895],[31.474663,30.021906],[31.47468,30.021769],[31.47468,30.021713],[31.474679,30.020122],[31.474676,30.016806],[31.474676,30.016617]]},"properties":{"kind":"road","class":"primary","weight":2.4,"name":"\u0645\u062d\u0648\u0631 \u0645\u062d\u0645\u062f \u0646\u062c\u064a\u0628"}},{"type":"Feature","geometry":{"type":"LineString","coordinates":[[31.47055,30.035815],[31.470518,30.036418]]},"properties":{"kind":"road","class":"residential","weight":1.0,"name":null}},{"type":"Feature","geometry":{"type":"LineString","coordinates":[[31.470667,30.035707],[31.471777,30.035715],[31.472489,30.035721],[31.473119,30.035725],[31.473342,30.035727],[31.473425,30.035715],[31.473504,30.035691],[31.473587,30.035647],[31.473657,30.035589],[31.473712,30.035519],[31.473749,30.035441],[31.473764,30.035372],[31.473761,30.035125],[31.47376,30.035012],[31.473752,30.034299],[31.473744,30.033577]]},"properties":{"kind":"road","class":"residential","weight":1.0,"name":null}},{"type":"Feature","geometry":{"type":"LineString","coordinates":[[31.470599,30.035628],[31.470624,30.035641],[31.470645,30.03566],[31.47066,30.035682],[31.470667,30.035707],[31.470666,30.035735],[31.470656,30.035761],[31.470637,30.035784],[31.470612,30.035802],[31.470582,30.035812],[31.47055,30.035815],[31.470514,30.035809],[31.470482,30.035792],[31.470458,30.035767],[31.470445,30.035737],[31.470443,30.035705],[31.470454,30.035675],[31.470476,30.035649],[31.470506,30.03563],[31.470541,30.035621],[31.47057,30.035621],[31.470599,30.035628]]},"properties":{"kind":"road","class":"residential","weight":1.0,"name":null}},{"type":"Feature","geometry":{"type":"LineString","coordinates":[[31.492346,30.049358],[31.492368,30.049377],[31.492382,30.049401],[31.492385,30.049428],[31.492377,30.049454],[31.492359,30.049476],[31.492334,30.049492],[31.492303,30.049499],[31.492272,30.049497],[31.492244,30.049486],[31.492222,30.049467],[31.492208,30.049443],[31.492205,30.049416],[31.492213,30.04939],[31.492231,30.049367],[31.492256,30.049352],[31.492286,30.049344],[31.492317,30.049346],[31.492346,30.049358]]},"properties":{"kind":"road","class":"residential","weight":1.0,"name":null}},{"type":"Feature","geometry":{"type":"LineString","coordinates":[[31.492231,30.049367],[31.492212,30.049347],[31.492199,30.049325],[31.49219,30.0493],[31.492188,30.049275],[31.492188,30.04894]]},"properties":{"kind":"road","class":"residential","weight":1.0,"name":null}},{"type":"Feature","geometry":{"type":"LineString","coordinates":[[31.492496,30.050597],[31.492717,30.050352],[31.492765,30.050262],[31.49279,30.050165],[31.492791,30.050066],[31.492767,30.049968],[31.492721,30.049878],[31.492653,30.049798],[31.492553,30.04971],[31.492406,30.049574],[31.492381,30.04955],[31.492354,30.049529],[31.492329,30.049513],[31.492303,30.049499]]},"properties":{"kind":"road","class":"residential","weight":1.0,"name":null}},{"type":"Feature","geometry":{"type":"LineString","coordinates":[[31.492291,30.048947],[31.492291,30.049247],[31.492291,30.049272],[31.492295,30.049296],[31.492304,30.049322],[31.492317,30.049346]]},"properties":{"kind":"road","class":"residential","weight":1.0,"name":null}},{"type":"Feature","geometry":{"type":"LineString","coordinates":[[31.516326,30.02122],[31.516289,30.02123],[31.516251,30.021234],[31.516212,30.021231],[31.516175,30.021221],[31.516141,30.021205],[31.516111,30.021183],[31.516087,30.021156],[31.516071,30.021126]]},"properties":{"kind":"road","class":"residential","weight":1.0,"name":null}},{"type":"Feature","geometry":{"type":"LineString","coordinates":[[31.517548,30.023062],[31.517534,30.023094],[31.517513,30.023124],[31.517487,30.02315],[31.517457,30.023172],[31.517422,30.023189],[31.517384,30.0232],[31.517345,30.023206],[31.517317,30.023199]]},"properties":{"kind":"road","class":"tertiary_link","weight":1.1,"name":null}},{"type":"Feature","geometry":{"type":"LineString","coordinates":[[31.470264,30.029118],[31.470316,30.029266]]},"properties":{"kind":"road","class":"primary_link","weight":1.6,"name":null}},{"type":"Feature","geometry":{"type":"LineString","coordinates":[[31.473451,30.029095],[31.472937,30.029103],[31.472563,30.029101],[31.472405,30.029101],[31.472283,30.029102],[31.471921,30.029102],[31.471665,30.029102],[31.471274,30.02912],[31.470886,30.029163],[31.470503,30.029232],[31.470316,30.029266]]},"properties":{"kind":"road","class":"tertiary","weight":1.4,"name":"\u0634\u0627\u0631\u0639 \u0627\u0644\u062a\u0633\u0639\u064a\u0646 \u0627\u0644\u0634\u0645\u0627\u0644\u0649 \u0627\u0644\u062c\u0627\u0646\u0628\u0649"}},{"type":"Feature","geometry":{"type":"LineString","coordinates":[[31.484392,30.04548],[31.4844,30.045511],[31.484403,30.045543],[31.484399,30.045575],[31.48439,30.045606],[31.484375,30.045635],[31.484354,30.045661],[31.484328,30.045684]]},"properties":{"kind":"road","class":"secondary_link","weight":1.3,"name":null}},{"type":"Feature","geometry":{"type":"LineString","coordinates":[[31.484942,30.046315],[31.484966,30.046292],[31.484995,30.046274],[31.485027,30.046261],[31.485061,30.046254],[31.485102,30.046253],[31.485142,30.04626],[31.485179,30.046274],[31.485211,30.046296]]},"properties":{"kind":"road","class":"secondary_link","weight":1.3,"name":null}},{"type":"Feature","geometry":{"type":"LineString","coordinates":[[31.515785,30.036291],[31.515711,30.036316],[31.515677,30.036327],[31.51564,30.036331],[31.515604,30.036329],[31.515569,30.03632],[31.515537,30.036304],[31.51551,30.036283],[31.515488,30.036257],[31.515474,30.036228],[31.515467,30.036197],[31.515468,30.036165]]},"properties":{"kind":"road","class":"tertiary_link","weight":1.1,"name":null}},{"type":"Feature","geometry":{"type":"LineString","coordinates":[[31.514715,30.03327],[31.514827,30.033218]]},"properties":{"kind":"road","class":"tertiary_link","weight":1.1,"name":null}},{"type":"Feature","geometry":{"type":"LineString","coordinates":[[31.519223,30.032192],[31.51925,30.032184],[31.519279,30.032183],[31.519306,30.032189],[31.519332,30.032204],[31.519351,30.032226],[31.51936,30.032251]]},"properties":{"kind":"road","class":"residential","weight":1.0,"name":null}},{"type":"Feature","geometry":{"type":"LineString","coordinates":[[31.519049,30.035924],[31.51909,30.03593],[31.51913,30.03594],[31.519168,30.035956],[31.519203,30.035977],[31.519234,30.036003],[31.51926,30.036033]]},"properties":{"kind":"road","class":"residential","weight":1.0,"name":null}},{"type":"Feature","geometry":{"type":"LineString","coordinates":[[31.51954,30.035561],[31.519494,30.035568],[31.519447,30.035564],[31.519403,30.035549],[31.519365,30.035525],[31.519336,30.035494],[31.519316,30.035456],[31.519309,30.035416]]},"properties":{"kind":"road","class":"residential","weight":1.0,"name":null}},{"type":"Feature","geometry":{"type":"LineString","coordinates":[[31.517285,30.03732],[31.517247,30.037338],[31.517211,30.03736],[31.517182,30.037383],[31.517137,30.037408],[31.517098,30.037414],[31.517063,30.037412],[31.51703,30.037403],[31.517001,30.037387],[31.516978,30.037365],[31.516962,30.03734],[31.516954,30.037311],[31.516954,30.037282],[31.51696,30.037205]]},"properties":{"kind":"road","class":"residential","weight":1.0,"name":null}},{"type":"Feature","geometry":{"type":"LineString","coordinates":[[31.524056,30.043951],[31.523792,30.043775],[31.523655,30.043672],[31.523556,30.043588],[31.523385,30.043449],[31.523258,30.043343],[31.523148,30.043248],[31.523043,30.043148],[31.522827,30.042945],[31.522788,30.042908],[31.522616,30.042747],[31.522322,30.042461],[31.522018,30.042157],[31.521936,30.042075],[31.52173,30.041881],[31.521511,30.041693],[31.519504,30.039997],[31.519184,30.039733],[31.518915,30.039521],[31.517027,30.038079],[31.515484,30.037006],[31.514877,30.036604],[31.514237,30.036185],[31.513024,30.035432],[31.512359,30.03502],[31.512061,30.034835],[31.511547,30.034549],[31.510895,30.034188],[31.510098,30.033775],[31.509038,30.033224],[31.507418,30.032439],[31.506316,30.031943],[31.505174,30.031429],[31.505031,30.031371],[31.504417,30.031114],[31.503226,30.030637],[31.5018,30.03011],[31.501316,30.029943],[31.500185,30.029586],[31.499692,30.029428],[31.498516,30.029051],[31.497823,30.028916]]},"properties":{"kind":"road","class":"primary","weight":2.4,"name":"\u0634\u0627\u0631\u0639 \u0627\u0644\u062a\u0633\u0639\u064a\u0646 \u0627\u0644\u0634\u0645\u0627\u0644\u0649"}},{"type":"Feature","geometry":{"type":"LineString","coordinates":[[31.497027,30.039839],[31.497101,30.039874]]},"properties":{"kind":"road","class":"residential","weight":1.0,"name":null}},{"type":"Feature","geometry":{"type":"LineString","coordinates":[[31.506701,30.031805],[31.506704,30.031852],[31.506684,30.031896],[31.506644,30.031929],[31.506593,30.031945],[31.506538,30.03195],[31.506316,30.031943]]},"properties":{"kind":"road","class":"primary_link","weight":1.6,"name":null}},{"type":"Feature","geometry":{"type":"LineString","coordinates":[[31.480689,30.029078],[31.48069,30.028907]]},"properties":{"kind":"road","class":"residential","weight":1.0,"name":null}},{"type":"Feature","geometry":{"type":"LineString","coordinates":[[31.479175,30.03621],[31.479176,30.036247],[31.47918,30.036386]]},"properties":{"kind":"road","class":"residential","weight":1.0,"name":null}},{"type":"Feature","geometry":{"type":"LineString","coordinates":[[31.479061,30.036387],[31.479059,30.036246],[31.479058,30.036211]]},"properties":{"kind":"road","class":"residential","weight":1.0,"name":null}},{"type":"Feature","geometry":{"type":"LineString","coordinates":[[31.480918,30.035435],[31.480962,30.035436],[31.481016,30.035437]]},"properties":{"kind":"road","class":"residential","weight":1.0,"name":null}},{"type":"Feature","geometry":{"type":"LineString","coordinates":[[31.483984,30.029088],[31.482954,30.029072],[31.482809,30.029073],[31.480975,30.029078],[31.480689,30.029078],[31.48058,30.029078],[31.479391,30.029085],[31.478905,30.029089],[31.478187,30.029084],[31.477744,30.029078]]},"properties":{"kind":"road","class":"secondary","weight":1.8,"name":"\u0634\u0627\u0631\u0639 \u0627\u0644\u062a\u0633\u0639\u064a\u0646 \u0627\u0644\u0634\u0645\u0627\u0644\u0649 \u0627\u0644\u062c\u0627\u0646\u0628\u0649"}},{"type":"Feature","geometry":{"type":"LineString","coordinates":[[31.469198,30.029144],[31.469192,30.029003],[31.469216,30.028944],[31.469289,30.028894],[31.469459,30.028836],[31.46953,30.02882],[31.469966,30.02872],[31.470161,30.028676],[31.470357,30.028637],[31.470555,30.028604],[31.470817,30.028579],[31.471079,30.028559],[31.471342,30.028545],[31.471605,30.028536],[31.471922,30.028533],[31.472131,30.028534],[31.472394,30.028542],[31.473663,30.028586],[31.473714,30.028585],[31.473765,30.028591],[31.473814,30.028604],[31.473862,30.028624],[31.473904,30.02865],[31.473942,30.028682]]},"properties":{"kind":"road","class":"tertiary","weight":1.4,"name":"\u0634\u0627\u0631\u0639 \u0627\u0644\u062a\u0633\u0639\u064a\u0646 \u0627\u0644\u0634\u0645\u0627\u0644\u0649 \u0627\u0644\u062c\u0627\u0646\u0628\u0649"}},{"type":"Feature","geometry":{"type":"LineString","coordinates":[[31.478839,30.038528],[31.478839,30.038651]]},"properties":{"kind":"road","class":"tertiary_link","weight":1.1,"name":null}},{"type":"Feature","geometry":{"type":"LineString","coordinates":[[31.486932,30.037693],[31.48708,30.037694]]},"properties":{"kind":"road","class":"tertiary_link","weight":1.1,"name":null}},{"type":"Feature","geometry":{"type":"LineString","coordinates":[[31.484588,30.031405],[31.484602,30.031421],[31.484612,30.031439],[31.484616,30.031459],[31.484614,30.031479],[31.484607,30.031498],[31.484595,30.031515],[31.484579,30.031529]]},"properties":{"kind":"road","class":"residential","weight":1.0,"name":null}},{"type":"Feature","geometry":{"type":"LineString","coordinates":[[31.485502,30.032874],[31.485488,30.032856],[31.485478,30.032835],[31.485474,30.032813],[31.485474,30.032791],[31.48548,30.032769],[31.485491,30.032749]]},"properties":{"kind":"road","class":"tertiary_link","weight":1.1,"name":null}},{"type":"Feature","geometry":{"type":"LineString","coordinates":[[31.484679,30.038981],[31.484695,30.039009],[31.4847,30.03904],[31.484693,30.039071],[31.484674,30.039099]]},"properties":{"kind":"road","class":"tertiary_link","weight":1.1,"name":null}},{"type":"Feature","geometry":{"type":"LineString","coordinates":[[31.485183,30.044949],[31.485168,30.044973],[31.485147,30.044992],[31.485121,30.045005],[31.485091,30.045013],[31.485061,30.045014],[31.485031,30.045008],[31.485004,30.044996],[31.484981,30.044978],[31.484964,30.044956],[31.484955,30.044931]]},"properties":{"kind":"road","class":"secondary_link","weight":1.3,"name":null}},{"type":"Feature","geometry":{"type":"LineString","coordinates":[[31.494798,30.028465],[31.492875,30.028476],[31.492657,30.028472],[31.492044,30.028464],[31.492003,30.028464],[31.491955,30.028465],[31.491831,30.028466],[31.491699,30.028467],[31.491657,30.028468],[31.491613,30.028468],[31.491084,30.02847],[31.490932,30.02847],[31.490552,30.028471],[31.490199,30.028471],[31.489617,30.028473],[31.489429,30.028471],[31.487811,30.028473],[31.487285,30.028473],[31.486832,30.028475],[31.484676,30.028494],[31.483517,30.028503],[31.482975,30.028503],[31.480445,30.028503]]},"properties":{"kind":"road","class":"tertiary","weight":1.4,"name":null}},{"type":"Feature","geometry":{"type":"LineString","coordinates":[[31.478131,30.028356],[31.478099,30.028375],[31.478064,30.028388],[31.478026,30.028394],[31.477988,30.028393],[31.477951,30.028385],[31.477916,30.028371],[31.477886,30.02835]]},"properties":{"kind":"road","class":"unclassified","weight":1.0,"name":null}},{"type":"Feature","geometry":{"type":"LineString","coordinates":[[31.477863,30.027122],[31.477885,30.027086],[31.477918,30.027058],[31.477959,30.02704],[31.478005,30.027033],[31.478051,30.027038],[31.478093,30.027054],[31.478159,30.027111]]},"properties":{"kind":"road","class":"unclassified","weight":1.0,"name":null}},{"type":"Feature","geometry":{"type":"LineString","coordinates":[[31.477691,30.028506],[31.477828,30.028403],[31.47786,30.028379],[31.477886,30.02835],[31.477906,30.028318],[31.477919,30.028281],[31.477925,30.028243],[31.477914,30.027219],[31.477894,30.027168],[31.477863,30.027122],[31.477836,30.027091],[31.477804,30.027064],[31.477574,30.026885]]},"properties":{"kind":"road","class":"unclassified","weight":1.0,"name":null}},{"type":"Feature","geometry":{"type":"LineString","coordinates":[[31.502834,30.029975],[31.502786,30.029983],[31.502737,30.029979],[31.502692,30.029963],[31.502654,30.029936],[31.502626,30.029901],[31.502611,30.02986]]},"properties":{"kind":"road","class":"tertiary_link","weight":1.1,"name":null}},{"type":"Feature","geometry":{"type":"LineString","coordinates":[[31.479569,30.042897],[31.479569,30.042758]]},"properties":{"kind":"road","class":"tertiary_link","weight":1.1,"name":null}},{"type":"Feature","geometry":{"type":"LineString","coordinates":[[31.47821,30.03884],[31.478246,30.038832],[31.478282,30.03883],[31.478319,30.038834],[31.478354,30.038843],[31.478386,30.038857]]},"properties":{"kind":"road","class":"tertiary_link","weight":1.1,"name":null}},{"type":"Feature","geometry":{"type":"LineString","coordinates":[[31.48035,30.045001],[31.480308,30.045004],[31.480265,30.045],[31.480224,30.044991],[31.480185,30.044977]]},"properties":{"kind":"road","class":"tertiary_link","weight":1.1,"name":null}},{"type":"Feature","geometry":{"type":"LineString","coordinates":[[31.492266,30.040751],[31.492283,30.040774],[31.492292,30.0408],[31.492293,30.040827],[31.492285,30.040853],[31.492271,30.040877],[31.492249,30.040896]]},"properties":{"kind":"road","class":"residential","weight":1.0,"name":null}},{"type":"Feature","geometry":{"type":"LineString","coordinates":[[31.490161,30.040577],[31.490139,30.040591],[31.490115,30.040601],[31.490089,30.040606],[31.490059,30.040606],[31.490031,30.0406],[31.490005,30.040589],[31.489982,30.040572]]},"properties":{"kind":"road","class":"residential","weight":1.0,"name":null}},{"type":"Feature","geometry":{"type":"LineString","coordinates":[[31.492521,30.040235],[31.492667,30.040236]]},"properties":{"kind":"road","class":"residential","weight":1.0,"name":null}},{"type":"Feature","geometry":{"type":"LineString","coordinates":[[31.492491,30.038466],[31.492517,30.038452],[31.492545,30.038441],[31.492575,30.038434],[31.492606,30.038431],[31.492637,30.038432],[31.492667,30.038437]]},"properties":{"kind":"road","class":"residential","weight":1.0,"name":null}},{"type":"Feature","geometry":{"type":"LineString","coordinates":[[31.489955,30.038513],[31.489976,30.038497],[31.490002,30.038485],[31.490029,30.038478],[31.490058,30.038476],[31.490087,30.03848],[31.490113,30.03849],[31.490137,30.038504]]},"properties":{"kind":"road","class":"residential","weight":1.0,"name":null}},{"type":"Feature","geometry":{"type":"LineString","coordinates":[[31.487206,30.032727],[31.487229,30.032753],[31.487244,30.032783],[31.487251,30.032815],[31.487248,30.032848],[31.487237,30.032879]]},"properties":{"kind":"road","class":"tertiary_link","weight":1.1,"name":null}},{"type":"Feature","geometry":{"type":"LineString","coordinates":[[31.481151,30.036365],[31.481168,30.036397],[31.481177,30.036431],[31.481179,30.036466],[31.481173,30.0365],[31.48116,30.036533],[31.48114,30.036563]]},"properties":{"kind":"road","class":"tertiary_link","weight":1.1,"name":null}},{"type":"Feature","geometry":{"type":"LineString","coordinates":[[31.480112,30.036729],[31.480145,30.036715],[31.48018,30.036708],[31.480217,30.036707],[31.480253,30.036712],[31.480287,30.036724]]},"properties":{"kind":"road","class":"tertiary_link","weight":1.1,"name":null}},{"type":"Feature","geometry":{"type":"LineString","coordinates":[[31.480285,30.038257],[31.480257,30.038269],[31.480226,30.038276],[31.480194,30.038277],[31.480163,30.038272],[31.480134,30.038262],[31.480108,30.038246]]},"properties":{"kind":"road","class":"tertiary_link","weight":1.1,"name":null}},{"type":"Feature","geometry":{"type":"LineString","coordinates":[[31.474945,30.020561],[31.475111,30.020739]]},"properties":{"kind":"road","class":"primary_link","weight":1.6,"name":null}},{"type":"Feature","geometry":{"type":"LineString","coordinates":[[31.487687,30.020056],[31.487493,30.019843]]},"properties":{"kind":"road","class":"residential","weight":1.0,"name":null}},{"type":"Feature","geometry":{"type":"LineString","coordinates":[[31.477884,30.029365],[31.477905,30.029347],[31.477931,30.029334],[31.47796,30.029327],[31.47799,30.029326],[31.478019,30.029332],[31.478046,30.029343]]},"properties":{"kind":"road","class":"residential","weight":1.0,"name":null}},{"type":"Feature","geometry":{"type":"LineString","coordinates":[[31.517305,30.030721],[31.517363,30.030734],[31.517395,30.030748],[31.517423,30.030766],[31.517447,30.030789],[31.517465,30.030815],[31.517477,30.030845],[31.517481,30.030875]]},"properties":{"kind":"road","class":"tertiary_link","weight":1.1,"name":null}},{"type":"Feature","geometry":{"type":"LineString","coordinates":[[31.485168,30.040114],[31.485124,30.040136],[31.485074,30.040148],[31.485022,30.040146],[31.484973,30.040133],[31.48493,30.040108]]},"properties":{"kind":"road","class":"secondary_link","weight":1.3,"name":null}},{"type":"Feature","geometry":{"type":"LineString","coordinates":[[31.484928,30.04036],[31.484963,30.040336],[31.485003,30.040321],[31.485047,30.040314],[31.485091,30.040316],[31.485133,30.040328],[31.48517,30.040348]]},"properties":{"kind":"road","class":"secondary_link","weight":1.3,"name":null}},{"type":"Feature","geometry":{"type":"LineString","coordinates":[[31.486931,30.041366],[31.486948,30.041395],[31.486954,30.041428],[31.486949,30.04146],[31.486933,30.041489],[31.486908,30.041514]]},"properties":{"kind":"road","class":"residential","weight":1.0,"name":null}},{"type":"Feature","geometry":{"type":"LineString","coordinates":[[31.485542,30.041512],[31.485521,30.041487],[31.48551,30.041457],[31.485511,30.041426],[31.485524,30.041397],[31.485548,30.041373]]},"properties":{"kind":"road","class":"residential","weight":1.0,"name":null}},{"type":"Feature","geometry":{"type":"LineString","coordinates":[[31.499212,30.027217],[31.499177,30.027153],[31.499161,30.027086],[31.499164,30.027017],[31.499187,30.026952],[31.499227,30.026893]]},"properties":{"kind":"road","class":"unclassified","weight":1.0,"name":null}},{"type":"Feature","geometry":{"type":"LineString","coordinates":[[31.503846,30.025786],[31.503819,30.025786],[31.503788,30.025779],[31.503759,30.025765],[31.50374,30.025749],[31.503662,30.025678],[31.503636,30.025652],[31.503606,30.02563],[31.503572,30.025613],[31.503535,30.0256],[31.5035,30.025594],[31.503464,30.025592],[31.503428,30.025595],[31.503393,30.025602],[31.5022,30.026063],[31.500672,30.026654],[31.499377,30.027154],[31.499212,30.027217],[31.499114,30.02726],[31.499023,30.027293],[31.498929,30.02732],[31.498833,30.02734]]},"properties":{"kind":"road","class":"unclassified","weight":1.0,"name":null}},{"type":"Feature","geometry":{"type":"LineString","coordinates":[[31.49883,30.026817],[31.498915,30.02682],[31.499,30.026833],[31.499072,30.02685],[31.499149,30.026874],[31.499227,30.026893],[31.4993,30.026903],[31.499374,30.026906],[31.499447,30.026902],[31.499519,30.026893],[31.499597,30.026874],[31.500052,30.026705],[31.500153,30.026668],[31.501708,30.026092],[31.501882,30.026028],[31.502133,30.025935],[31.503371,30.025476],[31.503412,30.025459],[31.503453,30.025433],[31.503479,30.025411],[31.503507,30.025379],[31.503523,30.025354],[31.503542,30.025326],[31.503558,30.025292],[31.503572,30.025261],[31.503619,30.025162],[31.503641,30.025069],[31.503649,30.024964]]},"properties":{"kind":"road","class":"unclassified","weight":1.0,"name":null}},{"type":"Feature","geometry":{"type":"LineString","coordinates":[[31.505737,30.042717],[31.506167,30.042522],[31.506267,30.042477]]},"properties":{"kind":"road","class":"residential","weight":1.0,"name":null}},{"type":"Feature","geometry":{"type":"LineString","coordinates":[[31.475939,30.047854],[31.475936,30.047976]]},"properties":{"kind":"road","class":"residential","weight":1.0,"name":null}},{"type":"Feature","geometry":{"type":"LineString","coordinates":[[31.51676,30.03809],[31.516441,30.037875],[31.515657,30.037327],[31.515367,30.037136],[31.51493,30.036854],[31.514797,30.036761],[31.514755,30.036735],[31.514504,30.036561],[31.513171,30.035719],[31.512882,30.035549],[31.511638,30.034803],[31.51153,30.034738],[31.511444,30.034687],[31.511278,30.034597],[31.51002,30.033914],[31.509051,30.033432],[31.508945,30.033374],[31.507331,30.032571],[31.507172,30.032495],[31.506276,30.032096],[31.50509,30.031576],[31.504946,30.031515],[31.503403,30.030878],[31.502782,30.030641],[31.499923,30.02966],[31.499776,30.029617],[31.498442,30.029195]]},"properties":{"kind":"road","class":"tertiary","weight":1.4,"name":"\u0634\u0627\u0631\u0639 \u0627\u0644\u062a\u0633\u0639\u064a\u0646 \u0627\u0644\u0634\u0645\u0627\u0644\u0649 \u0627\u0644\u062c\u0627\u0646\u0628\u0649"}},{"type":"Feature","geometry":{"type":"LineString","coordinates":[[31.49085,30.028294],[31.490819,30.028325],[31.490775,30.028341],[31.490728,30.028338],[31.490686,30.028317],[31.490661,30.028283]]},"properties":{"kind":"road","class":"tertiary_link","weight":1.1,"name":null}},{"type":"Feature","geometry":{"type":"LineString","coordinates":[[31.519709,30.023098],[31.519685,30.023054],[31.519675,30.023022],[31.51967,30.022984],[31.519671,30.022932],[31.519687,30.022873],[31.519703,30.022824],[31.519707,30.022797],[31.519706,30.022769],[31.519701,30.022741],[31.519691,30.022715],[31.519432,30.022252],[31.519406,30.022213],[31.519374,30.022178],[31.519336,30.022146]]},"properties":{"kind":"road","class":"residential","weight":1.0,"name":null}},{"type":"Feature","geometry":{"type":"LineString","coordinates":[[31.486718,30.037585],[31.486421,30.037591]]},"properties":{"kind":"road","class":"residential","weight":1.0,"name":null}},{"type":"Feature","geometry":{"type":"LineString","coordinates":[[31.516035,30.016167],[31.515909,30.016394],[31.515812,30.016597],[31.51579,30.016657],[31.515783,30.016707],[31.515773,30.016841],[31.515754,30.017013],[31.515727,30.017253],[31.515677,30.017691],[31.515641,30.018022],[31.515598,30.018319],[31.51554,30.018615],[31.515512,30.018716],[31.515322,30.019378],[31.515234,30.019716],[31.515205,30.019812],[31.51512,30.020117]]},"properties":{"kind":"road","class":"tertiary","weight":1.4,"name":null}},{"type":"Feature","geometry":{"type":"LineString","coordinates":[[31.47449,30.025852],[31.474193,30.025778],[31.473931,30.025751],[31.473645,30.025733],[31.47336,30.025733],[31.471966,30.025733],[31.47185,30.025734],[31.47156,30.025745],[31.471178,30.025743],[31.470374,30.025746],[31.470129,30.025747],[31.470084,30.025748],[31.470023,30.025747],[31.468379,30.025742],[31.467561,30.025742],[31.46701,30.025742],[31.466431,30.025743],[31.466224,30.025743],[31.465117,30.025749],[31.46368,30.025768],[31.460949,30.0258]]},"properties":{"kind":"road","class":"tertiary","weight":1.4,"name":"\u0634\u0627\u0631\u0639 \u0627\u0644\u062a\u0633\u0639\u064a\u0646 \u0627\u0644\u062c\u0646\u0648\u0628\u064a \u0627\u0644\u062c\u0627\u0646\u0628\u0649"}},{"type":"Feature","geometry":{"type":"LineString","coordinates":[[31.505956,30.02609],[31.505989,30.026048],[31.506029,30.026009],[31.506075,30.025977],[31.506126,30.02595],[31.506556,30.025841],[31.506947,30.025726],[31.507336,30.025603],[31.507721,30.025472],[31.508241,30.025279],[31.508531,30.025156],[31.508831,30.025035],[31.509129,30.024909],[31.509423,30.024778],[31.509682,30.024659],[31.509939,30.024535],[31.510193,30.024398],[31.510458,30.024248],[31.511705,30.023486],[31.512146,30.023193],[31.512278,30.023105],[31.512396,30.023019],[31.512517,30.022935],[31.512996,30.022577],[31.513098,30.022501]]},"properties":{"kind":"road","class":"residential","weight":1.0,"name":null}},{"type":"Feature","geometry":{"type":"LineString","coordinates":[[31.511793,30.023687],[31.511719,30.023605]]},"properties":{"kind":"road","class":"tertiary_link","weight":1.1,"name":null}},{"type":"Feature","geometry":{"type":"LineString","coordinates":[[31.516498,30.020799],[31.516485,30.020953],[31.516482,30.021106],[31.516487,30.02126],[31.516501,30.021413],[31.516523,30.021566],[31.516554,30.021717],[31.516594,30.021867],[31.516642,30.022015]]},"properties":{"kind":"road","class":"residential","weight":1.0,"name":null}},{"type":"Feature","geometry":{"type":"LineString","coordinates":[[31.517787,30.02411],[31.517815,30.024085],[31.517847,30.024065],[31.517882,30.024051],[31.51792,30.024041],[31.517959,30.024038],[31.517998,30.02404]]},"properties":{"kind":"road","class":"tertiary_link","weight":1.1,"name":null}},{"type":"Feature","geometry":{"type":"LineString","coordinates":[[31.492799,30.024166],[31.492603,30.023998]]},"properties":{"kind":"road","class":"residential","weight":1.0,"name":null}},{"type":"Feature","geometry":{"type":"LineString","coordinates":[[31.490755,30.023361],[31.4908,30.02336],[31.490861,30.023359]]},"properties":{"kind":"road","class":"residential","weight":1.0,"name":null}},{"type":"Feature","geometry":{"type":"LineString","coordinates":[[31.492403,30.023884],[31.492403,30.023869],[31.492408,30.023856],[31.49242,30.023846],[31.492432,30.023841],[31.492445,30.02384],[31.492458,30.023842],[31.492489,30.023854],[31.492517,30.02387],[31.49255,30.023893],[31.492579,30.023919],[31.492603,30.023949],[31.492611,30.023965],[31.492611,30.023982],[31.492603,30.023998],[31.492587,30.02401],[31.492566,30.024015],[31.492545,30.024012],[31.492515,30.023998],[31.492488,30.023981],[31.492458,30.023957],[31.492432,30.02393],[31.492412,30.023899],[31.492403,30.023884]]},"properties":{"kind":"road","class":"residential","weight":1.0,"name":null}},{"type":"Feature","geometry":{"type":"LineString","coordinates":[[31.493656,30.023405],[31.492799,30.024166],[31.492634,30.024311]]},"properties":{"kind":"road","class":"residential","weight":1.0,"name":null}},{"type":"Feature","geometry":{"type":"LineString","coordinates":[[31.47196,30.028694],[31.472205,30.028759],[31.472387,30.028775],[31.472417,30.02878],[31.472438,30.02879],[31.47245,30.028805],[31.472455,30.028826],[31.47245,30.028844],[31.472436,30.02886],[31.472422,30.028872],[31.472393,30.028879],[31.472213,30.028898],[31.47198,30.028962]]},"properties":{"kind":"road","class":"primary_link","weight":1.6,"name":null}},{"type":"Feature","geometry":{"type":"LineString","coordinates":[[31.515596,30.032924],[31.515493,30.032977],[31.515469,30.032982],[31.515445,30.03298],[31.515423,30.032971],[31.515405,30.032956],[31.515395,30.032937],[31.515392,30.032917],[31.515397,30.032896],[31.515418,30.032851]]},"properties":{"kind":"road","class":"tertiary_link","weight":1.1,"name":null}},{"type":"Feature","geometry":{"type":"LineString","coordinates":[[31.497361,30.04861],[31.498017,30.05017],[31.498048,30.050244],[31.498198,30.050598]]},"properties":{"kind":"road","class":"residential","weight":1.0,"name":"\u0645\u062d\u0648\u0631 \u0627\u0644\u062a\u062d\u0631\u064a\u0631 \u0627\u0644\u062c\u0627\u0646\u0628\u0649"}},{"type":"Feature","geometry":{"type":"LineString","coordinates":[[31.515366,30.034776],[31.515481,30.034742]]},"properties":{"kind":"road","class":"tertiary_link","weight":1.1,"name":null}},{"type":"Feature","geometry":{"type":"LineString","coordinates":[[31.509437,30.029149],[31.50941,30.029118],[31.509393,30.02908],[31.509389,30.029041],[31.509398,30.029002],[31.509418,30.028967]]},"properties":{"kind":"road","class":"tertiary_link","weight":1.1,"name":null}},{"type":"Feature","geometry":{"type":"LineString","coordinates":[[31.509973,30.029156],[31.509973,30.029196],[31.509963,30.029235],[31.509944,30.029271],[31.509916,30.029303],[31.509882,30.02933]]},"properties":{"kind":"road","class":"tertiary_link","weight":1.1,"name":null}},{"type":"Feature","geometry":{"type":"LineString","coordinates":[[31.475478,30.036755],[31.475479,30.036259]]},"properties":{"kind":"road","class":"tertiary_link","weight":1.1,"name":null}},{"type":"Feature","geometry":{"type":"LineString","coordinates":[[31.474063,30.036348],[31.474229,30.036274],[31.474402,30.036182]]},"properties":{"kind":"road","class":"tertiary","weight":1.4,"name":"\u0634\u0627\u0631\u0639 \u0627\u0644\u064a\u0627\u0633\u0645\u064a\u0646"}},{"type":"Feature","geometry":{"type":"LineString","coordinates":[[31.474728,30.036782],[31.47475,30.036764],[31.474777,30.036752],[31.474807,30.036746],[31.474838,30.036746],[31.474867,30.036754],[31.474893,30.036767],[31.474915,30.036786],[31.47493,30.036809],[31.474938,30.036834],[31.47495,30.037058],[31.474956,30.037079],[31.474965,30.037099],[31.474981,30.037119],[31.475002,30.037137],[31.475027,30.03715]]},"properties":{"kind":"road","class":"primary_link","weight":1.6,"name":null}},{"type":"Feature","geometry":{"type":"LineString","coordinates":[[31.475016,30.036302],[31.474982,30.036322],[31.474945,30.036336],[31.474905,30.036343],[31.474864,30.036343],[31.474824,30.036336],[31.474787,30.036322],[31.474753,30.036302],[31.474726,30.036276]]},"properties":{"kind":"road","class":"primary_link","weight":1.6,"name":null}},{"type":"Feature","geometry":{"type":"LineString","coordinates":[[31.499776,30.029617],[31.499692,30.029428]]},"properties":{"kind":"road","class":"residential","weight":1.0,"name":null}},{"type":"Feature","geometry":{"type":"LineString","coordinates":[[31.476457,30.028655],[31.476539,30.028486],[31.476562,30.028401],[31.476574,30.028254],[31.476553,30.025957],[31.476545,30.025905],[31.476533,30.025858],[31.476512,30.025814],[31.47645,30.025721]]},"properties":{"kind":"road","class":"unclassified","weight":1.0,"name":null}},{"type":"Feature","geometry":{"type":"LineString","coordinates":[[31.476844,30.028261],[31.476813,30.028289],[31.476774,30.028309],[31.47673,30.028319],[31.476685,30.028317],[31.476641,30.028306],[31.476604,30.028284],[31.476574,30.028254]]},"properties":{"kind":"road","class":"unclassified","weight":1.0,"name":null}},{"type":"Feature","geometry":{"type":"LineString","coordinates":[[31.476966,30.025711],[31.476895,30.025768],[31.476855,30.025824],[31.476827,30.025875],[31.476806,30.025928],[31.476792,30.025985],[31.47679,30.026466],[31.47679,30.027042],[31.47679,30.027137],[31.476782,30.028074],[31.476794,30.028138],[31.476815,30.028201],[31.476844,30.028261],[31.476917,30.028361],[31.476963,30.028405],[31.477014,30.028444],[31.47707,30.028479],[31.47713,30.028508]]},"properties":{"kind":"road","class":"unclassified","weight":1.0,"name":null}},{"type":"Feature","geometry":{"type":"LineString","coordinates":[[31.485756,30.045891],[31.485743,30.045859],[31.485739,30.045824],[31.485746,30.045791],[31.485761,30.045759],[31.485785,30.045731],[31.485816,30.04571],[31.485853,30.045696]]},"properties":{"kind":"road","class":"secondary_link","weight":1.3,"name":null}},{"type":"Feature","geometry":{"type":"LineString","coordinates":[[31.489473,30.043471],[31.489493,30.043457],[31.489517,30.043447],[31.489542,30.043443],[31.489568,30.043445],[31.489593,30.043453],[31.489615,30.043466],[31.489632,30.043483]]},"properties":{"kind":"road","class":"residential","weight":1.0,"name":null}},{"type":"Feature","geometry":{"type":"LineString","coordinates":[[31.489979,30.043026],[31.489965,30.043004],[31.489957,30.04298],[31.489956,30.042956],[31.489962,30.042932],[31.489973,30.042909],[31.489991,30.04289]]},"properties":{"kind":"road","class":"residential","weight":1.0,"name":null}},{"type":"Feature","geometry":{"type":"LineString","coordinates":[[31.492385,30.042578],[31.492406,30.042575],[31.492427,30.042577],[31.492447,30.042584],[31.492464,30.042595],[31.492478,30.042612],[31.492485,30.042631],[31.492486,30.042652],[31.492479,30.042672]]},"properties":{"kind":"road","class":"residential","weight":1.0,"name":null}},{"type":"Feature","geometry":{"type":"LineString","coordinates":[[31.499829,30.037744],[31.499799,30.037706],[31.499762,30.037673],[31.499721,30.037645]]},"properties":{"kind":"road","class":"residential","weight":1.0,"name":null}},{"type":"Feature","geometry":{"type":"LineString","coordinates":[[31.499953,30.037584],[31.499947,30.037639],[31.49995,30.037695]]},"properties":{"kind":"road","class":"residential","weight":1.0,"name":null}},{"type":"Feature","geometry":{"type":"LineString","coordinates":[[31.499876,30.037873],[31.499868,30.037828],[31.499852,30.037785],[31.499829,30.037744]]},"properties":{"kind":"road","class":"residential","weight":1.0,"name":null}},{"type":"Feature","geometry":{"type":"LineString","coordinates":[[31.49995,30.037695],[31.499962,30.03775],[31.499983,30.037802],[31.500013,30.037852]]},"properties":{"kind":"road","class":"residential","weight":1.0,"name":null}},{"type":"Feature","geometry":{"type":"LineString","coordinates":[[31.503615,30.035867],[31.503582,30.035859],[31.503552,30.035844],[31.503527,30.035824],[31.503507,30.035799],[31.503495,30.035771],[31.50349,30.035742],[31.503493,30.035712]]},"properties":{"kind":"road","class":"tertiary_link","weight":1.1,"name":null}},{"type":"Feature","geometry":{"type":"LineString","coordinates":[[31.487829,30.033911],[31.487941,30.033998]]},"properties":{"kind":"road","class":"tertiary_link","weight":1.1,"name":null}},{"type":"Feature","geometry":{"type":"LineString","coordinates":[[31.483042,30.031652],[31.483051,30.031619],[31.483051,30.031585],[31.483047,30.031553]]},"properties":{"kind":"road","class":"residential","weight":1.0,"name":null}},{"type":"Feature","geometry":{"type":"LineString","coordinates":[[31.483152,30.031554],[31.483158,30.031641],[31.483162,30.031658]]},"properties":{"kind":"road","class":"residential","weight":1.0,"name":null}},{"type":"Feature","geometry":{"type":"LineString","coordinates":[[31.482993,30.033773],[31.482966,30.033806],[31.482933,30.033835],[31.482895,30.033859],[31.482848,30.033879],[31.482798,30.033891],[31.482746,30.033895],[31.481841,30.033904],[31.481792,30.03389],[31.481745,30.033871],[31.481701,30.033849],[31.481659,30.033821],[31.481608,30.033781],[31.481564,30.033735],[31.481528,30.033684],[31.4815,30.03363],[31.481481,30.033573],[31.481471,30.033514],[31.481471,30.033454],[31.48148,30.03339],[31.481501,30.033329],[31.481531,30.03327],[31.481571,30.033216],[31.48162,30.033167],[31.481677,30.033126],[31.481739,30.033091],[31.481833,30.033065],[31.482812,30.033062],[31.482848,30.033064],[31.482884,30.033072],[31.482918,30.033085],[31.482953,30.033106],[31.482982,30.033132],[31.483006,30.033163]]},"properties":{"kind":"road","class":"residential","weight":1.0,"name":null}},{"type":"Feature","geometry":{"type":"LineString","coordinates":[[31.485366,30.024995],[31.48559,30.024974],[31.485815,30.024961],[31.48604,30.024957],[31.486265,30.024961],[31.486489,30.024972],[31.486713,30.024992],[31.486936,30.02502]]},"properties":{"kind":"road","class":"primary_link","weight":1.6,"name":null}},{"type":"Feature","geometry":{"type":"LineString","coordinates":[[31.488008,30.025206],[31.488015,30.02492]]},"properties":{"kind":"road","class":"residential","weight":1.0,"name":null}},{"type":"Feature","geometry":{"type":"LineString","coordinates":[[31.488149,30.024913],[31.488147,30.025208]]},"properties":{"kind":"road","class":"residential","weight":1.0,"name":null}},{"type":"Feature","geometry":{"type":"LineString","coordinates":[[31.475268,30.024528],[31.475285,30.02457],[31.475419,30.024749],[31.475592,30.024885],[31.475823,30.025009],[31.476073,30.025099],[31.476385,30.025137],[31.476429,30.025144],[31.476471,30.025157],[31.47651,30.025176],[31.476539,30.025196],[31.476564,30.025219],[31.476608,30.025264]]},"properties":{"kind":"road","class":"tertiary","weight":1.4,"name":"\u0634\u0627\u0631\u0639 \u0627\u0644\u062a\u0633\u0639\u064a\u0646 \u0627\u0644\u062c\u0646\u0648\u0628\u064a \u0627\u0644\u062c\u0627\u0646\u0628\u0649"}},{"type":"Feature","geometry":{"type":"LineString","coordinates":[[31.490212,30.027288],[31.49024,30.02732],[31.490257,30.027357],[31.490265,30.027396],[31.490262,30.027436],[31.490248,30.027474],[31.490225,30.027508]]},"properties":{"kind":"road","class":"unclassified","weight":1.0,"name":null}},{"type":"Feature","geometry":{"type":"LineString","coordinates":[[31.480126,30.044029],[31.480076,30.04403]]},"properties":{"kind":"road","class":"residential","weight":1.0,"name":null}},{"type":"Feature","geometry":{"type":"LineString","coordinates":[[31.477458,30.045089],[31.477457,30.045181]]},"properties":{"kind":"road","class":"residential","weight":1.0,"name":null}},{"type":"Feature","geometry":{"type":"LineString","coordinates":[[31.475078,30.047691],[31.475266,30.047691]]},"properties":{"kind":"road","class":"primary_link","weight":1.6,"name":null}},{"type":"Feature","geometry":{"type":"LineString","coordinates":[[31.483233,30.036824],[31.483241,30.037284]]},"properties":{"kind":"road","class":"residential","weight":1.0,"name":null}},{"type":"Feature","geometry":{"type":"LineString","coordinates":[[31.483167,30.037343],[31.483172,30.037323],[31.483184,30.037306],[31.483202,30.037293],[31.483241,30.037284],[31.483263,30.037287],[31.483282,30.037296],[31.483297,30.037309],[31.483307,30.037326],[31.483311,30.037345],[31.483308,30.037363],[31.483299,30.03738],[31.483284,30.037394],[31.483264,30.037405],[31.483241,30.037408],[31.483217,30.037405],[31.483196,30.037396],[31.48318,30.037381],[31.48317,30.037363],[31.483167,30.037343]]},"properties":{"kind":"road","class":"residential","weight":1.0,"name":null}},{"type":"Feature","geometry":{"type":"LineString","coordinates":[[31.47614,30.038664],[31.47614,30.03854]]},"properties":{"kind":"road","class":"tertiary_link","weight":1.1,"name":null}},{"type":"Feature","geometry":{"type":"LineString","coordinates":[[31.48198,30.038979],[31.481975,30.038837]]},"properties":{"kind":"road","class":"residential","weight":1.0,"name":null}},{"type":"Feature","geometry":{"type":"LineString","coordinates":[[31.483768,30.038799],[31.483771,30.038988]]},"properties":{"kind":"road","class":"residential","weight":1.0,"name":null}},{"type":"Feature","geometry":{"type":"LineString","coordinates":[[31.483193,30.036714],[31.483189,30.036558]]},"properties":{"kind":"road","class":"residential","weight":1.0,"name":null}},{"type":"Feature","geometry":{"type":"LineString","coordinates":[[31.483233,30.036824],[31.483219,30.036811],[31.483207,30.036786],[31.483199,30.036752],[31.483193,30.036714]]},"properties":{"kind":"road","class":"residential","weight":1.0,"name":null}},{"type":"Feature","geometry":{"type":"LineString","coordinates":[[31.483282,30.036558],[31.483276,30.036716]]},"properties":{"kind":"road","class":"residential","weight":1.0,"name":null}},{"type":"Feature","geometry":{"type":"LineString","coordinates":[[31.483276,30.036716],[31.483273,30.036748],[31.483265,30.03678],[31.483251,30.036809],[31.483233,30.036824]]},"properties":{"kind":"road","class":"residential","weight":1.0,"name":null}},{"type":"Feature","geometry":{"type":"LineString","coordinates":[[31.51433,30.04974],[31.514349,30.049816],[31.514373,30.049891],[31.514402,30.049964],[31.514437,30.050036],[31.514477,30.050105],[31.514708,30.050455],[31.515388,30.051461],[31.515531,30.051699],[31.51604,30.052451],[31.516082,30.052489],[31.516104,30.052506],[31.516128,30.052524],[31.516189,30.052563],[31.516256,30.052595],[31.516354,30.052636]]},"properties":{"kind":"road","class":"residential","weight":1.0,"name":null}},{"type":"Feature","geometry":{"type":"LineString","coordinates":[[31.474777,30.03513],[31.47464,30.035133]]},"properties":{"kind":"road","class":"primary_link","weight":1.6,"name":null}},{"type":"Feature","geometry":{"type":"LineString","coordinates":[[31.475033,30.034431],[31.475154,30.034431]]},"properties":{"kind":"road","class":"primary_link","weight":1.6,"name":null}},{"type":"Feature","geometry":{"type":"LineString","coordinates":[[31.526935,30.02729],[31.526486,30.027289],[31.526004,30.027287],[31.524855,30.027283],[31.524402,30.027278],[31.524184,30.027279],[31.523961,30.027293],[31.523729,30.027322],[31.523415,30.027354],[31.523054,30.0274],[31.522221,30.027558],[31.521798,30.027651],[31.521162,30.027804],[31.520411,30.028046],[31.519502,30.028401],[31.519376,30.028464],[31.519303,30.028473],[31.519128,30.028435]]},"properties":{"kind":"road","class":"residential","weight":1.0,"name":null}},{"type":"Feature","geometry":{"type":"LineString","coordinates":[[31.503507,30.025379],[31.503576,30.025444],[31.503587,30.02546],[31.503592,30.025477],[31.503592,30.025496],[31.503587,30.025513],[31.503576,30.025529],[31.503557,30.025555],[31.503546,30.025575],[31.503535,30.0256]]},"properties":{"kind":"road","class":"unclassified","weight":1.0,"name":null}},{"type":"Feature","geometry":{"type":"LineString","coordinates":[[31.51467,30.032975],[31.514736,30.033005],[31.514806,30.03303],[31.514878,30.033048],[31.514953,30.033058],[31.515028,30.033062],[31.515103,30.033058]]},"properties":{"kind":"road","class":"tertiary_link","weight":1.1,"name":null}},{"type":"Feature","geometry":{"type":"LineString","coordinates":[[31.518064,30.030004],[31.518053,30.030122],[31.518032,30.03023],[31.51798,30.030375],[31.51791,30.030507],[31.517814,30.03064],[31.517661,30.030734],[31.517569,30.030799],[31.517481,30.030875],[31.517327,30.031039],[31.517066,30.031386],[31.517015,30.031454],[31.516856,30.031665],[31.516375,30.032265],[31.515838,30.032719],[31.515596,30.032924],[31.515411,30.033113],[31.515324,30.033224],[31.515255,30.033344],[31.515202,30.03347],[31.515168,30.0336],[31.515153,30.033734],[31.515157,30.033868]]},"properties":{"kind":"road","class":"tertiary","weight":1.4,"name":null}},{"type":"Feature","geometry":{"type":"LineString","coordinates":[[31.505549,30.033787],[31.505584,30.033795],[31.505615,30.033809],[31.505642,30.033829],[31.505663,30.033853],[31.505677,30.033882],[31.505682,30.033912]]},"properties":{"kind":"road","class":"tertiary_link","weight":1.1,"name":null}},{"type":"Feature","geometry":{"type":"LineString","coordinates":[[31.505461,30.034158],[31.505426,30.034164],[31.50539,30.034159],[31.505358,30.034145],[31.505334,30.034122],[31.505319,30.034094],[31.505316,30.034062]]},"properties":{"kind":"road","class":"tertiary_link","weight":1.1,"name":null}},{"type":"Feature","geometry":{"type":"LineString","coordinates":[[31.492174,30.037755],[31.492036,30.03776]]},"properties":{"kind":"road","class":"tertiary_link","weight":1.1,"name":null}},{"type":"Feature","geometry":{"type":"LineString","coordinates":[[31.492018,30.035933],[31.492045,30.035919],[31.492075,30.035912],[31.492106,30.035911],[31.492137,30.035917],[31.492164,30.03593]]},"properties":{"kind":"road","class":"tertiary_link","weight":1.1,"name":null}},{"type":"Feature","geometry":{"type":"LineString","coordinates":[[31.494085,30.022236],[31.494101,30.022477]]},"properties":{"kind":"road","class":"residential","weight":1.0,"name":null}},{"type":"Feature","geometry":{"type":"LineString","coordinates":[[31.495058,30.021397],[31.495041,30.021436],[31.495031,30.021477],[31.49503,30.021519],[31.495037,30.021561],[31.495052,30.021601],[31.495081,30.021672],[31.495102,30.021745],[31.495115,30.02182],[31.495121,30.021933],[31.495115,30.02197],[31.4951,30.022006],[31.495077,30.022038],[31.495047,30.022066],[31.49501,30.022086],[31.494765,30.022186],[31.494721,30.022204],[31.494674,30.022217],[31.49463,30.022225],[31.494584,30.022228],[31.494142,30.022236],[31.494085,30.022236],[31.494026,30.02223],[31.493942,30.022218],[31.49391,30.022217],[31.493879,30.02222],[31.493849,30.022229],[31.493822,30.022242],[31.493752,30.02228]]},"properties":{"kind":"road","class":"residential","weight":1.0,"name":null}},{"type":"Feature","geometry":{"type":"LineString","coordinates":[[31.487706,30.028884],[31.487719,30.029038]]},"properties":{"kind":"road","class":"primary_link","weight":1.6,"name":null}},{"type":"Feature","geometry":{"type":"LineString","coordinates":[[31.503703,30.046748],[31.503537,30.046759]]},"properties":{"kind":"road","class":"residential","weight":1.0,"name":null}},{"type":"Feature","geometry":{"type":"LineString","coordinates":[[31.501129,30.04912],[31.501384,30.049246],[31.501471,30.049296],[31.501536,30.049343],[31.501598,30.049399],[31.501654,30.049459],[31.501824,30.049645],[31.501904,30.049751],[31.501946,30.049811],[31.50198,30.049874],[31.502006,30.04994],[31.502024,30.05001],[31.502097,30.050383]]},"properties":{"kind":"road","class":"residential","weight":1.0,"name":null}},{"type":"Feature","geometry":{"type":"LineString","coordinates":[[31.502216,30.049501],[31.501824,30.049645]]},"properties":{"kind":"road","class":"residential","weight":1.0,"name":null}},{"type":"Feature","geometry":{"type":"LineString","coordinates":[[31.503671,30.051617],[31.503559,30.051481],[31.50349,30.051353],[31.503439,30.051237],[31.503394,30.051038],[31.503373,30.05096],[31.503348,30.050895],[31.503304,30.05081],[31.50325,30.050727],[31.503202,30.050642],[31.503149,30.05053],[31.503107,30.050414],[31.503085,30.050354],[31.503058,30.050296],[31.503024,30.05024],[31.502977,30.05018],[31.502924,30.050124],[31.502864,30.050073],[31.502338,30.049612],[31.502265,30.04955],[31.502216,30.049501],[31.502199,30.049483],[31.502146,30.04942],[31.5021,30.049353],[31.502062,30.04929],[31.502015,30.049231],[31.501972,30.049188],[31.501924,30.049148],[31.501433,30.048825],[31.501392,30.048783],[31.50136,30.048736],[31.501337,30.048685],[31.501323,30.048631],[31.50132,30.048576],[31.501327,30.048521],[31.501385,30.048148],[31.501387,30.048073],[31.501394,30.047997],[31.501406,30.047921],[31.501421,30.047845],[31.501514,30.047549],[31.501537,30.047467],[31.501551,30.047382],[31.501555,30.047318],[31.501552,30.047253],[31.501543,30.047149],[31.501513,30.047047],[31.501452,30.046977],[31.501377,30.046933],[31.501291,30.046917],[31.501201,30.046918],[31.501105,30.046932],[31.500453,30.047068],[31.50026,30.047099],[31.500049,30.047124],[31.499788,30.047162],[31.499637,30.047187],[31.499513,30.047208],[31.497191,30.047664]]},"properties":{"kind":"road","class":"residential","weight":1.0,"name":null}},{"type":"Feature","geometry":{"type":"LineString","coordinates":[[31.503537,30.046759],[31.503372,30.04677],[31.503042,30.0468],[31.502713,30.046838],[31.502447,30.046875],[31.502183,30.046917],[31.501513,30.047047],[31.50062,30.04722],[31.500577,30.047232],[31.500536,30.047251],[31.500505,30.047271],[31.500469,30.047298],[31.500429,30.047314],[31.500381,30.047323],[31.500333,30.047325],[31.500103,30.047332],[31.500069,30.047334],[31.500035,30.047341],[31.500005,30.047354],[31.49998,30.04737],[31.499959,30.04739],[31.499943,30.047412],[31.499796,30.047657],[31.499778,30.047702],[31.499767,30.047749],[31.499763,30.047799],[31.499768,30.047848],[31.499877,30.048538],[31.49989,30.048635],[31.49991,30.048731],[31.499933,30.048815],[31.499962,30.048898],[31.500049,30.049154],[31.500086,30.049232],[31.50013,30.049308],[31.50018,30.049381],[31.500237,30.049451],[31.500306,30.049523],[31.500382,30.04959],[31.500463,30.049652],[31.500567,30.049703],[31.501501,30.050198],[31.501556,30.050232],[31.501605,30.050273],[31.501646,30.050319],[31.501678,30.050367],[31.501702,30.050418],[31.501717,30.050471],[31.501825,30.050838]]},"properties":{"kind":"road","class":"residential","weight":1.0,"name":null}},{"type":"Feature","geometry":{"type":"LineString","coordinates":[[31.503689,30.042831],[31.503526,30.042907],[31.503359,30.042975],[31.503189,30.043037],[31.50305,30.043081],[31.502909,30.043121],[31.502767,30.043157]]},"properties":{"kind":"road","class":"residential","weight":1.0,"name":null}},{"type":"Feature","geometry":{"type":"LineString","coordinates":[[31.495241,30.04664],[31.495992,30.046429]]},"properties":{"kind":"road","class":"residential","weight":1.0,"name":null}},{"type":"Feature","geometry":{"type":"LineString","coordinates":[[31.504107,30.047755],[31.504416,30.047697],[31.504898,30.047592],[31.504954,30.047577],[31.505006,30.047553],[31.505053,30.047521],[31.505088,30.047489],[31.505116,30.047452],[31.505139,30.047412],[31.50535,30.047134],[31.505374,30.047111],[31.505402,30.047092],[31.505432,30.047076],[31.505471,30.047062],[31.505512,30.047054],[31.505554,30.047052],[31.505605,30.047059],[31.505663,30.047075],[31.506625,30.047379]]},"properties":{"kind":"road","class":"residential","weight":1.0,"name":null}},{"type":"Feature","geometry":{"type":"LineString","coordinates":[[31.504416,30.047697],[31.504304,30.047372],[31.504294,30.047298],[31.504292,30.047224],[31.504293,30.047144],[31.504306,30.04708],[31.504329,30.047021],[31.504353,30.046978],[31.504391,30.046928],[31.504656,30.04666]]},"properties":{"kind":"road","class":"residential","weight":1.0,"name":null}},{"type":"Feature","geometry":{"type":"LineString","coordinates":[[31.51888,30.030554],[31.518873,30.030526],[31.518876,30.030497],[31.518888,30.03047],[31.518908,30.030447],[31.518936,30.03043]]},"properties":{"kind":"road","class":"tertiary_link","weight":1.1,"name":null}},{"type":"Feature","geometry":{"type":"LineString","coordinates":[[31.479012,30.02118],[31.478994,30.021233]]},"properties":{"kind":"road","class":"residential","weight":1.0,"name":null}},{"type":"Feature","geometry":{"type":"LineString","coordinates":[[31.478168,30.021146],[31.478171,30.021198]]},"properties":{"kind":"road","class":"residential","weight":1.0,"name":null}},{"type":"Feature","geometry":{"type":"LineString","coordinates":[[31.478579,30.022093],[31.478578,30.021709]]},"properties":{"kind":"road","class":"residential","weight":1.0,"name":null}},{"type":"Feature","geometry":{"type":"LineString","coordinates":[[31.478084,30.021712],[31.478484,30.02171],[31.478578,30.021709],[31.479046,30.021707]]},"properties":{"kind":"road","class":"residential","weight":1.0,"name":null}},{"type":"Feature","geometry":{"type":"LineString","coordinates":[[31.478474,30.0212],[31.478484,30.02171]]},"properties":{"kind":"road","class":"residential","weight":1.0,"name":null}},{"type":"Feature","geometry":{"type":"LineString","coordinates":[[31.477397,30.021898],[31.477414,30.021844],[31.477425,30.021825],[31.477446,30.021804],[31.477745,30.021569],[31.477772,30.021553],[31.4778,30.021538],[31.477829,30.021535],[31.47786,30.021542],[31.478084,30.021712],[31.478579,30.022093],[31.47873,30.022209],[31.478791,30.022262],[31.478843,30.022305],[31.478931,30.022412]]},"properties":{"kind":"road","class":"residential","weight":1.0,"name":null}},{"type":"Feature","geometry":{"type":"LineString","coordinates":[[31.477745,30.021569],[31.477722,30.021416],[31.477726,30.021326],[31.477742,30.021275],[31.477775,30.021218],[31.477812,30.021181],[31.477849,30.021159],[31.477909,30.021147],[31.47799,30.021148],[31.478168,30.021146],[31.478864,30.021152],[31.478912,30.021159],[31.47897,30.021169],[31.479012,30.02118],[31.47904,30.021187],[31.479075,30.021184],[31.479104,30.021172],[31.479129,30.021159],[31.479159,30.021137]]},"properties":{"kind":"road","class":"residential","weight":1.0,"name":null}},{"type":"Feature","geometry":{"type":"LineString","coordinates":[[31.476337,30.021382],[31.47634,30.021759]]},"properties":{"kind":"road","class":"residential","weight":1.0,"name":null}},{"type":"Feature","geometry":{"type":"LineString","coordinates":[[31.470247,30.025568],[31.470197,30.025513],[31.470176,30.025445],[31.470188,30.025375],[31.47023,30.025315],[31.470297,30.025274]]},"properties":{"kind":"road","class":"primary_link","weight":1.6,"name":null}},{"type":"Feature","geometry":{"type":"LineString","coordinates":[[31.474213,30.020444],[31.474245,30.020463],[31.474297,30.020487],[31.474331,30.020499],[31.474339,30.020501],[31.474366,30.020507],[31.474397,30.020502],[31.474437,30.020487],[31.474509,30.02045]]},"properties":{"kind":"road","class":"tertiary","weight":1.4,"name":null}},{"type":"Feature","geometry":{"type":"LineString","coordinates":[[31.474169,30.020482],[31.474198,30.020504],[31.474252,30.020541],[31.474271,30.020554],[31.474326,30.020569],[31.474383,30.020569],[31.474509,30.020518]]},"properties":{"kind":"road","class":"tertiary","weight":1.4,"name":null}},{"type":"Feature","geometry":{"type":"LineString","coordinates":[[31.474511,30.02092],[31.474352,30.020772],[31.474277,30.020702],[31.474232,30.02066],[31.474154,30.020587],[31.474102,30.020539]]},"properties":{"kind":"road","class":"tertiary","weight":1.4,"name":null}},{"type":"Feature","geometry":{"type":"LineString","coordinates":[[31.474512,30.02103],[31.474298,30.020815],[31.474227,30.020743],[31.474183,30.020699],[31.474109,30.020624],[31.47406,30.020575]]},"properties":{"kind":"road","class":"tertiary","weight":1.4,"name":null}},{"type":"Feature","geometry":{"type":"LineString","coordinates":[[31.47468,30.021713],[31.474529,30.021468],[31.474522,30.021455],[31.47452,30.021442],[31.474519,30.021428],[31.474512,30.02103],[31.474511,30.02092],[31.474509,30.020518],[31.474509,30.02045],[31.474508,30.020276]]},"properties":{"kind":"road","class":"tertiary","weight":1.4,"name":"\u0645\u062d\u0648\u0631 \u0645\u062d\u0645\u062f \u0646\u062c\u064a\u0628 \u0627\u0644\u062c\u0627\u0646\u0628\u0649"}},{"type":"Feature","geometry":{"type":"LineString","coordinates":[[31.485107,30.027524],[31.485159,30.027648]]},"properties":{"kind":"road","class":"unclassified","weight":1.0,"name":null}},{"type":"Feature","geometry":{"type":"LineString","coordinates":[[31.482353,30.027799],[31.482357,30.027944]]},"properties":{"kind":"road","class":"unclassified","weight":1.0,"name":null}},{"type":"Feature","geometry":{"type":"LineString","coordinates":[[31.480445,30.028503],[31.480293,30.028503],[31.478259,30.028503],[31.477691,30.028506],[31.47713,30.028508],[31.476763,30.028509],[31.476725,30.028522],[31.476691,30.028539],[31.476661,30.028562],[31.476635,30.02859],[31.476616,30.028621],[31.476603,30.028655]]},"properties":{"kind":"road","class":"unclassified","weight":1.0,"name":null}},{"type":"Feature","geometry":{"type":"LineString","coordinates":[[31.481545,30.023355],[31.481554,30.023339],[31.48157,30.023329],[31.48159,30.023326],[31.481596,30.023328],[31.481609,30.023332],[31.481623,30.023345],[31.481628,30.023362],[31.481624,30.023379],[31.481611,30.023392],[31.481592,30.023399],[31.481572,30.023397],[31.481555,30.023387],[31.481545,30.023372],[31.481545,30.023355]]},"properties":{"kind":"road","class":"residential","weight":1.0,"name":null}},{"type":"Feature","geometry":{"type":"LineString","coordinates":[[31.481596,30.023328],[31.481636,30.023242],[31.481668,30.023193],[31.481715,30.023126]]},"properties":{"kind":"road","class":"residential","weight":1.0,"name":null}},{"type":"Feature","geometry":{"type":"LineString","coordinates":[[31.478006,30.02319],[31.477963,30.023316],[31.477888,30.02343],[31.477789,30.023522],[31.477657,30.023597],[31.477514,30.023641]]},"properties":{"kind":"road","class":"residential","weight":1.0,"name":null}},{"type":"Feature","geometry":{"type":"LineString","coordinates":[[31.477615,30.023348],[31.477789,30.023522]]},"properties":{"kind":"road","class":"residential","weight":1.0,"name":null}},{"type":"Feature","geometry":{"type":"LineString","coordinates":[[31.479804,30.025223],[31.47982,30.025282],[31.479826,30.025342],[31.47982,30.025402],[31.479804,30.02546],[31.479777,30.025511]]},"properties":{"kind":"road","class":"primary_link","weight":1.6,"name":null}},{"type":"Feature","geometry":{"type":"LineString","coordinates":[[31.480119,30.02551],[31.480098,30.025441],[31.480096,30.025365],[31.480112,30.02529],[31.480145,30.02522]]},"properties":{"kind":"road","class":"primary_link","weight":1.6,"name":null}},{"type":"Feature","geometry":{"type":"LineString","coordinates":[[31.476553,30.025957],[31.476582,30.025934],[31.476616,30.025917],[31.476654,30.025906],[31.476693,30.025901],[31.476732,30.025904],[31.476771,30.025913],[31.476806,30.025928]]},"properties":{"kind":"road","class":"unclassified","weight":1.0,"name":null}},{"type":"Feature","geometry":{"type":"LineString","coordinates":[[31.478267,30.027986],[31.478261,30.027715]]},"properties":{"kind":"road","class":"unclassified","weight":1.0,"name":null}},{"type":"Feature","geometry":{"type":"LineString","coordinates":[[31.492331,30.036748],[31.492977,30.036739]]},"properties":{"kind":"road","class":"residential","weight":1.0,"name":null}},{"type":"Feature","geometry":{"type":"LineString","coordinates":[[31.495204,30.03692],[31.494552,30.03691]]},"properties":{"kind":"road","class":"residential","weight":1.0,"name":null}},{"type":"Feature","geometry":{"type":"LineString","coordinates":[[31.51937,30.046777],[31.519233,30.046641]]},"properties":{"kind":"road","class":"primary_link","weight":1.6,"name":null}},{"type":"Feature","geometry":{"type":"LineString","coordinates":[[31.517475,30.047961],[31.517598,30.048081]]},"properties":{"kind":"road","class":"primary_link","weight":1.6,"name":null}},{"type":"Feature","geometry":{"type":"LineString","coordinates":[[31.476999,30.02697],[31.476967,30.026946],[31.476941,30.026918],[31.476922,30.026885],[31.476912,30.02685],[31.476909,30.026815],[31.476915,30.026779],[31.476929,30.026745],[31.476951,30.026714],[31.476979,30.026688],[31.477013,30.026666]]},"properties":{"kind":"road","class":"unclassified","weight":1.0,"name":null}},{"type":"Feature","geometry":{"type":"LineString","coordinates":[[31.503977,30.022729],[31.504283,30.022687],[31.504324,30.022692],[31.504362,30.022704],[31.504396,30.022724],[31.504423,30.022751],[31.504443,30.022781],[31.504454,30.022815],[31.504456,30.022851],[31.504448,30.022885],[31.504432,30.022918],[31.504407,30.022946],[31.504316,30.02303]]},"properties":{"kind":"road","class":"primary_link","weight":1.6,"name":null}},{"type":"Feature","geometry":{"type":"LineString","coordinates":[[31.505144,30.022684],[31.504812,30.022749],[31.504765,30.022743],[31.504721,30.022727],[31.504683,30.022702],[31.504653,30.02267],[31.504632,30.022633],[31.504623,30.022592],[31.504624,30.022551],[31.504637,30.022511],[31.504661,30.022475],[31.504751,30.022363]]},"properties":{"kind":"road","class":"primary_link","weight":1.6,"name":null}},{"type":"Feature","geometry":{"type":"LineString","coordinates":[[31.480536,30.037417],[31.480458,30.037417],[31.480396,30.03742],[31.480338,30.037439],[31.480288,30.037472]]},"properties":{"kind":"road","class":"residential","weight":1.0,"name":null}},{"type":"Feature","geometry":{"type":"LineString","coordinates":[[31.480291,30.037229],[31.480337,30.037277],[31.480398,30.037307],[31.480468,30.037317],[31.480541,30.037318]]},"properties":{"kind":"road","class":"residential","weight":1.0,"name":null}},{"type":"Feature","geometry":{"type":"LineString","coordinates":[[31.496199,30.040457],[31.49614,30.040468],[31.496078,30.040486],[31.496029,30.040516],[31.495994,30.040557],[31.495978,30.040607]]},"properties":{"kind":"road","class":"residential","weight":1.0,"name":null}},{"type":"Feature","geometry":{"type":"LineString","coordinates":[[31.495978,30.040163],[31.496008,30.040263],[31.49604,30.040303],[31.496125,30.040343],[31.496199,30.040349]]},"properties":{"kind":"road","class":"residential","weight":1.0,"name":null}},{"type":"Feature","geometry":{"type":"LineString","coordinates":[[31.501472,30.042039],[31.50143,30.041891]]},"properties":{"kind":"road","class":"residential","weight":1.0,"name":null}},{"type":"Feature","geometry":{"type":"LineString","coordinates":[[31.501553,30.041856],[31.501617,30.042002]]},"properties":{"kind":"road","class":"residential","weight":1.0,"name":null}},{"type":"Feature","geometry":{"type":"LineString","coordinates":[[31.486352,30.022941],[31.486202,30.022939]]},"properties":{"kind":"road","class":"residential","weight":1.0,"name":null}},{"type":"Feature","geometry":{"type":"LineString","coordinates":[[31.486202,30.022889],[31.486352,30.022891]]},"properties":{"kind":"road","class":"residential","weight":1.0,"name":null}},{"type":"Feature","geometry":{"type":"LineString","coordinates":[[31.490452,30.022997],[31.489739,30.022994]]},"properties":{"kind":"road","class":"residential","weight":1.0,"name":null}},{"type":"Feature","geometry":{"type":"LineString","coordinates":[[31.48974,30.022918],[31.490452,30.022918]]},"properties":{"kind":"road","class":"residential","weight":1.0,"name":null}},{"type":"Feature","geometry":{"type":"LineString","coordinates":[[31.493907,30.025689],[31.49344,30.025691],[31.492965,30.02569],[31.492545,30.025692],[31.491713,30.025698],[31.491514,30.025699],[31.491471,30.0257],[31.491386,30.025695],[31.491155,30.025709],[31.491105,30.025708],[31.491051,30.025699],[31.490986,30.025691],[31.490955,30.025687],[31.490916,30.025678],[31.490554,30.025645],[31.490116,30.025645],[31.489625,30.025659],[31.489553,30.025665]]},"properties":{"kind":"road","class":"unclassified","weight":1.0,"name":null}},{"type":"Feature","geometry":{"type":"LineString","coordinates":[[31.496699,30.021609],[31.496558,30.021583],[31.496487,30.021573],[31.49642,30.021573],[31.496354,30.02158],[31.496289,30.021594],[31.496226,30.021614],[31.496167,30.021642],[31.496112,30.021675],[31.496062,30.021714],[31.496018,30.021758],[31.495981,30.021806]]},"properties":{"kind":"road","class":"unclassified","weight":1.0,"name":null}},{"type":"Feature","geometry":{"type":"LineString","coordinates":[[31.49616,30.021005],[31.496172,30.02111],[31.496184,30.021161],[31.496203,30.02121],[31.496229,30.021257],[31.49626,30.021301],[31.496298,30.021341],[31.49634,30.021377],[31.496388,30.021409],[31.496428,30.02143],[31.496494,30.021457],[31.496551,30.021472],[31.496609,30.021482],[31.496722,30.021497]]},"properties":{"kind":"road","class":"unclassified","weight":1.0,"name":null}},{"type":"Feature","geometry":{"type":"LineString","coordinates":[[31.499813,30.023988],[31.499872,30.024039],[31.499941,30.024077],[31.500013,30.024109],[31.500089,30.024134],[31.500172,30.02415],[31.500248,30.024156],[31.500329,30.024157],[31.500428,30.024154],[31.500916,30.024115]]},"properties":{"kind":"road","class":"unclassified","weight":1.0,"name":null}},{"type":"Feature","geometry":{"type":"LineString","coordinates":[[31.499395,30.024745],[31.499445,30.024669],[31.499491,30.024592],[31.499533,30.024512],[31.499559,30.024454],[31.499571,30.024393],[31.499571,30.024331],[31.499557,30.024271],[31.49953,30.024213],[31.499491,30.024161]]},"properties":{"kind":"road","class":"unclassified","weight":1.0,"name":null}},{"type":"Feature","geometry":{"type":"LineString","coordinates":[[31.488942,30.034788],[31.488966,30.034772],[31.488995,30.034761],[31.489025,30.034757],[31.489056,30.034761],[31.489085,30.034771]]},"properties":{"kind":"road","class":"tertiary_link","weight":1.1,"name":null}},{"type":"Feature","geometry":{"type":"LineString","coordinates":[[31.489133,30.037785],[31.489102,30.037795],[31.489076,30.0378],[31.489052,30.0378],[31.489028,30.0378],[31.488991,30.037788]]},"properties":{"kind":"road","class":"tertiary_link","weight":1.1,"name":null}},{"type":"Feature","geometry":{"type":"LineString","coordinates":[[31.482485,30.04852],[31.482482,30.048672],[31.482484,30.048835]]},"properties":{"kind":"road","class":"residential","weight":1.0,"name":null}},{"type":"Feature","geometry":{"type":"LineString","coordinates":[[31.482388,30.04852],[31.48239,30.048473],[31.48238,30.048443],[31.48236,30.048418],[31.482331,30.048399]]},"properties":{"kind":"road","class":"residential","weight":1.0,"name":null}},{"type":"Feature","geometry":{"type":"LineString","coordinates":[[31.492188,30.04894],[31.492188,30.04891],[31.492176,30.048876],[31.492151,30.048848],[31.492118,30.048828]]},"properties":{"kind":"road","class":"residential","weight":1.0,"name":null}},{"type":"Feature","geometry":{"type":"LineString","coordinates":[[31.492357,30.048825],[31.492328,30.048849],[31.492307,30.048879],[31.492294,30.048912],[31.492291,30.048947]]},"properties":{"kind":"road","class":"residential","weight":1.0,"name":null}},{"type":"Feature","geometry":{"type":"LineString","coordinates":[[31.492023,30.036523],[31.491917,30.03652]]},"properties":{"kind":"road","class":"residential","weight":1.0,"name":null}},{"type":"Feature","geometry":{"type":"LineString","coordinates":[[31.491916,30.036426],[31.492022,30.036416]]},"properties":{"kind":"road","class":"residential","weight":1.0,"name":null}},{"type":"Feature","geometry":{"type":"LineString","coordinates":[[31.489138,30.037103],[31.489244,30.037101]]},"properties":{"kind":"road","class":"residential","weight":1.0,"name":null}},{"type":"Feature","geometry":{"type":"LineString","coordinates":[[31.489248,30.037203],[31.489144,30.037213]]},"properties":{"kind":"road","class":"residential","weight":1.0,"name":null}},{"type":"Feature","geometry":{"type":"LineString","coordinates":[[31.507997,30.037821],[31.508127,30.037688]]},"properties":{"kind":"road","class":"residential","weight":1.0,"name":null}},{"type":"Feature","geometry":{"type":"LineString","coordinates":[[31.508118,30.037909],[31.507969,30.038056]]},"properties":{"kind":"road","class":"residential","weight":1.0,"name":null}},{"type":"Feature","geometry":{"type":"LineString","coordinates":[[31.500086,30.033357],[31.500242,30.033574]]},"properties":{"kind":"road","class":"residential","weight":1.0,"name":null}},{"type":"Feature","geometry":{"type":"LineString","coordinates":[[31.513074,30.046533],[31.513355,30.046384]]},"properties":{"kind":"road","class":"residential","weight":1.0,"name":null}},{"type":"Feature","geometry":{"type":"LineString","coordinates":[[31.513459,30.04651],[31.513177,30.046646]]},"properties":{"kind":"road","class":"residential","weight":1.0,"name":null}},{"type":"Feature","geometry":{"type":"LineString","coordinates":[[31.517665,30.047123],[31.517786,30.047252]]},"properties":{"kind":"road","class":"residential","weight":1.0,"name":null}},{"type":"Feature","geometry":{"type":"LineString","coordinates":[[31.517678,30.047328],[31.517558,30.04719]]},"properties":{"kind":"road","class":"residential","weight":1.0,"name":null}},{"type":"Feature","geometry":{"type":"LineString","coordinates":[[31.515548,30.043287],[31.515558,30.043327],[31.515565,30.043362],[31.515563,30.043392],[31.515556,30.043418],[31.515538,30.043548]]},"properties":{"kind":"road","class":"residential","weight":1.0,"name":null}},{"type":"Feature","geometry":{"type":"LineString","coordinates":[[31.515389,30.043536],[31.51537,30.043416],[31.515365,30.043351],[31.515373,30.043319],[31.51539,30.043287]]},"properties":{"kind":"road","class":"residential","weight":1.0,"name":null}},{"type":"Feature","geometry":{"type":"LineString","coordinates":[[31.5129,30.049863],[31.512986,30.050003]]},"properties":{"kind":"road","class":"residential","weight":1.0,"name":null}},{"type":"Feature","geometry":{"type":"LineString","coordinates":[[31.5128,30.049912],[31.512753,30.049837]]},"properties":{"kind":"road","class":"residential","weight":1.0,"name":null}},{"type":"Feature","geometry":{"type":"LineString","coordinates":[[31.513566,30.047585],[31.51343,30.047673]]},"properties":{"kind":"road","class":"residential","weight":1.0,"name":null}},{"type":"Feature","geometry":{"type":"LineString","coordinates":[[31.513488,30.047505],[31.513617,30.047425]]},"properties":{"kind":"road","class":"residential","weight":1.0,"name":null}},{"type":"Feature","geometry":{"type":"LineString","coordinates":[[31.491271,30.040607],[31.491324,30.040514]]},"properties":{"kind":"road","class":"residential","weight":1.0,"name":null}},{"type":"Feature","geometry":{"type":"LineString","coordinates":[[31.491324,30.040514],[31.491352,30.040604]]},"properties":{"kind":"road","class":"residential","weight":1.0,"name":null}},{"type":"Feature","geometry":{"type":"LineString","coordinates":[[31.491553,30.038521],[31.491544,30.038582],[31.491543,30.038729],[31.491543,30.03879],[31.491541,30.03926]]},"properties":{"kind":"road","class":"residential","weight":1.0,"name":null}},{"type":"Feature","geometry":{"type":"LineString","coordinates":[[31.49144,30.039246],[31.491434,30.038781],[31.49143,30.038579],[31.491426,30.038517]]},"properties":{"kind":"road","class":"residential","weight":1.0,"name":null}},{"type":"Feature","geometry":{"type":"LineString","coordinates":[[31.500669,30.033551],[31.500625,30.033495]]},"properties":{"kind":"road","class":"residential","weight":1.0,"name":null}},{"type":"Feature","geometry":{"type":"LineString","coordinates":[[31.500733,30.033425],[31.50078,30.033483]]},"properties":{"kind":"road","class":"residential","weight":1.0,"name":null}},{"type":"Feature","geometry":{"type":"LineString","coordinates":[[31.503674,30.033872],[31.503608,30.033939]]},"properties":{"kind":"road","class":"residential","weight":1.0,"name":null}},{"type":"Feature","geometry":{"type":"LineString","coordinates":[[31.503504,30.033867],[31.503574,30.033794]]},"properties":{"kind":"road","class":"residential","weight":1.0,"name":null}},{"type":"Feature","geometry":{"type":"LineString","coordinates":[[31.484458,30.049678],[31.484821,30.049679]]},"properties":{"kind":"road","class":"residential","weight":1.0,"name":null}},{"type":"Feature","geometry":{"type":"LineString","coordinates":[[31.484817,30.049768],[31.484459,30.049767]]},"properties":{"kind":"road","class":"residential","weight":1.0,"name":null}},{"type":"Feature","geometry":{"type":"LineString","coordinates":[[31.476784,30.038764],[31.476808,30.038813]]},"properties":{"kind":"road","class":"residential","weight":1.0,"name":null}},{"type":"Feature","geometry":{"type":"LineString","coordinates":[[31.476725,30.038814],[31.476748,30.038765]]},"properties":{"kind":"road","class":"residential","weight":1.0,"name":null}},{"type":"Feature","geometry":{"type":"LineString","coordinates":[[31.47535,30.039432],[31.475764,30.039424]]},"properties":{"kind":"road","class":"residential","weight":1.0,"name":null}},{"type":"Feature","geometry":{"type":"LineString","coordinates":[[31.515367,30.037136],[31.515484,30.037006]]},"properties":{"kind":"road","class":"primary_link","weight":1.6,"name":null}},{"type":"Feature","geometry":{"type":"LineString","coordinates":[[31.493561,30.038008],[31.493567,30.037342]]},"properties":{"kind":"road","class":"residential","weight":1.0,"name":null}},{"type":"Feature","geometry":{"type":"LineString","coordinates":[[31.493629,30.03801],[31.493629,30.038127]]},"properties":{"kind":"road","class":"residential","weight":1.0,"name":null}},{"type":"Feature","geometry":{"type":"LineString","coordinates":[[31.495351,30.035155],[31.495171,30.03524]]},"properties":{"kind":"road","class":"residential","weight":1.0,"name":null}},{"type":"Feature","geometry":{"type":"LineString","coordinates":[[31.495154,30.036003],[31.495363,30.036153]]},"properties":{"kind":"road","class":"residential","weight":1.0,"name":null}},{"type":"Feature","geometry":{"type":"LineString","coordinates":[[31.493534,30.034609],[31.493536,30.034395]]},"properties":{"kind":"road","class":"residential","weight":1.0,"name":null}},{"type":"Feature","geometry":{"type":"LineString","coordinates":[[31.493619,30.034395],[31.493613,30.034609]]},"properties":{"kind":"road","class":"residential","weight":1.0,"name":null}},{"type":"Feature","geometry":{"type":"LineString","coordinates":[[31.493625,30.033905],[31.493619,30.034395]]},"properties":{"kind":"road","class":"residential","weight":1.0,"name":null}},{"type":"Feature","geometry":{"type":"LineString","coordinates":[[31.493634,30.037343],[31.493629,30.03801]]},"properties":{"kind":"road","class":"residential","weight":1.0,"name":null}},{"type":"Feature","geometry":{"type":"LineString","coordinates":[[31.48798,30.038427],[31.487982,30.038451],[31.487972,30.039087]]},"properties":{"kind":"road","class":"residential","weight":1.0,"name":null}},{"type":"Feature","geometry":{"type":"LineString","coordinates":[[31.487858,30.038434],[31.487862,30.038392],[31.487873,30.038357],[31.487889,30.038342],[31.487927,30.038312]]},"properties":{"kind":"road","class":"residential","weight":1.0,"name":null}},{"type":"Feature","geometry":{"type":"LineString","coordinates":[[31.489138,30.040673],[31.489132,30.040768]]},"properties":{"kind":"road","class":"residential","weight":1.0,"name":null}},{"type":"Feature","geometry":{"type":"LineString","coordinates":[[31.489047,30.040767],[31.489053,30.040675]]},"properties":{"kind":"road","class":"residential","weight":1.0,"name":null}},{"type":"Feature","geometry":{"type":"LineString","coordinates":[[31.498361,30.036019],[31.49858,30.035982]]},"properties":{"kind":"road","class":"residential","weight":1.0,"name":null}},{"type":"Feature","geometry":{"type":"LineString","coordinates":[[31.498383,30.036111],[31.498068,30.036164]]},"properties":{"kind":"road","class":"residential","weight":1.0,"name":null}},{"type":"Feature","geometry":{"type":"LineString","coordinates":[[31.496242,30.036343],[31.495957,30.036345]]},"properties":{"kind":"road","class":"residential","weight":1.0,"name":null}},{"type":"Feature","geometry":{"type":"LineString","coordinates":[[31.49624,30.036252],[31.496477,30.03625]]},"properties":{"kind":"road","class":"residential","weight":1.0,"name":null}},{"type":"Feature","geometry":{"type":"LineString","coordinates":[[31.508868,30.046624],[31.509063,30.04652]]},"properties":{"kind":"road","class":"residential","weight":1.0,"name":null}},{"type":"Feature","geometry":{"type":"LineString","coordinates":[[31.509113,30.046591],[31.508888,30.046717]]},"properties":{"kind":"road","class":"residential","weight":1.0,"name":null}},{"type":"Feature","geometry":{"type":"LineString","coordinates":[[31.509004,30.044508],[31.508903,30.044392]]},"properties":{"kind":"road","class":"residential","weight":1.0,"name":null}},{"type":"Feature","geometry":{"type":"LineString","coordinates":[[31.5091,30.044445],[31.509226,30.044601]]},"properties":{"kind":"road","class":"residential","weight":1.0,"name":null}},{"type":"Feature","geometry":{"type":"LineString","coordinates":[[31.490966,30.036897],[31.490967,30.036923],[31.490957,30.036947],[31.490938,30.036967],[31.490913,30.03698],[31.490884,30.036986],[31.490855,30.036982],[31.490829,30.03697],[31.49081,30.036953],[31.490799,30.036932],[31.490796,30.03691],[31.4908,30.036887],[31.490813,30.036866],[31.490832,30.03685],[31.490855,30.03684],[31.490882,30.036837],[31.490911,30.036841],[31.490919,30.036845],[31.490937,30.036854],[31.490956,30.036873],[31.490966,30.036897]]},"properties":{"kind":"road","class":"residential","weight":1.0,"name":null}},{"type":"Feature","geometry":{"type":"LineString","coordinates":[[31.49022,30.036354],[31.49022,30.03638],[31.490211,30.036404],[31.490192,30.036424],[31.490167,30.036438],[31.490138,30.036443],[31.490109,30.036439],[31.490083,30.036427],[31.490064,30.03641],[31.490053,30.036389],[31.49005,30.036366],[31.490054,30.036344],[31.490063,30.03633],[31.490067,30.036324],[31.490086,30.036307],[31.490109,30.036297],[31.490136,30.036294],[31.490165,30.036298],[31.490173,30.036302],[31.490191,30.036311],[31.49021,30.03633],[31.49022,30.036354]]},"properties":{"kind":"road","class":"residential","weight":1.0,"name":null}},{"type":"Feature","geometry":{"type":"LineString","coordinates":[[31.490918,30.035695],[31.490918,30.03572],[31.490909,30.035744],[31.49089,30.035764],[31.490865,30.035778],[31.490836,30.035783],[31.490807,30.035779],[31.49078,30.035767],[31.490762,30.03575],[31.490751,30.03573],[31.490747,30.035707],[31.490752,30.035684],[31.490764,30.035664],[31.490772,30.035659],[31.490783,30.035648],[31.490807,30.035637],[31.490833,30.035634],[31.490862,30.035638],[31.490871,30.035642],[31.490888,30.035651],[31.490907,30.035671],[31.490912,30.03568],[31.490918,30.035695]]},"properties":{"kind":"road","class":"residential","weight":1.0,"name":null}},{"type":"Feature","geometry":{"type":"LineString","coordinates":[[31.485724,30.048242],[31.485501,30.048239]]},"properties":{"kind":"road","class":"residential","weight":1.0,"name":null}},{"type":"Feature","geometry":{"type":"LineString","coordinates":[[31.485513,30.048112],[31.485704,30.048112]]},"properties":{"kind":"road","class":"residential","weight":1.0,"name":null}},{"type":"Feature","geometry":{"type":"LineString","coordinates":[[31.487103,30.046096],[31.487117,30.04608],[31.487138,30.046072],[31.487156,30.04607],[31.487173,30.046075],[31.487187,30.046084],[31.487197,30.046097]]},"properties":{"kind":"road","class":"residential","weight":1.0,"name":null}},{"type":"Feature","geometry":{"type":"LineString","coordinates":[[31.487046,30.046492],[31.487074,30.046468],[31.487097,30.04644],[31.487112,30.046409],[31.48712,30.046376],[31.487118,30.046147]]},"properties":{"kind":"road","class":"residential","weight":1.0,"name":null}},{"type":"Feature","geometry":{"type":"LineString","coordinates":[[31.487184,30.046145],[31.487184,30.04637],[31.487192,30.046405],[31.487207,30.046439],[31.487231,30.046469],[31.487261,30.046494]]},"properties":{"kind":"road","class":"residential","weight":1.0,"name":null}},{"type":"Feature","geometry":{"type":"LineString","coordinates":[[31.492662,30.025846],[31.492671,30.025807],[31.492701,30.025778],[31.492744,30.025764],[31.49279,30.025769],[31.492826,30.025793],[31.492845,30.02583]]},"properties":{"kind":"road","class":"unclassified","weight":1.0,"name":null}},{"type":"Feature","geometry":{"type":"LineString","coordinates":[[31.480771,30.036696],[31.483061,30.03669],[31.483092,30.036695],[31.483114,30.03671],[31.483129,30.036732],[31.483148,30.036776],[31.483161,30.036801],[31.483173,30.036815],[31.483192,30.036823],[31.483233,30.036824]]},"properties":{"kind":"road","class":"residential","weight":1.0,"name":null}},{"type":"Feature","geometry":{"type":"LineString","coordinates":[[31.492859,30.028339],[31.492817,30.028353],[31.492784,30.028359],[31.492751,30.028355],[31.49272,30.028344],[31.492694,30.028325]]},"properties":{"kind":"road","class":"unclassified","weight":1.0,"name":null}},{"type":"Feature","geometry":{"type":"LineString","coordinates":[[31.484444,30.02645],[31.484392,30.026321]]},"properties":{"kind":"road","class":"unclassified","weight":1.0,"name":null}},{"type":"Feature","geometry":{"type":"LineString","coordinates":[[31.488842,30.026215],[31.488874,30.026234],[31.4889,30.026259],[31.488918,30.026289],[31.488927,30.026322],[31.488926,30.026356],[31.488916,30.026388],[31.488896,30.026418],[31.488868,30.026445]]},"properties":{"kind":"road","class":"unclassified","weight":1.0,"name":null}},{"type":"Feature","geometry":{"type":"LineString","coordinates":[[31.48905,30.025848],[31.489081,30.025826],[31.489116,30.025809],[31.489154,30.0258],[31.489194,30.025797],[31.489233,30.025801],[31.48927,30.025813],[31.489304,30.025831],[31.489333,30.025854],[31.489356,30.025883]]},"properties":{"kind":"road","class":"unclassified","weight":1.0,"name":null}},{"type":"Feature","geometry":{"type":"LineString","coordinates":[[31.489302,30.027049],[31.48927,30.027064],[31.489237,30.027073],[31.489201,30.027078],[31.489165,30.027076],[31.48913,30.02707],[31.489097,30.027058],[31.489067,30.027041]]},"properties":{"kind":"road","class":"unclassified","weight":1.0,"name":null}},{"type":"Feature","geometry":{"type":"LineString","coordinates":[[31.48698,30.027639],[31.487015,30.027624],[31.487044,30.027615],[31.487082,30.027612],[31.487116,30.027617],[31.487148,30.027628],[31.487187,30.027656]]},"properties":{"kind":"road","class":"unclassified","weight":1.0,"name":null}},{"type":"Feature","geometry":{"type":"LineString","coordinates":[[31.487162,30.028342],[31.487132,30.028355],[31.4871,30.028362],[31.487069,30.028366],[31.487039,30.028363],[31.48701,30.028358],[31.486983,30.028348]]},"properties":{"kind":"road","class":"unclassified","weight":1.0,"name":null}},{"type":"Feature","geometry":{"type":"LineString","coordinates":[[31.472092,30.029304],[31.472074,30.029262],[31.47205,30.029223],[31.472021,30.029186],[31.471975,30.029141],[31.471921,30.029102]]},"properties":{"kind":"road","class":"residential","weight":1.0,"name":null}},{"type":"Feature","geometry":{"type":"LineString","coordinates":[[31.472283,30.029102],[31.472244,30.02912],[31.472209,30.029142],[31.472177,30.029167],[31.472148,30.029198],[31.472124,30.029231],[31.472106,30.029266],[31.472092,30.029304]]},"properties":{"kind":"road","class":"residential","weight":1.0,"name":null}},{"type":"Feature","geometry":{"type":"LineString","coordinates":[[31.518874,30.035534],[31.518985,30.035515],[31.519095,30.035489],[31.519202,30.035456],[31.519309,30.035416]]},"properties":{"kind":"road","class":"residential","weight":1.0,"name":null}},{"type":"Feature","geometry":{"type":"LineString","coordinates":[[31.501274,30.024514],[31.501895,30.024259],[31.502455,30.024025],[31.502517,30.024007],[31.502594,30.023998],[31.502668,30.024003]]},"properties":{"kind":"road","class":"residential","weight":1.0,"name":null}},{"type":"Feature","geometry":{"type":"LineString","coordinates":[[31.501198,30.024496],[31.501093,30.024332]]},"properties":{"kind":"road","class":"residential","weight":1.0,"name":null}},{"type":"Feature","geometry":{"type":"LineString","coordinates":[[31.501214,30.024592],[31.501207,30.024633],[31.501206,30.024674],[31.501209,30.024704],[31.501215,30.024729],[31.501231,30.024765],[31.501821,30.025909],[31.501882,30.026028]]},"properties":{"kind":"road","class":"residential","weight":1.0,"name":null}},{"type":"Feature","geometry":{"type":"LineString","coordinates":[[31.501259,30.0245],[31.501274,30.024514],[31.501283,30.024532],[31.501283,30.024552],[31.501274,30.02457],[31.501258,30.024584],[31.501237,30.024592],[31.501214,30.024592],[31.501194,30.024586],[31.501178,30.024574],[31.501168,30.024558],[31.501166,30.02454],[31.50117,30.024522],[31.501181,30.024507],[31.501198,30.024496],[31.501219,30.024491],[31.50124,30.024493],[31.501259,30.0245]]},"properties":{"kind":"road","class":"residential","weight":1.0,"name":null}},{"type":"Feature","geometry":{"type":"LineString","coordinates":[[31.518126,30.029639],[31.518096,30.029671],[31.518067,30.029705],[31.518027,30.029753],[31.518003,30.029775],[31.517972,30.029786],[31.517937,30.029785],[31.517906,30.029771],[31.517885,30.029748],[31.517876,30.029719],[31.517882,30.02969],[31.517889,30.029645],[31.517893,30.0296],[31.517892,30.029565],[31.517888,30.029524]]},"properties":{"kind":"road","class":"tertiary_link","weight":1.1,"name":null}},{"type":"Feature","geometry":{"type":"LineString","coordinates":[[31.500959,30.036813],[31.50089,30.0367],[31.500833,30.036607]]},"properties":{"kind":"road","class":"residential","weight":1.0,"name":null}},{"type":"Feature","geometry":{"type":"LineString","coordinates":[[31.500952,30.03656],[31.501004,30.03665],[31.501069,30.036766]]},"properties":{"kind":"road","class":"residential","weight":1.0,"name":null}},{"type":"Feature","geometry":{"type":"LineString","coordinates":[[31.487425,30.045794],[31.487626,30.045723],[31.48767,30.04571],[31.487711,30.045703]]},"properties":{"kind":"road","class":"residential","weight":1.0,"name":null}},{"type":"Feature","geometry":{"type":"LineString","coordinates":[[31.488776,30.045705],[31.488802,30.045713],[31.488821,30.04573],[31.488891,30.045794]]},"properties":{"kind":"road","class":"residential","weight":1.0,"name":null}},{"type":"Feature","geometry":{"type":"LineString","coordinates":[[31.497844,30.029116],[31.497868,30.029089],[31.497902,30.02907],[31.497941,30.029063],[31.497982,30.029066],[31.498442,30.029195]]},"properties":{"kind":"road","class":"residential","weight":1.0,"name":null}},{"type":"Feature","geometry":{"type":"LineString","coordinates":[[31.49344,30.025691],[31.493435,30.025476]]},"properties":{"kind":"road","class":"primary_link","weight":1.6,"name":null}},{"type":"Feature","geometry":{"type":"LineString","coordinates":[[31.47585,30.040522],[31.476118,30.040522]]},"properties":{"kind":"road","class":"residential","weight":1.0,"name":null}},{"type":"Feature","geometry":{"type":"LineString","coordinates":[[31.495293,30.04677],[31.495241,30.04664],[31.495071,30.046269],[31.495029,30.046178],[31.495013,30.046132],[31.495001,30.046084],[31.494993,30.046018],[31.494993,30.045951]]},"properties":{"kind":"road","class":"residential","weight":1.0,"name":null}},{"type":"Feature","geometry":{"type":"LineString","coordinates":[[31.507416,30.035784],[31.507441,30.03613]]},"properties":{"kind":"road","class":"residential","weight":1.0,"name":null}},{"type":"Feature","geometry":{"type":"LineString","coordinates":[[31.515561,30.043109],[31.515548,30.043287]]},"properties":{"kind":"road","class":"residential","weight":1.0,"name":null}},{"type":"Feature","geometry":{"type":"LineString","coordinates":[[31.51539,30.043287],[31.515411,30.043095]]},"properties":{"kind":"road","class":"residential","weight":1.0,"name":null}},{"type":"Feature","geometry":{"type":"LineString","coordinates":[[31.514563,30.040004],[31.514373,30.039891]]},"properties":{"kind":"road","class":"residential","weight":1.0,"name":null}},{"type":"Feature","geometry":{"type":"LineString","coordinates":[[31.514479,30.039772],[31.51465,30.039879]]},"properties":{"kind":"road","class":"residential","weight":1.0,"name":null}},{"type":"Feature","geometry":{"type":"LineString","coordinates":[[31.518699,30.039535],[31.518553,30.039658]]},"properties":{"kind":"road","class":"residential","weight":1.0,"name":null}},{"type":"Feature","geometry":{"type":"LineString","coordinates":[[31.518382,30.039551],[31.518531,30.039405]]},"properties":{"kind":"road","class":"residential","weight":1.0,"name":null}},{"type":"Feature","geometry":{"type":"LineString","coordinates":[[31.521511,30.041693],[31.521446,30.041696],[31.521355,30.041692],[31.521268,30.041668],[31.52119,30.041625],[31.518799,30.039622],[31.518699,30.039535],[31.518531,30.039405],[31.51676,30.03809]]},"properties":{"kind":"road","class":"tertiary","weight":1.4,"name":"\u0634\u0627\u0631\u0639 \u0627\u0644\u062a\u0633\u0639\u064a\u0646 \u0627\u0644\u0634\u0645\u0627\u0644\u0649 \u0627\u0644\u062c\u0627\u0646\u0628\u0649"}},{"type":"Feature","geometry":{"type":"LineString","coordinates":[[31.517864,30.03835],[31.518102,30.038333]]},"properties":{"kind":"road","class":"primary_link","weight":1.6,"name":null}},{"type":"Feature","geometry":{"type":"LineString","coordinates":[[31.503452,30.033394],[31.503513,30.033336]]},"properties":{"kind":"road","class":"residential","weight":1.0,"name":null}},{"type":"Feature","geometry":{"type":"LineString","coordinates":[[31.503641,30.033436],[31.50358,30.033492]]},"properties":{"kind":"road","class":"residential","weight":1.0,"name":null}},{"type":"Feature","geometry":{"type":"LineString","coordinates":[[31.502775,30.031636],[31.502662,30.031575]]},"properties":{"kind":"road","class":"residential","weight":1.0,"name":null}},{"type":"Feature","geometry":{"type":"LineString","coordinates":[[31.487998,30.020076],[31.488237,30.01993],[31.488275,30.019899],[31.488293,30.019874],[31.4883,30.019845],[31.488293,30.019801],[31.488274,30.01977],[31.487919,30.019465]]},"properties":{"kind":"road","class":"residential","weight":1.0,"name":null}},{"type":"Feature","geometry":{"type":"LineString","coordinates":[[31.510272,30.03356],[31.510366,30.033418]]},"properties":{"kind":"road","class":"primary_link","weight":1.6,"name":null}},{"type":"Feature","geometry":{"type":"LineString","coordinates":[[31.519596,30.039144],[31.519557,30.039214],[31.519538,30.039259],[31.519527,30.039307],[31.519525,30.039355],[31.519531,30.039402],[31.519558,30.03947]]},"properties":{"kind":"road","class":"residential","weight":1.0,"name":null}},{"type":"Feature","geometry":{"type":"LineString","coordinates":[[31.519236,30.039217],[31.519281,30.039227],[31.519327,30.039231],[31.519374,30.03923],[31.51942,30.039224],[31.51946,30.039215],[31.519498,30.039201],[31.519534,30.039184],[31.519596,30.039144]]},"properties":{"kind":"road","class":"residential","weight":1.0,"name":null}},{"type":"Feature","geometry":{"type":"LineString","coordinates":[[31.51299,30.035716],[31.512901,30.035827]]},"properties":{"kind":"road","class":"residential","weight":1.0,"name":null}},{"type":"Feature","geometry":{"type":"LineString","coordinates":[[31.512814,30.035783],[31.512903,30.035669]]},"properties":{"kind":"road","class":"residential","weight":1.0,"name":null}},{"type":"Feature","geometry":{"type":"LineString","coordinates":[[31.511289,30.040783],[31.511375,30.040703]]},"properties":{"kind":"road","class":"residential","weight":1.0,"name":null}},{"type":"Feature","geometry":{"type":"LineString","coordinates":[[31.511471,30.040776],[31.511379,30.040858]]},"properties":{"kind":"road","class":"residential","weight":1.0,"name":null}},{"type":"Feature","geometry":{"type":"LineString","coordinates":[[31.514295,30.039281],[31.514419,30.039303],[31.514486,30.039307],[31.514563,30.03931],[31.514639,30.039309]]},"properties":{"kind":"road","class":"residential","weight":1.0,"name":null}},{"type":"Feature","geometry":{"type":"LineString","coordinates":[[31.514367,30.039644],[31.514256,30.039501],[31.514178,30.039435]]},"properties":{"kind":"road","class":"residential","weight":1.0,"name":null}},{"type":"Feature","geometry":{"type":"LineString","coordinates":[[31.514727,30.036848],[31.514797,30.036761]]},"properties":{"kind":"road","class":"residential","weight":1.0,"name":null}},{"type":"Feature","geometry":{"type":"LineString","coordinates":[[31.51493,30.036854],[31.51486,30.036943]]},"properties":{"kind":"road","class":"residential","weight":1.0,"name":null}},{"type":"Feature","geometry":{"type":"LineString","coordinates":[[31.513298,30.042717],[31.51337,30.042661]]},"properties":{"kind":"road","class":"residential","weight":1.0,"name":null}},{"type":"Feature","geometry":{"type":"LineString","coordinates":[[31.513434,30.042709],[31.513362,30.042762]]},"properties":{"kind":"road","class":"residential","weight":1.0,"name":null}},{"type":"Feature","geometry":{"type":"LineString","coordinates":[[31.517712,30.03637],[31.517653,30.036298],[31.517639,30.036274],[31.517628,30.036249],[31.517623,30.036212],[31.517627,30.036174],[31.517636,30.036142],[31.517672,30.036027]]},"properties":{"kind":"road","class":"residential","weight":1.0,"name":null}},{"type":"Feature","geometry":{"type":"LineString","coordinates":[[31.486315,30.026249],[31.486318,30.026398]]},"properties":{"kind":"road","class":"unclassified","weight":1.0,"name":null}},{"type":"Feature","geometry":{"type":"LineString","coordinates":[[31.480277,30.02866],[31.480293,30.028503]]},"properties":{"kind":"road","class":"primary_link","weight":1.6,"name":null}},{"type":"Feature","geometry":{"type":"LineString","coordinates":[[31.445379,30.028878],[31.446155,30.029553],[31.446406,30.029732],[31.446671,30.029896],[31.446947,30.030044],[31.44717,30.030147],[31.447401,30.030239],[31.447636,30.030318],[31.447877,30.030386],[31.448159,30.030451],[31.448445,30.030501],[31.448763,30.030544],[31.449526,30.030582],[31.452211,30.030568],[31.455252,30.030554],[31.455259,30.030554],[31.456271,30.03056],[31.456544,30.030561],[31.456676,30.030559],[31.456915,30.030557],[31.457104,30.030554],[31.457245,30.030553],[31.457523,30.030549],[31.457894,30.030545],[31.458235,30.030541],[31.458374,30.030539],[31.459103,30.030541],[31.459428,30.030541],[31.459718,30.03054],[31.459997,30.030538],[31.46017,30.030538],[31.460644,30.030535],[31.463129,30.030521],[31.463301,30.03052],[31.463943,30.030521],[31.464452,30.030518],[31.465435,30.030503],[31.465462,30.030501],[31.46579,30.030482],[31.466141,30.030433],[31.466291,30.0304],[31.466327,30.030393],[31.466486,30.030358],[31.466793,30.030248],[31.466836,30.030233],[31.467071,30.03014],[31.467183,30.030096],[31.467455,30.029975],[31.467508,30.029948],[31.467665,30.029869],[31.468142,30.02963],[31.468386,30.029509],[31.468465,30.029467],[31.468545,30.029427],[31.46869,30.029361],[31.46888,30.029274],[31.469051,30.029202],[31.469198,30.029144],[31.469315,30.029098],[31.469506,30.029032],[31.469594,30.029002],[31.469833,30.028919],[31.470376,30.028801],[31.470841,30.028735],[31.471309,30.028698],[31.471782,30.028695],[31.47196,30.028694],[31.473457,30.028685],[31.473942,30.028682],[31.474057,30.028681],[31.474769,30.028675],[31.475805,30.028665],[31.475994,30.028662],[31.476416,30.028656],[31.476457,30.028655],[31.476603,30.028655],[31.476952,30.028657],[31.477013,30.028658],[31.479696,30.028658],[31.480277,30.02866],[31.482975,30.028656],[31.483515,30.028655],[31.484677,30.028653],[31.487811,30.028639],[31.489617,30.028633],[31.491201,30.028631],[31.491504,30.02863],[31.492621,30.028627],[31.492887,30.028624],[31.494666,30.028635],[31.495778,30.028637],[31.496468,30.028639],[31.497036,30.028639],[31.497598,30.028654],[31.498162,30.028685],[31.498305,30.028705],[31.498442,30.028727],[31.498543,30.02876],[31.501436,30.029711],[31.502181,30.029979],[31.502583,30.030124],[31.502977,30.030266],[31.503331,30.030394],[31.503794,30.030584],[31.504489,30.03087],[31.505648,30.031354],[31.505803,30.031418],[31.506701,30.031805],[31.506869,30.031878],[31.507426,30.032135],[31.508003,30.032407],[31.509143,30.032976],[31.510272,30.03356],[31.511014,30.033961],[31.511737,30.034377],[31.512205,30.034651],[31.513464,30.0354],[31.514419,30.035976],[31.515649,30.036786],[31.517864,30.03835],[31.519296,30.039469]]},"properties":{"kind":"road","class":"primary","weight":2.4,"name":"\u0634\u0627\u0631\u0639 \u0627\u0644\u062a\u0633\u0639\u064a\u0646 \u0627\u0644\u0634\u0645\u0627\u0644\u0649"}},{"type":"Feature","geometry":{"type":"LineString","coordinates":[[31.513955,30.049302],[31.513276,30.049634],[31.513224,30.04965],[31.51313,30.049678],[31.513035,30.049701],[31.512939,30.049722],[31.512842,30.049739]]},"properties":{"kind":"road","class":"residential","weight":1.0,"name":null}},{"type":"Feature","geometry":{"type":"LineString","coordinates":[[31.485101,30.025184],[31.485366,30.024995],[31.485495,30.024905],[31.485612,30.024803],[31.485715,30.024691],[31.485802,30.024569],[31.485875,30.02444],[31.485916,30.024342],[31.485948,30.024242],[31.485971,30.024139],[31.485969,30.022922],[31.485967,30.02266],[31.485966,30.022517],[31.485966,30.021788],[31.485956,30.021051],[31.485953,30.020558],[31.485948,30.019948],[31.485946,30.019734],[31.485937,30.018918]]},"properties":{"kind":"road","class":"primary","weight":2.4,"name":"\u0634\u0627\u0631\u0639 \u0627\u0644\u062c\u0632\u064a\u0631\u0629"}},{"type":"Feature","geometry":{"type":"LineString","coordinates":[[31.50446,30.025609],[31.504157,30.025737],[31.504117,30.025751],[31.504065,30.025763],[31.504013,30.025772],[31.503846,30.025786]]},"properties":{"kind":"road","class":"unclassified","weight":1.0,"name":null}},{"type":"Feature","geometry":{"type":"LineString","coordinates":[[31.502133,30.025935],[31.5022,30.026063]]},"properties":{"kind":"road","class":"unclassified","weight":1.0,"name":null}},{"type":"Feature","geometry":{"type":"LineString","coordinates":[[31.474768,30.037371],[31.47472,30.037289],[31.474669,30.037209],[31.474591,30.037101],[31.474506,30.036997]]},"properties":{"kind":"road","class":"primary_link","weight":1.6,"name":null}},{"type":"Feature","geometry":{"type":"LineString","coordinates":[[31.490282,30.039115],[31.490627,30.039118]]},"properties":{"kind":"road","class":"residential","weight":1.0,"name":null}},{"type":"Feature","geometry":{"type":"LineString","coordinates":[[31.490279,30.03974],[31.490631,30.03974]]},"properties":{"kind":"road","class":"residential","weight":1.0,"name":null}},{"type":"Feature","geometry":{"type":"LineString","coordinates":[[31.475187,30.039434],[31.47535,30.039432]]},"properties":{"kind":"road","class":"residential","weight":1.0,"name":null}},{"type":"Feature","geometry":{"type":"Polygon","coordinates":[[[31.496731,30.026153],[31.496768,30.026529],[31.496938,30.026548],[31.497104,30.026545],[31.497258,30.027449],[31.496882,30.027575],[31.497059,30.027868],[31.497123,30.027857],[31.497117,30.027825],[31.497387,30.027722],[31.497548,30.028066],[31.497289,30.028205],[31.497554,30.028527],[31.497797,30.02841],[31.497896,30.028558],[31.497884,30.028607],[31.497948,30.028618],[31.497967,30.028578],[31.497934,30.028536],[31.498041,30.028511],[31.498053,30.028533],[31.498112,30.028498],[31.498207,30.028445],[31.498161,30.028381],[31.497862,30.028039],[31.497575,30.027562],[31.497508,30.027241],[31.497523,30.027183],[31.497471,30.0271],[31.497421,30.02682],[31.497363,30.026471],[31.497659,30.026164],[31.497695,30.026177],[31.497742,30.026174],[31.49776,30.026153],[31.49776,30.026121],[31.497686,30.026031],[31.497649,30.026062],[31.497554,30.025993],[31.497548,30.025934],[31.497474,30.025913],[31.49735,30.025908],[31.497086,30.026212],[31.496731,30.026153]]]},"properties":{"kind":"building"}},{"type":"Feature","geometry":{"type":"Polygon","coordinates":[[[31.493922,30.020042],[31.493983,30.020121],[31.494034,30.020194],[31.494163,30.020356],[31.494234,30.020324],[31.494444,30.020481],[31.494407,30.020515],[31.494514,30.0206],[31.494554,30.020655],[31.494792,30.020983],[31.494873,30.021051],[31.494989,30.020934],[31.495255,30.020776],[31.495449,30.02066],[31.495521,30.02062],[31.495577,30.020591],[31.495561,30.020575],[31.495597,30.020533],[31.495601,30.0205],[31.495639,30.020465],[31.495439,30.020321],[31.495134,30.020098],[31.49527,30.019957],[31.495202,30.019909],[31.495184,30.01993],[31.494981,30.019777],[31.495001,30.019754],[31.494789,30.019596],[31.494763,30.01962],[31.494588,30.01949],[31.494479,30.019609],[31.494443,30.019586],[31.494388,30.019646],[31.494426,30.019675],[31.49431,30.019787],[31.494225,30.019717],[31.493922,30.020042]]]},"properties":{"kind":"building"}},{"type":"Feature","geometry":{"type":"Polygon","coordinates":[[[31.491546,30.026165],[31.491512,30.026141],[31.491481,30.02614],[31.49141,30.026205],[31.491398,30.026244],[31.491406,30.02625],[31.491451,30.026288],[31.491466,30.026259],[31.491528,30.026252],[31.491709,30.026402],[31.491638,30.026452],[31.491547,30.026487],[31.491481,30.026484],[31.491432,30.026483],[31.491338,30.026456],[31.491356,30.026422],[31.491288,30.026374],[31.491253,30.02633],[31.491245,30.026321],[31.491221,30.026212],[31.491287,30.026086],[31.491278,30.026076],[31.491302,30.026053],[31.491369,30.025996],[31.491381,30.026009],[31.491437,30.025992],[31.491518,30.025993],[31.491586,30.026006],[31.491669,30.026047],[31.491546,30.026165]]]},"properties":{"kind":"building"}},{"type":"Feature","geometry":{"type":"Polygon","coordinates":[[[31.49192,30.026476],[31.49192,30.0265],[31.491945,30.0265],[31.491955,30.026491],[31.491974,30.026507],[31.491959,30.026521],[31.492033,30.026582],[31.492036,30.026582],[31.49215,30.026582],[31.49215,30.026568],[31.492211,30.026569],[31.492211,30.026587],[31.492291,30.026587],[31.492291,30.026569],[31.492351,30.026568],[31.492349,30.026516],[31.492359,30.026506],[31.492348,30.026497],[31.492347,30.026463],[31.492346,30.026431],[31.492163,30.026431],[31.492165,30.026422],[31.492082,30.026391],[31.492074,30.026403],[31.49197,30.026312],[31.49196,30.026303],[31.491842,30.026397],[31.491854,30.026407],[31.491928,30.026469],[31.49192,30.026476]]]},"properties":{"kind":"building"}},{"type":"Feature","geometry":{"type":"Polygon","coordinates":[[[31.490924,30.027484],[31.490911,30.027477],[31.490903,30.027466],[31.490902,30.027453],[31.490907,30.02744],[31.490918,30.027431],[31.490932,30.027428],[31.490947,30.02743],[31.49096,30.027438],[31.490966,30.02745],[31.490966,30.027463],[31.49096,30.027475],[31.490959,30.02749],[31.490959,30.027523],[31.490959,30.027557],[31.490959,30.027587],[31.490962,30.027599],[31.49096,30.027611],[31.49095,30.02762],[31.490937,30.027625],[31.490923,30.027623],[31.490911,30.027616],[31.490905,30.027605],[31.490905,30.027593],[31.490912,30.027582],[31.490924,30.027576],[31.490924,30.027558],[31.490924,30.027524],[31.490924,30.027491],[31.490924,30.027484]]]},"properties":{"kind":"building"}},{"type":"Feature","geometry":{"type":"Polygon","coordinates":[[[31.473971,30.036236],[31.474055,30.036194],[31.474082,30.036186],[31.474092,30.036158],[31.474082,30.036138],[31.474061,30.036109],[31.474042,30.036116],[31.474029,30.036109],[31.474026,30.036088],[31.473984,30.036038],[31.47398,30.036018],[31.473967,30.036004],[31.473954,30.036011],[31.473938,30.035996],[31.473839,30.03605],[31.473868,30.036091],[31.473867,30.036102],[31.47387,30.036106],[31.473879,30.036111],[31.473893,30.03614],[31.473889,30.036147],[31.473892,30.03615],[31.473899,30.036151],[31.47391,30.036176],[31.473902,30.036185],[31.473941,30.036231],[31.473942,30.036241],[31.473947,30.036251],[31.473961,30.036248],[31.473971,30.036236]]]},"properties":{"kind":"building"}},{"type":"Feature","geometry":{"type":"Polygon","coordinates":[[[31.473891,30.042022],[31.473932,30.042058],[31.473923,30.042067],[31.473958,30.042099],[31.473936,30.042117],[31.473983,30.042159],[31.473971,30.042169],[31.474039,30.042229],[31.474075,30.042199],[31.474086,30.042208],[31.474151,30.042153],[31.474159,30.04216],[31.474177,30.042145],[31.474167,30.042137],[31.474185,30.042121],[31.474148,30.042088],[31.474134,30.042099],[31.474112,30.04208],[31.474125,30.042068],[31.474093,30.042039],[31.474077,30.042053],[31.474051,30.04203],[31.474063,30.04202],[31.474038,30.041998],[31.474022,30.042011],[31.473999,30.04199],[31.474008,30.041983],[31.473973,30.041952],[31.473891,30.042022]]]},"properties":{"kind":"building"}},{"type":"Feature","geometry":{"type":"Polygon","coordinates":[[[31.498791,30.021539],[31.498794,30.021279],[31.499021,30.02128],[31.49902,30.021248],[31.499015,30.021033],[31.499013,30.020959],[31.498972,30.020835],[31.498791,30.020832],[31.498798,30.020605],[31.499045,30.020603],[31.499045,30.020593],[31.499065,30.020589],[31.499288,30.020539],[31.499301,30.020611],[31.499338,30.020611],[31.499348,30.020759],[31.499195,30.020798],[31.499217,30.02087],[31.499373,30.020832],[31.499427,30.021017],[31.499336,30.021033],[31.499337,30.02137],[31.499383,30.021354],[31.499475,30.021438],[31.499303,30.021585],[31.499238,30.02153],[31.498791,30.021539]]]},"properties":{"kind":"building"}},{"type":"Feature","geometry":{"type":"Polygon","coordinates":[[[31.499521,30.022824],[31.499522,30.022786],[31.499574,30.022785],[31.499574,30.022745],[31.49951,30.022742],[31.499509,30.022709],[31.499388,30.022712],[31.499382,30.022703],[31.499393,30.022699],[31.49939,30.022693],[31.499372,30.0227],[31.49936,30.022676],[31.499355,30.022679],[31.499321,30.022605],[31.499361,30.022591],[31.499356,30.02258],[31.499424,30.022554],[31.499432,30.022565],[31.499495,30.022542],[31.499547,30.022668],[31.499651,30.022666],[31.499652,30.022706],[31.499624,30.022706],[31.499625,30.022786],[31.499662,30.022786],[31.499663,30.022825],[31.499521,30.022824]]]},"properties":{"kind":"building"}},{"type":"Feature","geometry":{"type":"Polygon","coordinates":[[[31.491383,30.036696],[31.491446,30.036748],[31.491456,30.036738],[31.491479,30.036757],[31.491478,30.036769],[31.491463,30.036783],[31.491448,30.03677],[31.491373,30.036838],[31.491508,30.036949],[31.491526,30.036933],[31.491544,30.036948],[31.491593,30.036903],[31.491572,30.036886],[31.491595,30.036865],[31.491564,30.036839],[31.491595,30.03681],[31.491681,30.03681],[31.49168,30.036759],[31.491548,30.036759],[31.491548,30.036728],[31.491615,30.036667],[31.491583,30.036641],[31.491593,30.036633],[31.491541,30.03659],[31.491526,30.036604],[31.491505,30.036586],[31.491383,30.036696]]]},"properties":{"kind":"building"}},{"type":"Feature","geometry":{"type":"Polygon","coordinates":[[[31.473455,30.034496],[31.473457,30.034395],[31.473442,30.034394],[31.473441,30.034361],[31.473511,30.034359],[31.47351,30.034355],[31.473616,30.034354],[31.473615,30.034366],[31.473655,30.034369],[31.473663,30.034357],[31.473676,30.034355],[31.473686,30.034358],[31.473698,30.034369],[31.473699,30.034383],[31.473683,30.034392],[31.473683,30.034397],[31.473699,30.034397],[31.473699,30.03442],[31.473706,30.034437],[31.473705,30.034462],[31.4737,30.034473],[31.473691,30.034473],[31.473689,30.034501],[31.473613,30.0345],[31.473613,30.034496],[31.473455,30.034496]]]},"properties":{"kind":"building"}},{"type":"Feature","geometry":{"type":"Polygon","coordinates":[[[31.476842,30.039144],[31.476849,30.039151],[31.476869,30.039151],[31.476878,30.039145],[31.476885,30.039145],[31.476886,30.039163],[31.476894,30.039168],[31.476905,30.03917],[31.476966,30.039169],[31.477025,30.039141],[31.477101,30.039053],[31.477088,30.039047],[31.477108,30.039019],[31.477115,30.038989],[31.477127,30.03899],[31.477124,30.038956],[31.477095,30.038959],[31.477099,30.038921],[31.477029,30.038924],[31.477029,30.038932],[31.476861,30.038932],[31.476862,30.038943],[31.47688,30.038944],[31.476881,30.038954],[31.476846,30.038953],[31.476842,30.039144]]]},"properties":{"kind":"building"}},{"type":"Feature","geometry":{"type":"Polygon","coordinates":[[[31.488308,30.024995],[31.488297,30.024698],[31.48832,30.024678],[31.48836,30.024661],[31.488405,30.024657],[31.488461,30.02465],[31.48855,30.024636],[31.488709,30.024592],[31.488792,30.024582],[31.488885,30.024593],[31.488986,30.024619],[31.489084,30.024677],[31.489153,30.024694],[31.489244,30.024681],[31.489346,30.02463],[31.489677,30.024395],[31.489923,30.024114],[31.490121,30.023771],[31.490242,30.02377],[31.490244,30.023817],[31.490367,30.023816],[31.490394,30.024687],[31.490324,30.024852],[31.490136,30.024984],[31.488308,30.024995]]]},"properties":{"kind":"building"}},{"type":"Feature","geometry":{"type":"Polygon","coordinates":[[[31.477932,30.022695],[31.477955,30.022715],[31.477941,30.022727],[31.477982,30.022765],[31.478003,30.022747],[31.478011,30.022754],[31.477989,30.022771],[31.478035,30.022813],[31.478045,30.022805],[31.478074,30.022832],[31.47811,30.022802],[31.478097,30.022791],[31.478129,30.022765],[31.47814,30.022776],[31.478193,30.022733],[31.478171,30.022713],[31.478184,30.022701],[31.478088,30.022613],[31.478073,30.022625],[31.478046,30.0226],[31.477999,30.022638],[31.478008,30.022647],[31.477974,30.022675],[31.477966,30.022667],[31.477932,30.022695]]]},"properties":{"kind":"building"}},{"type":"Feature","geometry":{"type":"Polygon","coordinates":[[[31.477789,30.022557],[31.477812,30.022578],[31.477797,30.02259],[31.477838,30.022627],[31.47786,30.022609],[31.477868,30.022616],[31.477846,30.022634],[31.477891,30.022675],[31.477901,30.022667],[31.47793,30.022693],[31.477964,30.022665],[31.477951,30.022654],[31.477985,30.022626],[31.477996,30.022636],[31.478043,30.022598],[31.478024,30.022581],[31.478042,30.022566],[31.477941,30.022474],[31.477932,30.022482],[31.477905,30.022458],[31.477853,30.022501],[31.477862,30.022509],[31.477831,30.022534],[31.477824,30.022528],[31.477789,30.022557]]]},"properties":{"kind":"building"}},{"type":"Feature","geometry":{"type":"Polygon","coordinates":[[[31.477414,30.022236],[31.477437,30.022257],[31.477423,30.022268],[31.477463,30.022306],[31.477485,30.022288],[31.477493,30.022295],[31.477471,30.022312],[31.477517,30.022354],[31.477527,30.022347],[31.477555,30.022373],[31.477591,30.022343],[31.477579,30.022332],[31.477611,30.022306],[31.477622,30.022317],[31.477675,30.022274],[31.477653,30.022254],[31.477666,30.022243],[31.47757,30.022154],[31.477555,30.022166],[31.477527,30.022141],[31.47748,30.022179],[31.47749,30.022188],[31.477456,30.022216],[31.477447,30.022209],[31.477414,30.022236]]]},"properties":{"kind":"building"}},{"type":"Feature","geometry":{"type":"Polygon","coordinates":[[[31.47727,30.022098],[31.477293,30.022119],[31.477279,30.022131],[31.47732,30.022168],[31.477341,30.02215],[31.477349,30.022157],[31.477328,30.022175],[31.477373,30.022216],[31.477383,30.022208],[31.477411,30.022234],[31.477445,30.022206],[31.477433,30.022195],[31.477466,30.022167],[31.477478,30.022178],[31.477525,30.022139],[31.477506,30.022122],[31.477524,30.022107],[31.477423,30.022016],[31.477414,30.022023],[31.477387,30.021999],[31.477335,30.022042],[31.477344,30.02205],[31.477313,30.022076],[31.477306,30.022069],[31.47727,30.022098]]]},"properties":{"kind":"building"}},{"type":"Feature","geometry":{"type":"Polygon","coordinates":[[[31.477561,30.022374],[31.477584,30.022395],[31.477569,30.022407],[31.47761,30.022444],[31.477632,30.022426],[31.477639,30.022433],[31.477618,30.022451],[31.477664,30.022493],[31.477673,30.022485],[31.477702,30.022511],[31.477738,30.022482],[31.477726,30.02247],[31.477757,30.022445],[31.477769,30.022455],[31.477822,30.022412],[31.477799,30.022392],[31.477813,30.022381],[31.477716,30.022293],[31.477702,30.022305],[31.477674,30.022279],[31.477627,30.022317],[31.477637,30.022326],[31.477602,30.022354],[31.477594,30.022347],[31.477561,30.022374]]]},"properties":{"kind":"building"}},{"type":"Feature","geometry":{"type":"Polygon","coordinates":[[[31.477583,30.02292],[31.477605,30.022941],[31.47762,30.022929],[31.477661,30.022967],[31.477639,30.022984],[31.477646,30.022991],[31.477668,30.022973],[31.477714,30.023015],[31.477704,30.023023],[31.477733,30.02305],[31.477697,30.023079],[31.477685,30.023068],[31.477653,30.023094],[31.477665,30.023104],[31.477612,30.023148],[31.47759,30.023127],[31.477577,30.023138],[31.47748,30.02305],[31.477495,30.023038],[31.477467,30.023013],[31.477514,30.022974],[31.477524,30.022983],[31.477558,30.022955],[31.477549,30.022947],[31.477583,30.02292]]]},"properties":{"kind":"building"}},{"type":"Feature","geometry":{"type":"Polygon","coordinates":[[[31.477432,30.022788],[31.477455,30.022809],[31.477469,30.022797],[31.47751,30.022834],[31.477488,30.022852],[31.477496,30.02286],[31.477517,30.022842],[31.477562,30.022883],[31.477552,30.022891],[31.477581,30.022918],[31.477547,30.022945],[31.477534,30.022934],[31.477501,30.022962],[31.477512,30.022972],[31.477465,30.02301],[31.477446,30.022993],[31.477428,30.023008],[31.477328,30.022915],[31.477338,30.022908],[31.477311,30.022884],[31.477364,30.022841],[31.477373,30.022849],[31.477404,30.022824],[31.477396,30.022817],[31.477432,30.022788]]]},"properties":{"kind":"building"}},{"type":"Feature","geometry":{"type":"Polygon","coordinates":[[[31.477392,30.022684],[31.477392,30.022655],[31.477412,30.022655],[31.477411,30.022604],[31.477381,30.022604],[31.477381,30.022594],[31.477411,30.022594],[31.47741,30.022537],[31.477397,30.022538],[31.477396,30.022502],[31.477349,30.022502],[31.477349,30.022517],[31.477303,30.022518],[31.477303,30.022503],[31.477238,30.022504],[31.477239,30.022528],[31.477214,30.022528],[31.477215,30.022654],[31.477228,30.022654],[31.477229,30.022687],[31.477301,30.022687],[31.4773,30.022676],[31.477343,30.022675],[31.477343,30.022685],[31.477392,30.022684]]]},"properties":{"kind":"building"}},{"type":"Feature","geometry":{"type":"Polygon","coordinates":[[[31.4718,30.029733],[31.471792,30.029512],[31.471988,30.029516],[31.47199,30.029541],[31.471989,30.029555],[31.471974,30.029571],[31.471988,30.029574],[31.471986,30.029629],[31.47197,30.02963],[31.471986,30.029646],[31.471979,30.029662],[31.471966,30.029667],[31.471958,30.029661],[31.47196,30.029679],[31.471956,30.029692],[31.471948,30.029692],[31.471933,30.02969],[31.471927,30.029715],[31.47188,30.029712],[31.471875,30.029728],[31.471867,30.02973],[31.471859,30.029722],[31.471849,30.029722],[31.471846,30.029733],[31.4718,30.029733]]]},"properties":{"kind":"building"}},{"type":"Feature","geometry":{"type":"Polygon","coordinates":[[[31.47067,30.036899],[31.47072,30.036901],[31.470719,30.036914],[31.470757,30.036914],[31.470755,30.036923],[31.470843,30.036926],[31.470844,30.036844],[31.470819,30.036842],[31.47082,30.036837],[31.470825,30.036835],[31.470826,30.036799],[31.470805,30.036772],[31.470785,30.036776],[31.470785,30.036756],[31.470766,30.036742],[31.470746,30.036738],[31.470744,30.036749],[31.470736,30.036749],[31.470737,30.036739],[31.470698,30.03674],[31.470699,30.036723],[31.470658,30.036719],[31.470656,30.036808],[31.470668,30.036809],[31.47067,30.036899]]]},"properties":{"kind":"building"}},{"type":"Feature","geometry":{"type":"Polygon","coordinates":[[[31.482388,30.037163],[31.482315,30.037164],[31.482314,30.037194],[31.482328,30.037194],[31.482327,30.037238],[31.482509,30.037237],[31.482512,30.037196],[31.482527,30.037196],[31.482529,30.037161],[31.482449,30.037164],[31.482428,30.037148],[31.482427,30.037133],[31.482509,30.037131],[31.482508,30.037097],[31.482495,30.037097],[31.482496,30.037067],[31.482491,30.037066],[31.482491,30.037055],[31.482338,30.037055],[31.482337,30.037095],[31.482328,30.037102],[31.482327,30.037128],[31.482408,30.037131],[31.482404,30.037144],[31.482388,30.037163]]]},"properties":{"kind":"building"}},{"type":"Feature","geometry":{"type":"Polygon","coordinates":[[[31.48266,30.037159],[31.482587,30.037161],[31.482586,30.03719],[31.4826,30.037191],[31.482599,30.037234],[31.482781,30.037233],[31.482783,30.037192],[31.482799,30.037192],[31.482801,30.037158],[31.48272,30.037161],[31.4827,30.037145],[31.482698,30.037129],[31.48278,30.037128],[31.482779,30.037094],[31.482767,30.037094],[31.482767,30.037064],[31.482762,30.037063],[31.482762,30.037051],[31.48261,30.037051],[31.482609,30.037091],[31.482599,30.037099],[31.482599,30.037125],[31.48268,30.037127],[31.482676,30.037141],[31.48266,30.037159]]]},"properties":{"kind":"building"}},{"type":"Feature","geometry":{"type":"Polygon","coordinates":[[[31.481427,30.037662],[31.481524,30.037662],[31.481524,30.037654],[31.48155,30.037654],[31.48155,30.037642],[31.481569,30.037642],[31.481568,30.037594],[31.481515,30.037594],[31.481515,30.037567],[31.481563,30.037567],[31.481563,30.037509],[31.481514,30.037509],[31.481514,30.037515],[31.481423,30.037515],[31.481423,30.037511],[31.481378,30.037511],[31.481379,30.037568],[31.481423,30.037568],[31.481423,30.037595],[31.481379,30.037595],[31.481379,30.03764],[31.481393,30.03764],[31.481393,30.037653],[31.481427,30.037653],[31.481427,30.037662]]]},"properties":{"kind":"building"}},{"type":"Feature","geometry":{"type":"Polygon","coordinates":[[[31.481167,30.037666],[31.481264,30.037666],[31.481264,30.037658],[31.481291,30.037658],[31.481291,30.037646],[31.481309,30.037646],[31.481309,30.037598],[31.481255,30.037598],[31.481255,30.037571],[31.481303,30.037571],[31.481303,30.037513],[31.481254,30.037513],[31.481254,30.037519],[31.481164,30.037519],[31.481164,30.037515],[31.481119,30.037515],[31.481119,30.037572],[31.481164,30.037572],[31.481164,30.037599],[31.48112,30.037599],[31.48112,30.037644],[31.481134,30.037644],[31.481134,30.037657],[31.481167,30.037657],[31.481167,30.037666]]]},"properties":{"kind":"building"}},{"type":"Feature","geometry":{"type":"Polygon","coordinates":[[[31.482909,30.036881],[31.482909,30.03692],[31.482952,30.03692],[31.482952,30.036931],[31.483052,30.036931],[31.483052,30.036919],[31.4831,30.036919],[31.483101,30.03685],[31.483129,30.03685],[31.48313,30.036773],[31.483101,30.036773],[31.483101,30.036756],[31.483094,30.036756],[31.483094,30.036721],[31.48305,30.036721],[31.48305,30.036712],[31.482951,30.036711],[31.48295,30.03672],[31.482905,30.03672],[31.482905,30.036752],[31.482896,30.036752],[31.482896,30.036779],[31.482903,30.036779],[31.482902,30.036881],[31.482909,30.036881]]]},"properties":{"kind":"building"}},{"type":"Feature","geometry":{"type":"Polygon","coordinates":[[[31.482609,30.036886],[31.482609,30.036924],[31.482652,30.036925],[31.482652,30.036935],[31.482752,30.036936],[31.482752,30.036923],[31.4828,30.036924],[31.4828,30.036855],[31.482829,30.036855],[31.482829,30.036778],[31.4828,30.036778],[31.482801,30.036761],[31.482794,30.036761],[31.482794,30.036726],[31.482749,30.036726],[31.482749,30.036716],[31.48265,30.036716],[31.48265,30.036725],[31.482605,30.036724],[31.482604,30.036757],[31.482596,30.036757],[31.482596,30.036784],[31.482602,30.036784],[31.482601,30.036886],[31.482609,30.036886]]]},"properties":{"kind":"building"}},{"type":"Feature","geometry":{"type":"Polygon","coordinates":[[[31.482305,30.036886],[31.482305,30.036925],[31.482348,30.036925],[31.482348,30.036936],[31.482448,30.036936],[31.482448,30.036924],[31.482496,30.036924],[31.482496,30.036855],[31.482525,30.036855],[31.482526,30.036779],[31.482497,30.036779],[31.482497,30.036762],[31.48249,30.036762],[31.48249,30.036726],[31.482446,30.036726],[31.482446,30.036717],[31.482346,30.036716],[31.482346,30.036725],[31.482301,30.036725],[31.482301,30.036758],[31.482292,30.036758],[31.482292,30.036784],[31.482298,30.036784],[31.482298,30.036886],[31.482305,30.036886]]]},"properties":{"kind":"building"}},{"type":"Feature","geometry":{"type":"Polygon","coordinates":[[[31.481508,30.0372],[31.481508,30.037239],[31.481552,30.037239],[31.481552,30.03725],[31.481651,30.03725],[31.481651,30.037238],[31.4817,30.037238],[31.4817,30.037169],[31.481728,30.037169],[31.481729,30.037093],[31.4817,30.037092],[31.4817,30.037076],[31.481693,30.037076],[31.481693,30.03704],[31.481649,30.03704],[31.481649,30.037031],[31.48155,30.03703],[31.48155,30.037039],[31.481504,30.037039],[31.481504,30.037072],[31.481496,30.037072],[31.481496,30.037098],[31.481502,30.037098],[31.481501,30.0372],[31.481508,30.0372]]]},"properties":{"kind":"building"}},{"type":"Feature","geometry":{"type":"Polygon","coordinates":[[[31.481218,30.037201],[31.481218,30.037239],[31.481261,30.03724],[31.481261,30.03725],[31.481361,30.037251],[31.481361,30.037239],[31.481409,30.037239],[31.48141,30.03717],[31.481438,30.03717],[31.481439,30.037093],[31.48141,30.037093],[31.48141,30.037076],[31.481403,30.037076],[31.481403,30.037041],[31.481358,30.037041],[31.481359,30.037031],[31.481259,30.037031],[31.481259,30.03704],[31.481214,30.03704],[31.481214,30.037072],[31.481205,30.037072],[31.481205,30.037099],[31.481211,30.037099],[31.481211,30.037201],[31.481218,30.037201]]]},"properties":{"kind":"building"}},{"type":"Feature","geometry":{"type":"Polygon","coordinates":[[[31.480911,30.037201],[31.480911,30.037239],[31.480955,30.037239],[31.480955,30.037251],[31.481054,30.037251],[31.481054,30.037239],[31.481101,30.037239],[31.481101,30.037168],[31.481132,30.037168],[31.481132,30.037094],[31.481103,30.037094],[31.481103,30.037076],[31.481096,30.037076],[31.481096,30.037041],[31.481052,30.037041],[31.481052,30.037031],[31.480953,30.037031],[31.480953,30.03704],[31.480907,30.03704],[31.480907,30.037072],[31.480899,30.037072],[31.480899,30.037099],[31.480905,30.037099],[31.480905,30.037201],[31.480911,30.037201]]]},"properties":{"kind":"building"}},{"type":"Feature","geometry":{"type":"Polygon","coordinates":[[[31.484878,30.025083],[31.484818,30.024894],[31.484729,30.024795],[31.484619,30.02477],[31.483948,30.024763],[31.483949,30.024728],[31.483834,30.024729],[31.483834,30.024767],[31.482421,30.024791],[31.482416,30.024762],[31.481839,30.024761],[31.48184,30.0248],[31.481031,30.02481],[31.481032,30.024831],[31.480682,30.024828],[31.480638,30.024842],[31.480594,30.024868],[31.480571,30.024894],[31.480557,30.024929],[31.48056,30.02499],[31.480572,30.025069],[31.48059,30.025094],[31.480612,30.025107],[31.484878,30.025083]]]},"properties":{"kind":"building"}},{"type":"Feature","geometry":{"type":"Polygon","coordinates":[[[31.47159,30.037603],[31.471848,30.0376],[31.471843,30.037549],[31.471823,30.037546],[31.471823,30.037472],[31.471797,30.037472],[31.471797,30.037456],[31.471761,30.037458],[31.471759,30.037475],[31.471693,30.037478],[31.471693,30.037471],[31.471681,30.03747],[31.471681,30.037457],[31.47163,30.037458],[31.471597,30.037479],[31.471587,30.037507],[31.471571,30.037512],[31.471571,30.037537],[31.471589,30.037537],[31.471589,30.03757],[31.471573,30.03757],[31.471573,30.037592],[31.471592,30.037591],[31.47159,30.037603]]]},"properties":{"kind":"building"}},{"type":"Feature","geometry":{"type":"Polygon","coordinates":[[[31.474258,30.041253],[31.474257,30.041329],[31.47431,30.041329],[31.47431,30.041289],[31.474364,30.04129],[31.474371,30.0413],[31.47439,30.041301],[31.47439,30.041327],[31.474404,30.041344],[31.474437,30.041343],[31.474437,30.041328],[31.474454,30.041328],[31.474454,30.041293],[31.474446,30.041293],[31.474446,30.041276],[31.474467,30.041276],[31.474466,30.041261],[31.474445,30.04126],[31.474445,30.041206],[31.474343,30.041206],[31.474343,30.041215],[31.474248,30.041216],[31.474248,30.041246],[31.474258,30.041253]]]},"properties":{"kind":"building"}},{"type":"Feature","geometry":{"type":"Polygon","coordinates":[[[31.474245,30.03962],[31.474356,30.039622],[31.474355,30.039627],[31.474456,30.039631],[31.474458,30.039623],[31.474475,30.039622],[31.474479,30.039576],[31.474461,30.039577],[31.474465,30.039563],[31.474461,30.03955],[31.474448,30.039534],[31.474438,30.039528],[31.474399,30.039522],[31.474398,30.039517],[31.474405,30.039505],[31.474405,30.039497],[31.474397,30.039486],[31.474382,30.03948],[31.474376,30.03948],[31.474374,30.039469],[31.474255,30.039467],[31.474255,30.039531],[31.474248,30.039531],[31.474245,30.03962]]]},"properties":{"kind":"building"}},{"type":"Feature","geometry":{"type":"Polygon","coordinates":[[[31.472776,30.040766],[31.472829,30.040765],[31.472824,30.040774],[31.472866,30.040811],[31.472885,30.04081],[31.472886,30.040832],[31.472878,30.040832],[31.472881,30.040908],[31.472886,30.040913],[31.472896,30.040911],[31.472901,30.040905],[31.472921,30.040914],[31.472938,30.040918],[31.472972,30.040907],[31.472997,30.040908],[31.472996,30.040822],[31.473012,30.040822],[31.47301,30.040764],[31.472992,30.040765],[31.472996,30.04072],[31.472996,30.040696],[31.472961,30.040659],[31.472778,30.040653],[31.472776,30.040766]]]},"properties":{"kind":"building"}},{"type":"Feature","geometry":{"type":"Polygon","coordinates":[[[31.487541,30.041346],[31.487602,30.041289],[31.48758,30.041271],[31.487833,30.041035],[31.487898,30.041087],[31.487864,30.04112],[31.487897,30.041146],[31.487931,30.041114],[31.488069,30.041224],[31.488056,30.041237],[31.48807,30.041248],[31.488062,30.041312],[31.488084,30.04133],[31.488086,30.041389],[31.487962,30.041502],[31.487898,30.041508],[31.487866,30.041479],[31.48782,30.041481],[31.487803,30.041467],[31.487767,30.0415],[31.487739,30.041477],[31.487723,30.041492],[31.487541,30.041346]]]},"properties":{"kind":"building"}},{"type":"Feature","geometry":{"type":"Polygon","coordinates":[[[31.473867,30.041693],[31.473857,30.041712],[31.473888,30.041728],[31.473894,30.041725],[31.473924,30.041742],[31.473918,30.041754],[31.473951,30.041773],[31.473945,30.041784],[31.473984,30.041806],[31.474117,30.041639],[31.474051,30.041597],[31.474042,30.041612],[31.473939,30.04155],[31.473931,30.041563],[31.473907,30.041546],[31.473902,30.041553],[31.473853,30.041532],[31.47383,30.041561],[31.473843,30.041567],[31.473809,30.041609],[31.473789,30.041602],[31.473761,30.041632],[31.473867,30.041693]]]},"properties":{"kind":"building"}},{"type":"Feature","geometry":{"type":"Polygon","coordinates":[[[31.482022,30.036834],[31.481943,30.036835],[31.481942,30.036865],[31.481956,30.036865],[31.481955,30.036911],[31.482112,30.036911],[31.482109,30.036869],[31.482123,30.036868],[31.482123,30.036833],[31.482041,30.036833],[31.482041,30.036819],[31.482063,30.036801],[31.482138,30.036802],[31.482139,30.036767],[31.482125,30.036767],[31.482127,30.036722],[31.481936,30.036723],[31.481937,30.036767],[31.481925,30.036767],[31.481925,30.036802],[31.482004,30.036801],[31.482022,30.036817],[31.482022,30.036834]]]},"properties":{"kind":"building"}},{"type":"Feature","geometry":{"type":"Polygon","coordinates":[[[31.48172,30.036838],[31.481642,30.036839],[31.481641,30.036869],[31.481654,30.03687],[31.481653,30.036915],[31.48181,30.036916],[31.481808,30.036873],[31.481821,30.036873],[31.481821,30.036837],[31.481739,30.036838],[31.481739,30.036824],[31.481761,30.036806],[31.481836,30.036807],[31.481838,30.036772],[31.481824,30.036772],[31.481825,30.036727],[31.481634,30.036728],[31.481635,30.036772],[31.481623,30.036772],[31.481623,30.036806],[31.481702,30.036806],[31.481721,30.036822],[31.48172,30.036838]]]},"properties":{"kind":"building"}},{"type":"Feature","geometry":{"type":"Polygon","coordinates":[[[31.481426,30.036843],[31.481347,30.036845],[31.481346,30.036874],[31.481359,30.036875],[31.481358,30.036921],[31.481516,30.036921],[31.481513,30.036879],[31.481527,30.036878],[31.481527,30.036843],[31.481445,30.036843],[31.481445,30.036829],[31.481466,30.036811],[31.481542,30.036812],[31.481543,30.036777],[31.481529,30.036777],[31.48153,30.036732],[31.48134,30.036733],[31.481341,30.036777],[31.481329,30.036777],[31.481329,30.036811],[31.481408,30.036811],[31.481426,30.036827],[31.481426,30.036843]]]},"properties":{"kind":"building"}},{"type":"Feature","geometry":{"type":"Polygon","coordinates":[[[31.481123,30.036847],[31.481045,30.036848],[31.481044,30.036878],[31.481057,30.036879],[31.481056,30.036924],[31.481213,30.036924],[31.481211,30.036882],[31.481224,30.036881],[31.481224,30.036846],[31.481143,30.036847],[31.481142,30.036833],[31.481164,30.036815],[31.481239,30.036815],[31.481241,30.036781],[31.481227,30.036781],[31.481228,30.036735],[31.481037,30.036736],[31.481039,30.03678],[31.481026,30.036781],[31.481026,30.036815],[31.481105,30.036815],[31.481124,30.036831],[31.481123,30.036847]]]},"properties":{"kind":"building"}},{"type":"Feature","geometry":{"type":"Polygon","coordinates":[[[31.480844,30.036848],[31.480766,30.036849],[31.480765,30.036878],[31.480778,30.036879],[31.480777,30.036925],[31.480934,30.036925],[31.480932,30.036883],[31.480945,30.036882],[31.480945,30.036847],[31.480864,30.036847],[31.480863,30.036833],[31.480885,30.036815],[31.48096,30.036816],[31.480962,30.036781],[31.480948,30.036781],[31.480949,30.036736],[31.480758,30.036737],[31.48076,30.036781],[31.480747,30.036781],[31.480748,30.036816],[31.480826,30.036815],[31.480845,30.036831],[31.480844,30.036848]]]},"properties":{"kind":"building"}},{"type":"Feature","geometry":{"type":"Polygon","coordinates":[[[31.491112,30.026473],[31.491112,30.026483],[31.491114,30.026532],[31.491115,30.026577],[31.491114,30.026588],[31.491108,30.026598],[31.491096,30.026606],[31.491082,30.026609],[31.491068,30.026607],[31.491057,30.026599],[31.491049,30.026589],[31.491049,30.02658],[31.491047,30.026533],[31.491046,30.026485],[31.491045,30.026474],[31.491046,30.02646],[31.491055,30.026447],[31.491069,30.026439],[31.491086,30.026439],[31.491101,30.026446],[31.491111,30.026458],[31.491112,30.026473]]]},"properties":{"kind":"building"}},{"type":"Feature","geometry":{"type":"Polygon","coordinates":[[[31.47861,30.043381],[31.478669,30.04338],[31.478685,30.043402],[31.47871,30.043409],[31.47874,30.043402],[31.478759,30.043379],[31.478814,30.04338],[31.478814,30.043293],[31.478842,30.043292],[31.478842,30.043219],[31.478813,30.043219],[31.478813,30.043164],[31.478609,30.043165],[31.478609,30.043182],[31.478622,30.043182],[31.478622,30.043207],[31.478608,30.043207],[31.47861,30.043303],[31.47862,30.043303],[31.47862,30.043327],[31.47861,30.043327],[31.47861,30.043381]]]},"properties":{"kind":"building"}},{"type":"Feature","geometry":{"type":"Polygon","coordinates":[[[31.478319,30.04338],[31.478378,30.043379],[31.478394,30.043401],[31.478419,30.043408],[31.478449,30.043401],[31.478468,30.043378],[31.478524,30.043379],[31.478523,30.043292],[31.478551,30.043291],[31.478551,30.043218],[31.478522,30.043218],[31.478522,30.043163],[31.478318,30.043164],[31.478318,30.043181],[31.478331,30.043181],[31.478331,30.043206],[31.478317,30.043206],[31.478319,30.043302],[31.478329,30.043302],[31.478329,30.043326],[31.478319,30.043326],[31.478319,30.04338]]]},"properties":{"kind":"building"}},{"type":"Feature","geometry":{"type":"Polygon","coordinates":[[[31.478034,30.043376],[31.478094,30.043375],[31.47811,30.043397],[31.478135,30.043405],[31.478164,30.043398],[31.478183,30.043374],[31.478239,30.043375],[31.478239,30.043288],[31.478267,30.043288],[31.478266,30.043215],[31.478238,30.043215],[31.478237,30.043159],[31.478033,30.04316],[31.478033,30.043177],[31.478047,30.043177],[31.478047,30.043202],[31.478032,30.043202],[31.478034,30.043298],[31.478044,30.043298],[31.478044,30.043322],[31.478034,30.043322],[31.478034,30.043376]]]},"properties":{"kind":"building"}},{"type":"Feature","geometry":{"type":"Polygon","coordinates":[[[31.477279,30.043388],[31.477338,30.043387],[31.477354,30.043408],[31.477379,30.043416],[31.477408,30.043409],[31.477428,30.043386],[31.477483,30.043387],[31.477483,30.043299],[31.477511,30.043299],[31.47751,30.043226],[31.477482,30.043226],[31.477482,30.043171],[31.477277,30.043171],[31.477278,30.043189],[31.477291,30.043188],[31.477291,30.043213],[31.477277,30.043214],[31.477279,30.043309],[31.477289,30.04331],[31.477289,30.043334],[31.477279,30.043334],[31.477279,30.043388]]]},"properties":{"kind":"building"}},{"type":"Feature","geometry":{"type":"Polygon","coordinates":[[[31.476984,30.043388],[31.477044,30.043387],[31.47706,30.043408],[31.477085,30.043416],[31.477114,30.043409],[31.477133,30.043386],[31.477189,30.043387],[31.477189,30.043299],[31.477217,30.043299],[31.477216,30.043226],[31.477188,30.043226],[31.477187,30.043171],[31.476983,30.043171],[31.476983,30.043189],[31.476997,30.043188],[31.476997,30.043213],[31.476982,30.043214],[31.476985,30.043309],[31.476994,30.04331],[31.476994,30.043334],[31.476985,30.043334],[31.476984,30.043388]]]},"properties":{"kind":"building"}},{"type":"Feature","geometry":{"type":"Polygon","coordinates":[[[31.476697,30.043388],[31.476756,30.043387],[31.476772,30.043408],[31.476797,30.043416],[31.476827,30.043409],[31.476845,30.043386],[31.476901,30.043387],[31.476901,30.043299],[31.476929,30.043299],[31.476928,30.043226],[31.4769,30.043226],[31.4769,30.043171],[31.476696,30.043171],[31.476696,30.043189],[31.476709,30.043188],[31.476709,30.043213],[31.476695,30.043214],[31.476697,30.043309],[31.476706,30.04331],[31.476707,30.043334],[31.476697,30.043334],[31.476697,30.043388]]]},"properties":{"kind":"building"}},{"type":"Feature","geometry":{"type":"Polygon","coordinates":[[[31.476418,30.043386],[31.476477,30.043385],[31.476493,30.043406],[31.476518,30.043414],[31.476547,30.043407],[31.476567,30.043384],[31.476622,30.043385],[31.476622,30.043297],[31.47665,30.043297],[31.476649,30.043224],[31.476621,30.043224],[31.476621,30.043169],[31.476416,30.04317],[31.476417,30.043187],[31.47643,30.043186],[31.47643,30.043211],[31.476416,30.043212],[31.476418,30.043307],[31.476427,30.043308],[31.476428,30.043332],[31.476418,30.043332],[31.476418,30.043386]]]},"properties":{"kind":"building"}},{"type":"Feature","geometry":{"type":"Polygon","coordinates":[[[31.476133,30.043387],[31.476193,30.043386],[31.476209,30.043407],[31.476234,30.043415],[31.476263,30.043408],[31.476282,30.043385],[31.476338,30.043386],[31.476338,30.043298],[31.476366,30.043298],[31.476365,30.043225],[31.476337,30.043225],[31.476337,30.04317],[31.476132,30.04317],[31.476132,30.043188],[31.476146,30.043187],[31.476146,30.043212],[31.476131,30.043213],[31.476134,30.043308],[31.476143,30.043309],[31.476144,30.043333],[31.476134,30.043333],[31.476133,30.043387]]]},"properties":{"kind":"building"}},{"type":"Feature","geometry":{"type":"Polygon","coordinates":[[[31.477067,30.044868],[31.477268,30.044869],[31.477269,30.044798],[31.477299,30.044798],[31.477298,30.04474],[31.477267,30.044741],[31.477265,30.04466],[31.477197,30.044662],[31.477189,30.044637],[31.477165,30.044633],[31.477138,30.044639],[31.477134,30.044663],[31.477069,30.044664],[31.477069,30.044708],[31.477076,30.044709],[31.477076,30.044733],[31.477068,30.044733],[31.477067,30.044824],[31.477078,30.044825],[31.477079,30.044853],[31.477067,30.044853],[31.477067,30.044868]]]},"properties":{"kind":"building"}},{"type":"Feature","geometry":{"type":"Polygon","coordinates":[[[31.476795,30.044863],[31.476995,30.044864],[31.476996,30.044793],[31.477026,30.044793],[31.477026,30.044735],[31.476995,30.044736],[31.476993,30.044656],[31.476925,30.044657],[31.476917,30.044633],[31.476892,30.044628],[31.476866,30.044634],[31.476861,30.044658],[31.476796,30.04466],[31.476796,30.044704],[31.476803,30.044704],[31.476803,30.044728],[31.476795,30.044728],[31.476795,30.04482],[31.476805,30.04482],[31.476806,30.044848],[31.476795,30.044849],[31.476795,30.044863]]]},"properties":{"kind":"building"}},{"type":"Feature","geometry":{"type":"Polygon","coordinates":[[[31.476508,30.044869],[31.476709,30.04487],[31.47671,30.044798],[31.47674,30.044798],[31.476739,30.044741],[31.476708,30.044742],[31.476706,30.044661],[31.476638,30.044663],[31.47663,30.044638],[31.476605,30.044634],[31.476579,30.04464],[31.476574,30.044664],[31.476509,30.044665],[31.476509,30.044709],[31.476517,30.04471],[31.476517,30.044734],[31.476509,30.044734],[31.476508,30.044825],[31.476519,30.044826],[31.47652,30.044854],[31.476508,30.044854],[31.476508,30.044869]]]},"properties":{"kind":"building"}},{"type":"Feature","geometry":{"type":"Polygon","coordinates":[[[31.476216,30.044878],[31.476416,30.044879],[31.476418,30.044807],[31.476447,30.044807],[31.476447,30.04475],[31.476416,30.04475],[31.476414,30.04467],[31.476346,30.044672],[31.476338,30.044647],[31.476313,30.044643],[31.476287,30.044649],[31.476282,30.044673],[31.476217,30.044674],[31.476217,30.044718],[31.476225,30.044719],[31.476225,30.044743],[31.476217,30.044743],[31.476216,30.044834],[31.476227,30.044835],[31.476228,30.044863],[31.476216,30.044863],[31.476216,30.044878]]]},"properties":{"kind":"building"}},{"type":"Feature","geometry":{"type":"Polygon","coordinates":[[[31.479703,30.044065],[31.479704,30.044117],[31.479679,30.044131],[31.47967,30.044152],[31.479678,30.044178],[31.479705,30.044194],[31.479703,30.044243],[31.479762,30.044243],[31.479762,30.044235],[31.479814,30.044236],[31.479814,30.044244],[31.4799,30.044245],[31.479899,30.044235],[31.479933,30.044236],[31.479933,30.044245],[31.479947,30.044245],[31.479947,30.044061],[31.479895,30.044061],[31.479894,30.04405],[31.479812,30.04405],[31.479812,30.044063],[31.479703,30.044065]]]},"properties":{"kind":"building"}},{"type":"Feature","geometry":{"type":"Polygon","coordinates":[[[31.479708,30.043781],[31.479709,30.043832],[31.479684,30.043846],[31.479675,30.043868],[31.479683,30.043893],[31.47971,30.04391],[31.479709,30.043958],[31.479767,30.043958],[31.479767,30.04395],[31.479819,30.043951],[31.479819,30.043959],[31.479905,30.04396],[31.479905,30.043951],[31.479938,30.043951],[31.479938,30.043961],[31.479952,30.043961],[31.479952,30.043777],[31.4799,30.043777],[31.4799,30.043765],[31.479817,30.043765],[31.479817,30.043778],[31.479708,30.043781]]]},"properties":{"kind":"building"}},{"type":"Feature","geometry":{"type":"Polygon","coordinates":[[[31.479177,30.043381],[31.479236,30.04338],[31.479252,30.043402],[31.479277,30.043409],[31.479306,30.043402],[31.479326,30.043379],[31.479381,30.04338],[31.479381,30.043293],[31.479409,30.043292],[31.479408,30.043219],[31.47938,30.043219],[31.47938,30.043164],[31.479176,30.043165],[31.479176,30.043182],[31.479189,30.043182],[31.479189,30.043207],[31.479174,30.043207],[31.479177,30.043303],[31.479187,30.043303],[31.479187,30.043327],[31.479177,30.043327],[31.479177,30.043381]]]},"properties":{"kind":"building"}},{"type":"Feature","geometry":{"type":"Polygon","coordinates":[[[31.478891,30.043384],[31.47895,30.043383],[31.478967,30.043405],[31.478992,30.043412],[31.479021,30.043405],[31.47904,30.043382],[31.479096,30.043383],[31.479095,30.043295],[31.479123,30.043295],[31.479123,30.043222],[31.479094,30.043222],[31.479094,30.043167],[31.47889,30.043168],[31.47889,30.043185],[31.478904,30.043184],[31.478903,30.04321],[31.478889,30.04321],[31.478891,30.043305],[31.478901,30.043306],[31.478901,30.04333],[31.478891,30.04333],[31.478891,30.043384]]]},"properties":{"kind":"building"}},{"type":"Feature","geometry":{"type":"Polygon","coordinates":[[[31.47584,30.044269],[31.475839,30.044217],[31.475864,30.044203],[31.475872,30.044182],[31.475864,30.044156],[31.475837,30.04414],[31.475838,30.044092],[31.475737,30.044093],[31.475736,30.044069],[31.475652,30.044069],[31.475652,30.044094],[31.475588,30.044094],[31.475591,30.044271],[31.475611,30.044271],[31.47561,30.044259],[31.475639,30.044259],[31.47564,30.044272],[31.47575,30.044269],[31.47575,30.044261],[31.475778,30.04426],[31.475778,30.044269],[31.47584,30.044269]]]},"properties":{"kind":"building"}},{"type":"Feature","geometry":{"type":"Polygon","coordinates":[[[31.475837,30.043983],[31.475835,30.043932],[31.47586,30.043918],[31.475869,30.043896],[31.47586,30.043871],[31.475834,30.043854],[31.475834,30.043806],[31.475733,30.043807],[31.475733,30.043783],[31.475648,30.043784],[31.475649,30.043808],[31.475585,30.043809],[31.475587,30.043986],[31.475607,30.043986],[31.475606,30.043974],[31.475635,30.043974],[31.475636,30.043986],[31.475746,30.043984],[31.475747,30.043975],[31.475774,30.043975],[31.475775,30.043983],[31.475837,30.043983]]]},"properties":{"kind":"building"}},{"type":"Feature","geometry":{"type":"Polygon","coordinates":[[[31.479155,30.044847],[31.479356,30.044848],[31.479357,30.044777],[31.479387,30.044777],[31.479386,30.044719],[31.479355,30.04472],[31.479353,30.04464],[31.479285,30.044641],[31.479277,30.044617],[31.479253,30.044612],[31.479226,30.044618],[31.479222,30.044642],[31.479157,30.044643],[31.479156,30.044688],[31.479164,30.044688],[31.479164,30.044712],[31.479156,30.044712],[31.479155,30.044804],[31.479166,30.044804],[31.479167,30.044832],[31.479155,30.044832],[31.479155,30.044847]]]},"properties":{"kind":"building"}},{"type":"Feature","geometry":{"type":"Polygon","coordinates":[[[31.47887,30.044846],[31.47907,30.044847],[31.479071,30.044776],[31.479101,30.044776],[31.479101,30.044718],[31.47907,30.044719],[31.479068,30.044639],[31.479,30.04464],[31.478991,30.044616],[31.478967,30.044611],[31.478941,30.044617],[31.478936,30.044642],[31.478871,30.044642],[31.478871,30.044687],[31.478879,30.044687],[31.478878,30.044711],[31.47887,30.044711],[31.47887,30.044803],[31.47888,30.044803],[31.478881,30.044831],[31.47887,30.044832],[31.47887,30.044846]]]},"properties":{"kind":"building"}},{"type":"Feature","geometry":{"type":"Polygon","coordinates":[[[31.478597,30.044847],[31.478798,30.044848],[31.478799,30.044777],[31.478828,30.044777],[31.478828,30.044719],[31.478797,30.04472],[31.478795,30.04464],[31.478727,30.044641],[31.478719,30.044617],[31.478694,30.044612],[31.478668,30.044618],[31.478663,30.044642],[31.478599,30.044643],[31.478598,30.044688],[31.478606,30.044688],[31.478606,30.044712],[31.478598,30.044712],[31.478597,30.044804],[31.478608,30.044804],[31.478609,30.044832],[31.478597,30.044832],[31.478597,30.044847]]]},"properties":{"kind":"building"}},{"type":"Feature","geometry":{"type":"Polygon","coordinates":[[[31.478293,30.04485],[31.478494,30.044851],[31.478495,30.04478],[31.478524,30.04478],[31.478524,30.044722],[31.478493,30.044723],[31.478491,30.044642],[31.478423,30.044644],[31.478415,30.044619],[31.47839,30.044615],[31.478364,30.044621],[31.478359,30.044645],[31.478295,30.044646],[31.478294,30.04469],[31.478302,30.044691],[31.478302,30.044715],[31.478294,30.044715],[31.478293,30.044806],[31.478304,30.044807],[31.478305,30.044835],[31.478293,30.044835],[31.478293,30.04485]]]},"properties":{"kind":"building"}},{"type":"Feature","geometry":{"type":"Polygon","coordinates":[[[31.47801,30.044852],[31.47821,30.044853],[31.478211,30.044782],[31.478241,30.044782],[31.478241,30.044724],[31.47821,30.044725],[31.478208,30.044644],[31.47814,30.044646],[31.478131,30.044621],[31.478107,30.044617],[31.478081,30.044623],[31.478076,30.044647],[31.478011,30.044648],[31.478011,30.044692],[31.478019,30.044693],[31.478018,30.044717],[31.47801,30.044717],[31.47801,30.044808],[31.47802,30.044809],[31.478021,30.044837],[31.47801,30.044837],[31.47801,30.044852]]]},"properties":{"kind":"building"}},{"type":"Feature","geometry":{"type":"Polygon","coordinates":[[[31.477659,30.044854],[31.47786,30.044855],[31.477861,30.044783],[31.47789,30.044783],[31.47789,30.044726],[31.477859,30.044727],[31.477857,30.044646],[31.477789,30.044648],[31.477781,30.044623],[31.477756,30.044619],[31.47773,30.044625],[31.477725,30.044649],[31.47766,30.04465],[31.47766,30.044694],[31.477668,30.044695],[31.477668,30.044719],[31.47766,30.044719],[31.477659,30.04481],[31.47767,30.044811],[31.47767,30.044839],[31.477659,30.044839],[31.477659,30.044854]]]},"properties":{"kind":"building"}},{"type":"Feature","geometry":{"type":"Polygon","coordinates":[[[31.477365,30.044862],[31.477565,30.044863],[31.477566,30.044792],[31.477596,30.044792],[31.477596,30.044734],[31.477565,30.044735],[31.477563,30.044655],[31.477495,30.044656],[31.477487,30.044632],[31.477462,30.044627],[31.477436,30.044633],[31.477431,30.044657],[31.477366,30.044659],[31.477366,30.044703],[31.477374,30.044703],[31.477373,30.044727],[31.477365,30.044727],[31.477365,30.044819],[31.477376,30.044819],[31.477376,30.044847],[31.477365,30.044848],[31.477365,30.044862]]]},"properties":{"kind":"building"}},{"type":"Feature","geometry":{"type":"Polygon","coordinates":[[[31.471461,30.040827],[31.471653,30.04083],[31.471664,30.040821],[31.471675,30.040822],[31.471685,30.040818],[31.471683,30.040809],[31.471675,30.040799],[31.471671,30.040786],[31.471675,30.040771],[31.471676,30.040757],[31.471671,30.040744],[31.471671,30.040727],[31.471682,30.040714],[31.47168,30.040703],[31.471671,30.040699],[31.471661,30.0407],[31.471652,30.040693],[31.471643,30.040688],[31.471477,30.040689],[31.471477,30.040795],[31.471463,30.040798],[31.471461,30.040827]]]},"properties":{"kind":"building"}},{"type":"Feature","geometry":{"type":"Polygon","coordinates":[[[31.471086,30.040603],[31.471087,30.040649],[31.471345,30.040649],[31.471346,30.040519],[31.471276,30.040513],[31.471268,30.040514],[31.471266,30.040501],[31.471231,30.040503],[31.471194,30.040481],[31.471184,30.040481],[31.471187,30.040493],[31.471124,30.040476],[31.471093,30.04047],[31.471087,30.040519],[31.471102,30.04053],[31.471098,30.040591],[31.471105,30.040594],[31.471107,30.040601],[31.471106,30.040606],[31.4711,30.040608],[31.471095,30.040604],[31.471086,30.040603]]]},"properties":{"kind":"building"}},{"type":"Feature","geometry":{"type":"Polygon","coordinates":[[[31.47708,30.023346],[31.477094,30.023334],[31.477076,30.023318],[31.477087,30.023308],[31.477048,30.023275],[31.477192,30.023146],[31.477232,30.02318],[31.477241,30.023172],[31.477261,30.023189],[31.477272,30.023179],[31.477375,30.023266],[31.477363,30.023276],[31.477381,30.023292],[31.477373,30.023299],[31.477414,30.023333],[31.477262,30.023469],[31.477227,30.023439],[31.477219,30.023446],[31.477199,30.02343],[31.47719,30.023438],[31.47708,30.023346]]]},"properties":{"kind":"building"}},{"type":"Feature","geometry":{"type":"Polygon","coordinates":[[[31.476888,30.023522],[31.476902,30.023509],[31.476883,30.023493],[31.476894,30.023483],[31.476856,30.02345],[31.477,30.023322],[31.477039,30.023355],[31.477048,30.023347],[31.477068,30.023364],[31.477079,30.023354],[31.477182,30.023441],[31.47717,30.023451],[31.477188,30.023467],[31.47718,30.023474],[31.477221,30.023508],[31.477069,30.023644],[31.477034,30.023614],[31.477026,30.023622],[31.477006,30.023605],[31.476997,30.023613],[31.476888,30.023522]]]},"properties":{"kind":"building"}},{"type":"Feature","geometry":{"type":"Polygon","coordinates":[[[31.476695,30.023698],[31.476709,30.023686],[31.47669,30.02367],[31.476702,30.02366],[31.476663,30.023627],[31.476807,30.023498],[31.476847,30.023532],[31.476855,30.023524],[31.476876,30.023541],[31.476886,30.023531],[31.476989,30.023618],[31.476978,30.023628],[31.476996,30.023644],[31.476988,30.023651],[31.477028,30.023685],[31.476876,30.023821],[31.476841,30.023791],[31.476833,30.023798],[31.476813,30.023782],[31.476804,30.02379],[31.476695,30.023698]]]},"properties":{"kind":"building"}},{"type":"Feature","geometry":{"type":"Polygon","coordinates":[[[31.476585,30.023384],[31.476585,30.023367],[31.476559,30.023366],[31.476559,30.023352],[31.476505,30.023352],[31.476507,30.023172],[31.476562,30.023173],[31.476562,30.023162],[31.47659,30.023162],[31.47659,30.023149],[31.476734,30.02315],[31.476734,30.023165],[31.476759,30.023165],[31.476759,30.023175],[31.476816,30.023175],[31.476814,30.023364],[31.476765,30.023364],[31.476765,30.023374],[31.476737,30.023374],[31.476737,30.023385],[31.476585,30.023384]]]},"properties":{"kind":"building"}},{"type":"Feature","geometry":{"type":"Polygon","coordinates":[[[31.476588,30.023144],[31.476588,30.023126],[31.476562,30.023126],[31.476562,30.023112],[31.476508,30.023112],[31.47651,30.022932],[31.476565,30.022933],[31.476565,30.022922],[31.476593,30.022922],[31.476593,30.022909],[31.476737,30.02291],[31.476737,30.022924],[31.476762,30.022925],[31.476762,30.022935],[31.476819,30.022935],[31.476817,30.023124],[31.476768,30.023124],[31.476768,30.023134],[31.47674,30.023134],[31.47674,30.023145],[31.476588,30.023144]]]},"properties":{"kind":"building"}},{"type":"Feature","geometry":{"type":"Polygon","coordinates":[[[31.476707,30.022595],[31.476707,30.022577],[31.476681,30.022577],[31.476681,30.022562],[31.476628,30.022562],[31.476629,30.022383],[31.476684,30.022383],[31.476684,30.022372],[31.476713,30.022372],[31.476713,30.022359],[31.476856,30.02236],[31.476856,30.022375],[31.476882,30.022375],[31.476881,30.022385],[31.476938,30.022386],[31.476936,30.022574],[31.476887,30.022574],[31.476887,30.022584],[31.47686,30.022584],[31.47686,30.022596],[31.476707,30.022595]]]},"properties":{"kind":"building"}},{"type":"Feature","geometry":{"type":"Polygon","coordinates":[[[31.476705,30.022834],[31.476705,30.022817],[31.476678,30.022817],[31.476679,30.022802],[31.476625,30.022802],[31.476626,30.022623],[31.476681,30.022623],[31.476682,30.022612],[31.47671,30.022612],[31.47671,30.022599],[31.476853,30.0226],[31.476853,30.022615],[31.476879,30.022615],[31.476879,30.022625],[31.476935,30.022626],[31.476933,30.022814],[31.476885,30.022814],[31.476884,30.022824],[31.476857,30.022824],[31.476857,30.022836],[31.476705,30.022834]]]},"properties":{"kind":"building"}},{"type":"Feature","geometry":{"type":"Polygon","coordinates":[[[31.475991,30.022752],[31.475991,30.022734],[31.475964,30.022734],[31.475965,30.02272],[31.475911,30.02272],[31.475912,30.02254],[31.475967,30.022541],[31.475968,30.02253],[31.475996,30.02253],[31.475996,30.022517],[31.476139,30.022518],[31.476139,30.022533],[31.476165,30.022533],[31.476164,30.022543],[31.476222,30.022543],[31.476219,30.022732],[31.47617,30.022732],[31.47617,30.022742],[31.476143,30.022742],[31.476143,30.022753],[31.475991,30.022752]]]},"properties":{"kind":"building"}},{"type":"Feature","geometry":{"type":"Polygon","coordinates":[[[31.475988,30.022992],[31.475988,30.022975],[31.475962,30.022974],[31.475962,30.02296],[31.475908,30.02296],[31.47591,30.02278],[31.475965,30.022781],[31.475965,30.02277],[31.475993,30.02277],[31.475993,30.022757],[31.476136,30.022758],[31.476136,30.022773],[31.476162,30.022773],[31.476162,30.022783],[31.476219,30.022783],[31.476216,30.022972],[31.476168,30.022972],[31.476168,30.022982],[31.47614,30.022982],[31.47614,30.022993],[31.475988,30.022992]]]},"properties":{"kind":"building"}},{"type":"Feature","geometry":{"type":"Polygon","coordinates":[[[31.475432,30.022754],[31.475433,30.022737],[31.475406,30.022736],[31.475406,30.022722],[31.475353,30.022722],[31.475354,30.022542],[31.475409,30.022543],[31.47541,30.022532],[31.475438,30.022532],[31.475438,30.022519],[31.475581,30.02252],[31.475581,30.022535],[31.475607,30.022535],[31.475607,30.022545],[31.475663,30.022545],[31.475661,30.022734],[31.475613,30.022734],[31.475612,30.022744],[31.475585,30.022744],[31.475585,30.022755],[31.475432,30.022754]]]},"properties":{"kind":"building"}},{"type":"Feature","geometry":{"type":"Polygon","coordinates":[[[31.47543,30.022994],[31.47543,30.022976],[31.475403,30.022976],[31.475404,30.022962],[31.47535,30.022962],[31.475351,30.022782],[31.475406,30.022783],[31.475407,30.022772],[31.475435,30.022772],[31.475435,30.022759],[31.475579,30.02276],[31.475578,30.022775],[31.475604,30.022775],[31.475604,30.022785],[31.475661,30.022785],[31.475658,30.022974],[31.47561,30.022974],[31.47561,30.022984],[31.475582,30.022984],[31.475582,30.022995],[31.47543,30.022994]]]},"properties":{"kind":"building"}},{"type":"Feature","geometry":{"type":"Polygon","coordinates":[[[31.475435,30.022226],[31.475435,30.022209],[31.475409,30.022209],[31.475409,30.022194],[31.475355,30.022194],[31.475357,30.022015],[31.475412,30.022015],[31.475412,30.022004],[31.47544,30.022004],[31.47544,30.021991],[31.475584,30.021992],[31.475583,30.022007],[31.475609,30.022007],[31.475609,30.022017],[31.475666,30.022018],[31.475664,30.022206],[31.475615,30.022206],[31.475615,30.022216],[31.475587,30.022216],[31.475587,30.022228],[31.475435,30.022226]]]},"properties":{"kind":"building"}},{"type":"Feature","geometry":{"type":"Polygon","coordinates":[[[31.475432,30.022467],[31.475432,30.022449],[31.475406,30.022449],[31.475406,30.022434],[31.475352,30.022434],[31.475354,30.022255],[31.475409,30.022255],[31.475409,30.022244],[31.475437,30.022244],[31.475437,30.022231],[31.475581,30.022232],[31.475581,30.022247],[31.475606,30.022247],[31.475606,30.022257],[31.475663,30.022258],[31.475661,30.022447],[31.475612,30.022446],[31.475612,30.022456],[31.475584,30.022456],[31.475584,30.022468],[31.475432,30.022467]]]},"properties":{"kind":"building"}},{"type":"Feature","geometry":{"type":"Polygon","coordinates":[[[31.475993,30.022233],[31.475993,30.022215],[31.475967,30.022215],[31.475967,30.022201],[31.475913,30.0222],[31.475915,30.022021],[31.47597,30.022021],[31.47597,30.02201],[31.475998,30.02201],[31.475998,30.021997],[31.476142,30.021998],[31.476142,30.022013],[31.476167,30.022013],[31.476167,30.022023],[31.476224,30.022024],[31.476222,30.022212],[31.476173,30.022212],[31.476173,30.022222],[31.476145,30.022222],[31.476145,30.022234],[31.475993,30.022233]]]},"properties":{"kind":"building"}},{"type":"Feature","geometry":{"type":"Polygon","coordinates":[[[31.47599,30.022473],[31.47599,30.022455],[31.475964,30.022455],[31.475964,30.02244],[31.47591,30.02244],[31.475912,30.022261],[31.475967,30.022261],[31.475967,30.02225],[31.475995,30.02225],[31.475995,30.022237],[31.476139,30.022238],[31.476139,30.022253],[31.476164,30.022253],[31.476164,30.022263],[31.476221,30.022264],[31.476219,30.022453],[31.47617,30.022452],[31.47617,30.022462],[31.476142,30.022462],[31.476142,30.022474],[31.47599,30.022473]]]},"properties":{"kind":"building"}},{"type":"Feature","geometry":{"type":"Polygon","coordinates":[[[31.476616,30.022043],[31.476616,30.022025],[31.47659,30.022025],[31.47659,30.02201],[31.476537,30.02201],[31.476538,30.021831],[31.476593,30.021831],[31.476593,30.02182],[31.476622,30.02182],[31.476622,30.021807],[31.476765,30.021808],[31.476765,30.021823],[31.47679,30.021823],[31.47679,30.021833],[31.476847,30.021834],[31.476845,30.022022],[31.476796,30.022022],[31.476796,30.022032],[31.476769,30.022032],[31.476768,30.022044],[31.476616,30.022043]]]},"properties":{"kind":"building"}},{"type":"Feature","geometry":{"type":"Polygon","coordinates":[[[31.476613,30.022283],[31.476614,30.022265],[31.476587,30.022265],[31.476588,30.02225],[31.476534,30.02225],[31.476535,30.022071],[31.47659,30.022071],[31.476591,30.02206],[31.476619,30.02206],[31.476619,30.022047],[31.476762,30.022048],[31.476762,30.022063],[31.476788,30.022063],[31.476788,30.022073],[31.476844,30.022074],[31.476842,30.022263],[31.476793,30.022262],[31.476793,30.022272],[31.476766,30.022272],[31.476766,30.022284],[31.476613,30.022283]]]},"properties":{"kind":"building"}},{"type":"Feature","geometry":{"type":"Polygon","coordinates":[[[31.477863,30.02193],[31.477848,30.021918],[31.47783,30.021935],[31.477818,30.021925],[31.477781,30.021958],[31.477632,30.021834],[31.47767,30.0218],[31.477661,30.021792],[31.47768,30.021775],[31.477669,30.021766],[31.477769,30.021676],[31.477781,30.021686],[31.477798,30.02167],[31.477807,30.021677],[31.477846,30.021642],[31.478003,30.021773],[31.47797,30.021803],[31.477978,30.02181],[31.477959,30.021827],[31.477969,30.021835],[31.477863,30.02193]]]},"properties":{"kind":"building"}},{"type":"Feature","geometry":{"type":"Polygon","coordinates":[[[31.478063,30.022097],[31.478048,30.022085],[31.47803,30.022101],[31.478018,30.022091],[31.477981,30.022125],[31.477831,30.022001],[31.477869,30.021967],[31.47786,30.021959],[31.47788,30.021941],[31.477869,30.021932],[31.477968,30.021843],[31.477981,30.021853],[31.477998,30.021837],[31.478006,30.021844],[31.478046,30.021808],[31.478203,30.021939],[31.478169,30.02197],[31.478178,30.021977],[31.478159,30.021994],[31.478168,30.022002],[31.478063,30.022097]]]},"properties":{"kind":"building"}},{"type":"Feature","geometry":{"type":"Polygon","coordinates":[[[31.478381,30.022331],[31.478366,30.022319],[31.478348,30.022335],[31.478336,30.022325],[31.478299,30.022359],[31.478149,30.022235],[31.478187,30.022201],[31.478178,30.022193],[31.478198,30.022175],[31.478187,30.022166],[31.478286,30.022077],[31.478298,30.022087],[31.478316,30.022071],[31.478324,30.022078],[31.478364,30.022042],[31.478521,30.022173],[31.478487,30.022204],[31.478495,30.022211],[31.478476,30.022228],[31.478486,30.022236],[31.478381,30.022331]]]},"properties":{"kind":"building"}},{"type":"Feature","geometry":{"type":"Polygon","coordinates":[[[31.47858,30.022498],[31.478565,30.022485],[31.478547,30.022502],[31.478535,30.022492],[31.478498,30.022526],[31.478349,30.022402],[31.478387,30.022367],[31.478378,30.022359],[31.478397,30.022342],[31.478386,30.022333],[31.478486,30.022243],[31.478498,30.022253],[31.478516,30.022237],[31.478524,30.022244],[31.478563,30.022209],[31.47872,30.02234],[31.478687,30.02237],[31.478695,30.022377],[31.478676,30.022395],[31.478686,30.022403],[31.47858,30.022498]]]},"properties":{"kind":"building"}},{"type":"Feature","geometry":{"type":"Polygon","coordinates":[[[31.47877,30.022756],[31.478756,30.022743],[31.478738,30.02276],[31.478726,30.02275],[31.478689,30.022784],[31.478539,30.022659],[31.478577,30.022625],[31.478568,30.022617],[31.478587,30.0226],[31.478576,30.022591],[31.478676,30.022501],[31.478688,30.022511],[31.478706,30.022495],[31.478714,30.022502],[31.478754,30.022467],[31.478911,30.022598],[31.478877,30.022628],[31.478885,30.022635],[31.478866,30.022653],[31.478876,30.022661],[31.47877,30.022756]]]},"properties":{"kind":"building"}},{"type":"Feature","geometry":{"type":"Polygon","coordinates":[[[31.47897,30.022922],[31.478955,30.02291],[31.478937,30.022926],[31.478925,30.022917],[31.478888,30.02295],[31.478739,30.022826],[31.478777,30.022792],[31.478768,30.022784],[31.478787,30.022766],[31.478776,30.022757],[31.478876,30.022668],[31.478888,30.022678],[31.478905,30.022662],[31.478914,30.022669],[31.478953,30.022634],[31.47911,30.022764],[31.479077,30.022795],[31.479085,30.022802],[31.479066,30.022819],[31.479076,30.022827],[31.47897,30.022922]]]},"properties":{"kind":"building"}},{"type":"Feature","geometry":{"type":"Polygon","coordinates":[[[31.479061,30.02155],[31.479041,30.02155],[31.479041,30.021573],[31.479025,30.021573],[31.479025,30.021619],[31.478818,30.021622],[31.478818,30.021574],[31.478805,30.021574],[31.478804,30.02155],[31.478789,30.02155],[31.478787,30.021426],[31.478804,30.021426],[31.478804,30.021404],[31.478815,30.021404],[31.478815,30.021354],[31.479033,30.021352],[31.479033,30.021394],[31.479045,30.021394],[31.479046,30.021418],[31.479059,30.021418],[31.479061,30.02155]]]},"properties":{"kind":"building"}},{"type":"Feature","geometry":{"type":"Polygon","coordinates":[[[31.47878,30.021487],[31.478759,30.021487],[31.47876,30.02151],[31.478743,30.02151],[31.478744,30.021557],[31.478537,30.021559],[31.478536,30.021512],[31.478524,30.021512],[31.478523,30.021487],[31.478508,30.021488],[31.478506,30.021363],[31.478523,30.021363],[31.478523,30.021341],[31.478534,30.021341],[31.478534,30.021292],[31.478752,30.021289],[31.478752,30.021332],[31.478764,30.021331],[31.478764,30.021355],[31.478778,30.021355],[31.47878,30.021487]]]},"properties":{"kind":"building"}},{"type":"Feature","geometry":{"type":"Polygon","coordinates":[[[31.478462,30.021543],[31.478441,30.021543],[31.478442,30.021566],[31.478426,30.021566],[31.478426,30.021612],[31.478219,30.021615],[31.478218,30.021567],[31.478206,30.021568],[31.478205,30.021543],[31.47819,30.021543],[31.478188,30.021419],[31.478205,30.021419],[31.478205,30.021397],[31.478216,30.021397],[31.478216,30.021348],[31.478434,30.021345],[31.478434,30.021387],[31.478446,30.021387],[31.478446,30.021411],[31.47846,30.021411],[31.478462,30.021543]]]},"properties":{"kind":"building"}},{"type":"Feature","geometry":{"type":"Polygon","coordinates":[[[31.478181,30.02148],[31.47816,30.02148],[31.478161,30.021503],[31.478144,30.021503],[31.478145,30.02155],[31.477938,30.021552],[31.477937,30.021505],[31.477924,30.021505],[31.477924,30.021481],[31.477909,30.021481],[31.477907,30.021356],[31.477924,30.021356],[31.477923,30.021334],[31.477935,30.021334],[31.477934,30.021285],[31.478152,30.021283],[31.478153,30.021325],[31.478165,30.021325],[31.478165,30.021348],[31.478178,30.021348],[31.478181,30.02148]]]},"properties":{"kind":"building"}},{"type":"Feature","geometry":{"type":"Polygon","coordinates":[[[31.478924,30.021714],[31.478925,30.021732],[31.478951,30.021731],[31.478951,30.021745],[31.479005,30.021744],[31.479012,30.021923],[31.478957,30.021925],[31.478957,30.021936],[31.478929,30.021937],[31.47893,30.02195],[31.478786,30.021954],[31.478786,30.021939],[31.47876,30.02194],[31.47876,30.02193],[31.478703,30.021931],[31.478696,30.021742],[31.478745,30.021741],[31.478745,30.021731],[31.478772,30.02173],[31.478772,30.021719],[31.478924,30.021714]]]},"properties":{"kind":"building"}},{"type":"Feature","geometry":{"type":"Polygon","coordinates":[[[31.478936,30.021954],[31.478936,30.021972],[31.478963,30.021971],[31.478963,30.021985],[31.479017,30.021984],[31.479024,30.022163],[31.478969,30.022165],[31.478969,30.022176],[31.478941,30.022177],[31.478941,30.02219],[31.478798,30.022194],[31.478797,30.022179],[31.478772,30.02218],[31.478772,30.02217],[31.478715,30.022171],[31.478708,30.021982],[31.478757,30.021981],[31.478756,30.021971],[31.478784,30.02197],[31.478783,30.021959],[31.478936,30.021954]]]},"properties":{"kind":"building"}},{"type":"Feature","geometry":{"type":"Polygon","coordinates":[[[31.477047,30.021546],[31.477027,30.021546],[31.477027,30.021569],[31.477011,30.021569],[31.477012,30.021615],[31.476804,30.021618],[31.476804,30.02157],[31.476791,30.021571],[31.47679,30.021546],[31.476775,30.021546],[31.476773,30.021422],[31.47679,30.021422],[31.47679,30.0214],[31.476802,30.0214],[31.476801,30.021351],[31.477019,30.021348],[31.47702,30.02139],[31.477031,30.02139],[31.477032,30.021414],[31.477045,30.021414],[31.477047,30.021546]]]},"properties":{"kind":"building"}},{"type":"Feature","geometry":{"type":"Polygon","coordinates":[[[31.476766,30.021483],[31.476745,30.021483],[31.476746,30.021506],[31.47673,30.021506],[31.47673,30.021553],[31.476523,30.021555],[31.476522,30.021508],[31.47651,30.021508],[31.476509,30.021483],[31.476494,30.021484],[31.476492,30.021359],[31.476509,30.021359],[31.476509,30.021337],[31.47652,30.021337],[31.47652,30.021288],[31.476738,30.021285],[31.476738,30.021328],[31.47675,30.021328],[31.47675,30.021351],[31.476764,30.021351],[31.476766,30.021483]]]},"properties":{"kind":"building"}},{"type":"Feature","geometry":{"type":"Polygon","coordinates":[[[31.477328,30.021545],[31.477307,30.021545],[31.477307,30.021568],[31.477291,30.021568],[31.477292,30.021614],[31.477085,30.021617],[31.477084,30.021569],[31.477071,30.02157],[31.477071,30.021545],[31.477056,30.021545],[31.477054,30.021421],[31.477071,30.021421],[31.47707,30.021399],[31.477082,30.021399],[31.477081,30.02135],[31.477299,30.021347],[31.4773,30.021389],[31.477312,30.021389],[31.477312,30.021413],[31.477325,30.021413],[31.477328,30.021545]]]},"properties":{"kind":"building"}},{"type":"Feature","geometry":{"type":"Polygon","coordinates":[[[31.477609,30.021496],[31.477589,30.021497],[31.477589,30.021519],[31.477573,30.021519],[31.477574,30.021566],[31.477366,30.021569],[31.477366,30.021521],[31.477353,30.021521],[31.477352,30.021497],[31.477337,30.021497],[31.477335,30.021373],[31.477352,30.021372],[31.477352,30.021351],[31.477364,30.02135],[31.477363,30.021301],[31.477581,30.021299],[31.477581,30.021341],[31.477593,30.021341],[31.477594,30.021365],[31.477607,30.021364],[31.477609,30.021496]]]},"properties":{"kind":"building"}},{"type":"Feature","geometry":{"type":"Polygon","coordinates":[[[31.479838,30.023322],[31.479964,30.023322],[31.479964,30.023308],[31.480008,30.023308],[31.480008,30.023295],[31.480047,30.023295],[31.480046,30.023137],[31.48001,30.023137],[31.48001,30.023124],[31.479967,30.023124],[31.479967,30.023109],[31.479826,30.02311],[31.479826,30.023126],[31.479787,30.023126],[31.479787,30.023141],[31.479758,30.023141],[31.479758,30.023291],[31.479799,30.023291],[31.479799,30.023307],[31.479838,30.023307],[31.479838,30.023322]]]},"properties":{"kind":"building"}},{"type":"Feature","geometry":{"type":"Polygon","coordinates":[[[31.479662,30.023259],[31.479661,30.02315],[31.479646,30.02315],[31.479646,30.023112],[31.479631,30.023112],[31.47963,30.023078],[31.479447,30.02308],[31.479447,30.023111],[31.479433,30.023111],[31.479433,30.023149],[31.479416,30.023149],[31.479417,30.02327],[31.479436,30.02327],[31.479436,30.023304],[31.479453,30.023304],[31.479453,30.023329],[31.479627,30.023328],[31.479626,30.023293],[31.479646,30.023293],[31.479645,30.023259],[31.479662,30.023259]]]},"properties":{"kind":"building"}},{"type":"Feature","geometry":{"type":"Polygon","coordinates":[[[31.479409,30.023202],[31.479408,30.023093],[31.479392,30.023093],[31.479392,30.023055],[31.479377,30.023055],[31.479377,30.023022],[31.479194,30.023023],[31.479194,30.023054],[31.47918,30.023054],[31.47918,30.023092],[31.479162,30.023092],[31.479164,30.023214],[31.479182,30.023214],[31.479183,30.023248],[31.4792,30.023248],[31.4792,30.023273],[31.479373,30.023271],[31.479373,30.023237],[31.479392,30.023237],[31.479392,30.023202],[31.479409,30.023202]]]},"properties":{"kind":"building"}},{"type":"Feature","geometry":{"type":"Polygon","coordinates":[[[31.479949,30.023537],[31.480075,30.023536],[31.480075,30.023523],[31.480119,30.023523],[31.480119,30.02351],[31.480158,30.02351],[31.480157,30.023351],[31.480121,30.023351],[31.480121,30.023339],[31.480077,30.023339],[31.480077,30.023324],[31.479937,30.023324],[31.479937,30.02334],[31.479897,30.02334],[31.479897,30.023355],[31.479868,30.023355],[31.479869,30.023505],[31.479909,30.023505],[31.479909,30.023522],[31.479949,30.023522],[31.479949,30.023537]]]},"properties":{"kind":"building"}},{"type":"Feature","geometry":{"type":"Polygon","coordinates":[[[31.479873,30.023755],[31.479999,30.023754],[31.479999,30.023741],[31.480043,30.023741],[31.480043,30.023728],[31.480081,30.023728],[31.48008,30.023569],[31.480045,30.02357],[31.480045,30.023557],[31.480001,30.023557],[31.480001,30.023542],[31.479861,30.023543],[31.479861,30.023558],[31.479821,30.023559],[31.479821,30.023573],[31.479792,30.023573],[31.479793,30.023723],[31.479833,30.023723],[31.479833,30.02374],[31.479873,30.02374],[31.479873,30.023755]]]},"properties":{"kind":"building"}},{"type":"Feature","geometry":{"type":"Polygon","coordinates":[[[31.478922,30.023749],[31.479049,30.023748],[31.479049,30.023735],[31.479093,30.023735],[31.479092,30.023722],[31.479131,30.023722],[31.47913,30.023563],[31.479094,30.023563],[31.479094,30.023551],[31.479051,30.023551],[31.479051,30.023536],[31.47891,30.023536],[31.478911,30.023552],[31.478871,30.023553],[31.478871,30.023567],[31.478842,30.023567],[31.478843,30.023717],[31.478883,30.023717],[31.478883,30.023734],[31.478922,30.023734],[31.478922,30.023749]]]},"properties":{"kind":"building"}},{"type":"Feature","geometry":{"type":"Polygon","coordinates":[[[31.478917,30.023531],[31.479043,30.02353],[31.479043,30.023517],[31.479087,30.023517],[31.479087,30.023505],[31.479126,30.023504],[31.479125,30.023346],[31.479089,30.023346],[31.479089,30.023333],[31.479046,30.023333],[31.479046,30.023318],[31.478905,30.023319],[31.478905,30.023335],[31.478866,30.023335],[31.478866,30.02335],[31.478837,30.02335],[31.478837,30.0235],[31.478877,30.0235],[31.478878,30.023516],[31.478917,30.023516],[31.478917,30.023531]]]},"properties":{"kind":"building"}},{"type":"Feature","geometry":{"type":"Polygon","coordinates":[[[31.478351,30.023196],[31.478344,30.023179],[31.478319,30.023187],[31.478314,30.023173],[31.478263,30.023189],[31.478195,30.023019],[31.478247,30.023004],[31.478242,30.022993],[31.478269,30.022985],[31.478264,30.022973],[31.4784,30.022932],[31.478405,30.022946],[31.478429,30.022938],[31.478433,30.022948],[31.478487,30.022932],[31.478558,30.02311],[31.478512,30.023124],[31.478516,30.023134],[31.47849,30.023142],[31.478494,30.023152],[31.478351,30.023196]]]},"properties":{"kind":"building"}},{"type":"Feature","geometry":{"type":"Polygon","coordinates":[[[31.478351,30.023488],[31.478352,30.02347],[31.478326,30.023468],[31.478327,30.023454],[31.478274,30.023451],[31.47829,30.023272],[31.478345,30.023276],[31.478346,30.023264],[31.478375,30.023266],[31.478376,30.023253],[31.478519,30.023263],[31.478517,30.023278],[31.478543,30.02328],[31.478542,30.02329],[31.478599,30.023294],[31.478581,30.023482],[31.478532,30.023479],[31.478531,30.023489],[31.478504,30.023487],[31.478503,30.023498],[31.478351,30.023488]]]},"properties":{"kind":"building"}},{"type":"Feature","geometry":{"type":"Polygon","coordinates":[[[31.478179,30.023731],[31.478191,30.023716],[31.478168,30.023704],[31.478177,30.023692],[31.478132,30.023667],[31.478245,30.023516],[31.478292,30.023543],[31.478299,30.023533],[31.478322,30.023547],[31.47833,30.023536],[31.478451,30.023604],[31.478441,30.023616],[31.478463,30.023628],[31.478456,30.023636],[31.478504,30.023663],[31.478384,30.023821],[31.478344,30.023798],[31.478337,30.023807],[31.478314,30.023794],[31.478307,30.023803],[31.478179,30.023731]]]},"properties":{"kind":"building"}},{"type":"Feature","geometry":{"type":"Polygon","coordinates":[[[31.477913,30.023903],[31.477931,30.023895],[31.477917,30.023875],[31.477931,30.023868],[31.477904,30.023828],[31.478081,30.023735],[31.47811,30.023776],[31.478121,30.023771],[31.478135,30.023792],[31.478148,30.023785],[31.478222,30.023892],[31.478207,30.023899],[31.47822,30.023918],[31.47821,30.023923],[31.47824,30.023965],[31.478052,30.024062],[31.478027,30.024026],[31.478017,30.024031],[31.478003,30.024011],[31.477992,30.024017],[31.477913,30.023903]]]},"properties":{"kind":"building"}},{"type":"Feature","geometry":{"type":"Polygon","coordinates":[[[31.477574,30.023946],[31.477595,30.023945],[31.477593,30.023923],[31.477609,30.023922],[31.477605,30.023875],[31.477812,30.023862],[31.477816,30.02391],[31.477829,30.023909],[31.477831,30.023933],[31.477846,30.023932],[31.477856,30.024056],[31.477839,30.024057],[31.477841,30.024079],[31.477829,30.02408],[31.477833,30.024129],[31.477616,30.024142],[31.477612,30.0241],[31.477601,30.024101],[31.477599,30.024077],[31.477585,30.024078],[31.477574,30.023946]]]},"properties":{"kind":"building"}},{"type":"Feature","geometry":{"type":"Polygon","coordinates":[[[31.477222,30.023851],[31.477241,30.023858],[31.477251,30.023837],[31.477266,30.023843],[31.477287,30.0238],[31.477478,30.023871],[31.477456,30.023915],[31.477468,30.023919],[31.477457,30.023941],[31.47747,30.023947],[31.477414,30.024061],[31.477398,30.024055],[31.477388,30.024075],[31.477377,30.024071],[31.477355,30.024116],[31.477155,30.024041],[31.477174,30.024002],[31.477163,30.023998],[31.477174,30.023976],[31.477162,30.023972],[31.477222,30.023851]]]},"properties":{"kind":"building"}},{"type":"Feature","geometry":{"type":"Polygon","coordinates":[[[31.476533,30.023884],[31.476547,30.023896],[31.476566,30.023881],[31.476577,30.023891],[31.476616,30.023858],[31.47676,30.023987],[31.47672,30.02402],[31.476729,30.024028],[31.476709,30.024045],[31.476719,30.024055],[31.476616,30.024141],[31.476604,30.02413],[31.476586,30.024146],[31.476578,30.024138],[31.476537,30.024173],[31.476386,30.024037],[31.476421,30.024007],[31.476413,30.024],[31.476433,30.023984],[31.476423,30.023975],[31.476533,30.023884]]]},"properties":{"kind":"building"}},{"type":"Feature","geometry":{"type":"Polygon","coordinates":[[[31.476727,30.024056],[31.476741,30.024069],[31.47676,30.024053],[31.476771,30.024063],[31.47681,30.024031],[31.476954,30.024159],[31.476914,30.024193],[31.476923,30.024201],[31.476903,30.024218],[31.476913,30.024227],[31.47681,30.024313],[31.476798,30.024303],[31.47678,30.024318],[31.476772,30.024311],[31.476731,30.024345],[31.47658,30.024209],[31.476615,30.02418],[31.476607,30.024173],[31.476626,30.024156],[31.476617,30.024148],[31.476727,30.024056]]]},"properties":{"kind":"building"}},{"type":"Feature","geometry":{"type":"Polygon","coordinates":[[[31.476228,30.023629],[31.476242,30.023642],[31.476261,30.023626],[31.476272,30.023637],[31.476311,30.023604],[31.476455,30.023733],[31.476416,30.023766],[31.476425,30.023774],[31.476404,30.023791],[31.476415,30.023801],[31.476312,30.023887],[31.4763,30.023876],[31.476281,30.023892],[31.476273,30.023884],[31.476232,30.023919],[31.476081,30.023783],[31.476116,30.023753],[31.476108,30.023746],[31.476128,30.02373],[31.476118,30.023721],[31.476228,30.023629]]]},"properties":{"kind":"building"}},{"type":"Feature","geometry":{"type":"Polygon","coordinates":[[[31.476034,30.023457],[31.476048,30.02347],[31.476067,30.023454],[31.476079,30.023464],[31.476117,30.023432],[31.476261,30.023561],[31.476222,30.023594],[31.476231,30.023602],[31.47621,30.023619],[31.476221,30.023628],[31.476118,30.023715],[31.476106,30.023704],[31.476088,30.023719],[31.47608,30.023712],[31.476039,30.023746],[31.475887,30.02361],[31.475922,30.023581],[31.475914,30.023574],[31.475934,30.023557],[31.475925,30.023549],[31.476034,30.023457]]]},"properties":{"kind":"building"}},{"type":"Feature","geometry":{"type":"Polygon","coordinates":[[[31.475775,30.023242],[31.475789,30.023254],[31.475808,30.023239],[31.475819,30.023249],[31.475858,30.023216],[31.476002,30.023345],[31.475962,30.023378],[31.475971,30.023386],[31.475951,30.023403],[31.475961,30.023413],[31.475858,30.023499],[31.475846,30.023488],[31.475828,30.023504],[31.47582,30.023497],[31.475779,30.023531],[31.475628,30.023395],[31.475663,30.023366],[31.475655,30.023358],[31.475675,30.023342],[31.475665,30.023333],[31.475775,30.023242]]]},"properties":{"kind":"building"}},{"type":"Feature","geometry":{"type":"Polygon","coordinates":[[[31.475581,30.023069],[31.475595,30.023082],[31.475614,30.023066],[31.475625,30.023076],[31.475664,30.023044],[31.475808,30.023173],[31.475769,30.023206],[31.475777,30.023214],[31.475757,30.023231],[31.475768,30.02324],[31.475664,30.023327],[31.475653,30.023316],[31.475634,30.023331],[31.475626,30.023324],[31.475585,30.023358],[31.475434,30.023222],[31.475469,30.023193],[31.475461,30.023186],[31.475481,30.023169],[31.475471,30.023161],[31.475581,30.023069]]]},"properties":{"kind":"building"}},{"type":"Feature","geometry":{"type":"Polygon","coordinates":[[[31.477229,30.024352],[31.477248,30.024358],[31.477258,30.024337],[31.477273,30.024342],[31.477291,30.024298],[31.477486,30.02436],[31.477467,30.024405],[31.477479,30.024409],[31.477469,30.024432],[31.477483,30.024436],[31.477433,30.024553],[31.477417,30.024548],[31.477408,30.024568],[31.477397,30.024565],[31.477378,30.024611],[31.477173,30.024545],[31.47719,30.024505],[31.477179,30.024502],[31.477189,30.02448],[31.477176,30.024476],[31.477229,30.024352]]]},"properties":{"kind":"building"}},{"type":"Feature","geometry":{"type":"Polygon","coordinates":[[[31.476968,30.024269],[31.476987,30.024275],[31.476996,30.024254],[31.477012,30.024259],[31.47703,30.024215],[31.477225,30.024277],[31.477206,30.024322],[31.477218,30.024326],[31.477208,30.024349],[31.477222,30.024353],[31.477172,30.02447],[31.477156,30.024465],[31.477148,30.024485],[31.477137,30.024482],[31.477117,30.024528],[31.476912,30.024462],[31.476929,30.024423],[31.476918,30.024419],[31.476928,30.024397],[31.476915,30.024393],[31.476968,30.024269]]]},"properties":{"kind":"building"}},{"type":"Feature","geometry":{"type":"Polygon","coordinates":[[[31.479359,30.024229],[31.479358,30.02412],[31.479343,30.02412],[31.479342,30.024082],[31.479327,30.024082],[31.479327,30.024048],[31.479144,30.02405],[31.479144,30.024081],[31.47913,30.024081],[31.47913,30.024118],[31.479112,30.024119],[31.479114,30.02424],[31.479132,30.02424],[31.479133,30.024274],[31.47915,30.024274],[31.47915,30.024299],[31.479323,30.024298],[31.479323,30.024263],[31.479342,30.024263],[31.479342,30.024229],[31.479359,30.024229]]]},"properties":{"kind":"building"}},{"type":"Feature","geometry":{"type":"Polygon","coordinates":[[[31.479623,30.024227],[31.479622,30.024117],[31.479606,30.024118],[31.479606,30.024079],[31.479591,30.02408],[31.479591,30.024046],[31.479408,30.024048],[31.479408,30.024079],[31.479393,30.024079],[31.479394,30.024116],[31.479376,30.024117],[31.479378,30.024238],[31.479396,30.024238],[31.479397,30.024272],[31.479413,30.024272],[31.479414,30.024297],[31.479587,30.024296],[31.479587,30.024261],[31.479606,30.024261],[31.479606,30.024227],[31.479623,30.024227]]]},"properties":{"kind":"building"}},{"type":"Feature","geometry":{"type":"Polygon","coordinates":[[[31.480036,30.024213],[31.480035,30.024103],[31.48002,30.024104],[31.480019,30.024065],[31.480004,30.024066],[31.480004,30.024032],[31.479821,30.024034],[31.479821,30.024065],[31.479807,30.024065],[31.479807,30.024102],[31.47979,30.024102],[31.479791,30.024224],[31.47981,30.024224],[31.47981,30.024258],[31.479827,30.024258],[31.479827,30.024283],[31.480001,30.024282],[31.48,30.024247],[31.48002,30.024247],[31.480019,30.024213],[31.480036,30.024213]]]},"properties":{"kind":"building"}},{"type":"Feature","geometry":{"type":"Polygon","coordinates":[[[31.470747,30.034917],[31.470869,30.034918],[31.470869,30.034911],[31.470855,30.03491],[31.470855,30.034899],[31.470869,30.034899],[31.470869,30.034852],[31.470858,30.034852],[31.470858,30.034843],[31.470867,30.034844],[31.470868,30.034762],[31.470878,30.034762],[31.470879,30.034693],[31.470823,30.034692],[31.470823,30.034701],[31.470698,30.0347],[31.470697,30.034744],[31.470676,30.034744],[31.470675,30.034809],[31.470748,30.03481],[31.470747,30.034917]]]},"properties":{"kind":"building"}},{"type":"Feature","geometry":{"type":"Polygon","coordinates":[[[31.472966,30.036032],[31.473032,30.036033],[31.473032,30.03604],[31.473108,30.03604],[31.473111,30.035831],[31.473066,30.03583],[31.473066,30.035814],[31.472983,30.035813],[31.472983,30.035829],[31.472952,30.035829],[31.472951,30.035896],[31.472947,30.035896],[31.472946,30.035916],[31.472957,30.035916],[31.472957,30.035929],[31.472945,30.035929],[31.472945,30.035943],[31.472955,30.035943],[31.472955,30.035947],[31.472967,30.035947],[31.472966,30.036032]]]},"properties":{"kind":"building"}},{"type":"Feature","geometry":{"type":"Polygon","coordinates":[[[31.471455,30.040647],[31.471577,30.040657],[31.47158,30.040649],[31.471633,30.040655],[31.471635,30.040646],[31.471679,30.040655],[31.4717,30.04053],[31.47167,30.040523],[31.47167,30.040514],[31.471646,30.040511],[31.471651,30.040496],[31.471613,30.04049],[31.471613,30.040481],[31.471557,30.040463],[31.471556,30.040475],[31.471497,30.040463],[31.471492,30.040505],[31.471475,30.040501],[31.471452,30.040606],[31.471467,30.040607],[31.471455,30.040647]]]},"properties":{"kind":"building"}},{"type":"Feature","geometry":{"type":"Polygon","coordinates":[[[31.472723,30.042339],[31.472725,30.042143],[31.472558,30.042143],[31.472557,30.042227],[31.47258,30.042225],[31.472583,30.042219],[31.472593,30.042219],[31.472593,30.042237],[31.472621,30.04224],[31.472619,30.04227],[31.47261,30.042272],[31.472611,30.042285],[31.472644,30.042284],[31.472645,30.042302],[31.472637,30.042309],[31.472637,30.042319],[31.472642,30.042326],[31.472654,30.042331],[31.472693,30.042331],[31.472692,30.042339],[31.472723,30.042339]]]},"properties":{"kind":"building"}},{"type":"Feature","geometry":{"type":"Polygon","coordinates":[[[31.491569,30.02669],[31.491793,30.02688],[31.491762,30.026899],[31.491851,30.026983],[31.491983,30.026995],[31.491981,30.026952],[31.49237,30.026947],[31.492366,30.026802],[31.492227,30.026805],[31.492178,30.026805],[31.491977,30.026809],[31.491976,30.026788],[31.491951,30.026771],[31.491935,30.026761],[31.491926,30.026773],[31.491899,30.02675],[31.491887,30.026763],[31.491749,30.026638],[31.491689,30.026585],[31.491569,30.02669]]]},"properties":{"kind":"building"}},{"type":"Feature","geometry":{"type":"Polygon","coordinates":[[[31.479396,30.042684],[31.479331,30.042669],[31.479277,30.042635],[31.47924,30.042587],[31.47919,30.041823],[31.479098,30.041562],[31.478682,30.041092],[31.478593,30.040998],[31.478532,30.04089],[31.478491,30.040785],[31.478468,30.040671],[31.478455,30.039389],[31.48058,30.039381],[31.480581,30.042275],[31.480513,30.042389],[31.48042,30.042489],[31.480306,30.04257],[31.480175,30.04263],[31.480033,30.042666],[31.479396,30.042684]]]},"properties":{"kind":"building"}},{"type":"Feature","geometry":{"type":"Polygon","coordinates":[[[31.498141,30.021532],[31.498127,30.021541],[31.498117,30.021554],[31.498113,30.021569],[31.498114,30.021584],[31.498122,30.021598],[31.498134,30.021609],[31.498149,30.021616],[31.498166,30.021619],[31.498184,30.021616],[31.498199,30.021609],[31.498211,30.021598],[31.498218,30.021584],[31.49822,30.021569],[31.498215,30.021554],[31.498206,30.021541],[31.498192,30.021532],[31.498175,30.021527],[31.498157,30.021527],[31.498141,30.021532]]]},"properties":{"kind":"building"}},{"type":"Feature","geometry":{"type":"Polygon","coordinates":[[[31.470125,30.033019],[31.470354,30.033019],[31.470367,30.032967],[31.47036,30.032929],[31.470355,30.03292],[31.470345,30.03292],[31.470344,30.032895],[31.470318,30.032894],[31.470319,30.032883],[31.470289,30.032882],[31.47029,30.032841],[31.470249,30.032838],[31.470248,30.032829],[31.470143,30.032825],[31.470142,30.032897],[31.470154,30.032896],[31.470153,30.032908],[31.470155,30.032924],[31.470122,30.032924],[31.470125,30.033019]]]},"properties":{"kind":"building"}},{"type":"Feature","geometry":{"type":"Polygon","coordinates":[[[31.470005,30.037252],[31.469927,30.037101],[31.469928,30.037074],[31.469904,30.037071],[31.469904,30.037041],[31.469976,30.037034],[31.469976,30.037055],[31.469994,30.037054],[31.469994,30.03703],[31.470026,30.037031],[31.470024,30.037051],[31.470055,30.037051],[31.470053,30.03702],[31.470153,30.037016],[31.470155,30.037189],[31.470145,30.037189],[31.470144,30.037204],[31.470123,30.037206],[31.470104,30.037243],[31.470005,30.037252]]]},"properties":{"kind":"building"}},{"type":"Feature","geometry":{"type":"Polygon","coordinates":[[[31.474055,30.041862],[31.474079,30.041873],[31.474078,30.041884],[31.474115,30.041903],[31.474117,30.041914],[31.47413,30.041916],[31.474232,30.041998],[31.474261,30.041984],[31.474308,30.041954],[31.474319,30.041932],[31.474317,30.041893],[31.474332,30.041865],[31.474358,30.041876],[31.474382,30.041831],[31.474189,30.041757],[31.474193,30.041743],[31.474145,30.041723],[31.474127,30.041759],[31.474109,30.041764],[31.474055,30.041862]]]},"properties":{"kind":"building"}},{"type":"Feature","geometry":{"type":"Polygon","coordinates":[[[31.472547,30.04157],[31.472596,30.041581],[31.472642,30.04158],[31.472643,30.041543],[31.472677,30.041542],[31.472679,30.041574],[31.472734,30.041572],[31.472725,30.041441],[31.472709,30.041441],[31.472709,30.041398],[31.472588,30.041399],[31.472567,30.041402],[31.472522,30.041395],[31.472499,30.041407],[31.472499,30.041445],[31.472478,30.041445],[31.472479,30.041492],[31.472494,30.041493],[31.472498,30.041521],[31.472547,30.04157]]]},"properties":{"kind":"building"}},{"type":"Feature","geometry":{"type":"Polygon","coordinates":[[[31.499813,30.022257],[31.499794,30.022255],[31.499779,30.022252],[31.499762,30.022244],[31.499746,30.022233],[31.499732,30.022229],[31.499717,30.022229],[31.499703,30.022233],[31.499693,30.022241],[31.499686,30.022251],[31.499683,30.022262],[31.499683,30.02227],[31.499661,30.022279],[31.499676,30.022315],[31.499707,30.022307],[31.499726,30.0223],[31.499744,30.022295],[31.49978,30.022278],[31.499813,30.022257]]]},"properties":{"kind":"building"}},{"type":"Feature","geometry":{"type":"Polygon","coordinates":[[[31.491723,30.028329],[31.491699,30.028329],[31.491685,30.028329],[31.491685,30.028336],[31.491686,30.028362],[31.491699,30.028362],[31.491745,30.028362],[31.491754,30.02836],[31.491761,30.028354],[31.491763,30.028345],[31.491763,30.028337],[31.491763,30.028329],[31.491762,30.02832],[31.491756,30.028312],[31.491747,30.028308],[31.491737,30.028308],[31.491728,30.028313],[31.491723,30.02832],[31.491723,30.028329]]]},"properties":{"kind":"building"}},{"type":"Feature","geometry":{"type":"Polygon","coordinates":[[[31.471583,30.034622],[31.471682,30.034621],[31.471682,30.034612],[31.471704,30.034612],[31.471704,30.034619],[31.471712,30.034619],[31.471712,30.034612],[31.471722,30.034612],[31.471721,30.034418],[31.471684,30.034418],[31.471684,30.034413],[31.471616,30.034413],[31.471616,30.03442],[31.471581,30.03442],[31.471582,30.034464],[31.471593,30.034464],[31.471593,30.034559],[31.471583,30.034559],[31.471583,30.034622]]]},"properties":{"kind":"building"}},{"type":"Feature","geometry":{"type":"Polygon","coordinates":[[[31.47159,30.036924],[31.471741,30.036922],[31.47174,30.036867],[31.471731,30.036867],[31.471731,30.036853],[31.471741,30.036853],[31.47174,30.036741],[31.471729,30.036741],[31.471729,30.036709],[31.471584,30.03671],[31.471585,30.036801],[31.471597,30.036801],[31.471597,30.03681],[31.471585,30.03681],[31.471586,30.036852],[31.471598,30.036852],[31.471598,30.036869],[31.471589,30.036869],[31.47159,30.036924]]]},"properties":{"kind":"building"}},{"type":"Feature","geometry":{"type":"Polygon","coordinates":[[[31.473452,30.03318],[31.4736,30.033129],[31.47358,30.033093],[31.473611,30.033081],[31.473583,30.033025],[31.473564,30.03303],[31.473532,30.032959],[31.473508,30.032944],[31.473406,30.032979],[31.473429,30.033025],[31.473403,30.033037],[31.473428,30.033075],[31.473437,30.033084],[31.473412,30.033092],[31.473427,30.033127],[31.473447,30.033122],[31.473451,30.033137],[31.473432,30.033144],[31.473452,30.03318]]]},"properties":{"kind":"building"}},{"type":"Feature","geometry":{"type":"Polygon","coordinates":[[[31.469971,30.032333],[31.470158,30.032316],[31.470141,30.032129],[31.470151,30.032115],[31.470144,30.0321],[31.470127,30.032089],[31.470106,30.032089],[31.470091,30.032097],[31.47009,30.032111],[31.470026,30.032113],[31.470013,30.032103],[31.46999,30.032104],[31.469983,30.032116],[31.469973,30.032121],[31.469929,30.032128],[31.469894,30.032133],[31.469894,30.032153],[31.469919,30.032155],[31.469971,30.032333]]]},"properties":{"kind":"building"}},{"type":"Feature","geometry":{"type":"Polygon","coordinates":[[[31.471502,30.038917],[31.471583,30.038949],[31.471578,30.038958],[31.471646,30.038985],[31.471641,30.038996],[31.471717,30.039034],[31.471824,30.038839],[31.47175,30.038809],[31.471744,30.03882],[31.471708,30.038805],[31.471702,30.038818],[31.471663,30.038804],[31.471654,30.038816],[31.471568,30.038784],[31.471556,30.038808],[31.471566,30.038812],[31.471517,30.038903],[31.471511,30.0389],[31.471502,30.038917]]]},"properties":{"kind":"building"}},{"type":"Feature","geometry":{"type":"Polygon","coordinates":[[[31.471286,30.039095],[31.471307,30.039117],[31.471294,30.039127],[31.471334,30.039166],[31.471326,30.039172],[31.471352,30.039197],[31.471341,30.039206],[31.471402,30.039265],[31.471461,30.03922],[31.471476,30.039234],[31.471571,30.039161],[31.471554,30.039144],[31.47158,30.039124],[31.471498,30.039044],[31.471489,30.03905],[31.471468,30.03903],[31.471452,30.039042],[31.471409,30.039],[31.471286,30.039095]]]},"properties":{"kind":"building"}},{"type":"Feature","geometry":{"type":"Polygon","coordinates":[[[31.4706,30.040399],[31.470602,30.040349],[31.470584,30.040353],[31.470587,30.040212],[31.4706,30.040204],[31.470625,30.040215],[31.470629,30.040228],[31.470657,30.040222],[31.470664,30.04024],[31.470683,30.040235],[31.470727,30.040263],[31.470755,30.040293],[31.470753,30.040308],[31.470762,30.040314],[31.470759,30.040358],[31.470794,30.04038],[31.470795,30.0404],[31.470788,30.040409],[31.4706,30.040399]]]},"properties":{"kind":"building"}},{"type":"Feature","geometry":{"type":"Polygon","coordinates":[[[31.471463,30.04136],[31.47148,30.041374],[31.471545,30.041375],[31.471546,30.041369],[31.471704,30.04137],[31.471707,30.041342],[31.471699,30.041335],[31.471698,30.041328],[31.471705,30.041322],[31.471708,30.041311],[31.471708,30.041303],[31.471702,30.041292],[31.471699,30.041286],[31.471705,30.041281],[31.471711,30.04128],[31.471713,30.041265],[31.471711,30.041243],[31.471463,30.041241],[31.471463,30.04136]]]},"properties":{"kind":"building"}},{"type":"Feature","geometry":{"type":"Polygon","coordinates":[[[31.472386,30.039767],[31.472547,30.039714],[31.472527,30.039669],[31.47254,30.039665],[31.47253,30.039642],[31.47252,30.039645],[31.47249,30.039577],[31.472503,30.039573],[31.472481,30.039522],[31.472267,30.039591],[31.472289,30.039641],[31.4723,30.039637],[31.472316,30.039673],[31.472342,30.039665],[31.472357,30.039699],[31.47234,30.039705],[31.472351,30.03973],[31.472368,30.039725],[31.472386,30.039767]]]},"properties":{"kind":"building"}},{"type":"Feature","geometry":{"type":"Polygon","coordinates":[[[31.477367,30.039175],[31.477362,30.039208],[31.477391,30.039239],[31.477426,30.039244],[31.477425,30.039258],[31.477408,30.03926],[31.477406,30.039302],[31.477423,30.039304],[31.477421,30.039321],[31.477449,30.039322],[31.477461,30.039328],[31.477481,30.039326],[31.477484,30.039322],[31.477502,30.039322],[31.477501,30.039312],[31.477653,30.039309],[31.477653,30.039114],[31.477599,30.039036],[31.477367,30.039175]]]},"properties":{"kind":"building"}},{"type":"Feature","geometry":{"type":"Polygon","coordinates":[[[31.477873,30.04004],[31.477888,30.04006],[31.477891,30.040089],[31.477879,30.040115],[31.477878,30.040143],[31.478111,30.040143],[31.478107,30.040066],[31.478122,30.040067],[31.478122,30.040004],[31.478106,30.040004],[31.478107,30.039931],[31.477925,30.039924],[31.477923,30.039929],[31.477874,30.039929],[31.477874,30.039951],[31.477883,30.03996],[31.477888,30.039981],[31.477886,30.040008],[31.477873,30.04004]]]},"properties":{"kind":"building"}},{"type":"Feature","geometry":{"type":"Polygon","coordinates":[[[31.497221,30.023029],[31.497395,30.023028],[31.497394,30.022925],[31.497449,30.022925],[31.497448,30.022842],[31.497447,30.022761],[31.497388,30.022762],[31.497388,30.022695],[31.497315,30.022695],[31.497316,30.022763],[31.497259,30.022763],[31.497259,30.022775],[31.497201,30.022776],[31.4972,30.02274],[31.4971,30.022741],[31.497101,30.02294],[31.49722,30.022939],[31.497221,30.023029]]]},"properties":{"kind":"building"}},{"type":"Feature","geometry":{"type":"Polygon","coordinates":[[[31.478551,30.027631],[31.47855,30.027659],[31.478658,30.027658],[31.478654,30.027462],[31.478527,30.027462],[31.478528,30.02745],[31.478343,30.02745],[31.478343,30.027491],[31.478367,30.027492],[31.478366,30.027528],[31.478412,30.027528],[31.478412,30.027578],[31.478447,30.027577],[31.478448,30.027595],[31.478455,30.027611],[31.47847,30.027625],[31.478487,30.02763],[31.478551,30.027631]]]},"properties":{"kind":"building"}},{"type":"Feature","geometry":{"type":"Polygon","coordinates":[[[31.479236,30.038927],[31.479257,30.038909],[31.479282,30.038888],[31.479306,30.03891],[31.479363,30.038861],[31.479465,30.038863],[31.479537,30.038864],[31.479562,30.038887],[31.479577,30.038875],[31.47966,30.038949],[31.479643,30.038963],[31.479662,30.03898],[31.479673,30.038989],[31.479669,30.039227],[31.479249,30.039223],[31.479252,30.039016],[31.479296,30.038979],[31.479236,30.038927]]]},"properties":{"kind":"building"}},{"type":"Feature","geometry":{"type":"Polygon","coordinates":[[[31.491921,30.028004],[31.491962,30.027987],[31.492013,30.02796],[31.492086,30.027899],[31.492066,30.027734],[31.492098,30.027734],[31.492278,30.027733],[31.492304,30.027733],[31.4923,30.027914],[31.4923,30.027934],[31.492364,30.027935],[31.492376,30.028141],[31.492281,30.02814],[31.492281,30.02818],[31.492034,30.02819],[31.49192,30.028161],[31.49192,30.028114],[31.491921,30.028004]]]},"properties":{"kind":"building"}},{"type":"Feature","geometry":{"type":"Polygon","coordinates":[[[31.473085,30.03475],[31.47309,30.034843],[31.473105,30.034879],[31.473117,30.034881],[31.473117,30.034904],[31.473152,30.034903],[31.473153,30.034922],[31.473198,30.034921],[31.473198,30.034896],[31.473223,30.034896],[31.473223,30.034919],[31.473267,30.034918],[31.473268,30.034936],[31.473314,30.034935],[31.473313,30.034896],[31.473324,30.034896],[31.47332,30.034746],[31.473085,30.03475]]]},"properties":{"kind":"building"}},{"type":"Feature","geometry":{"type":"Polygon","coordinates":[[[31.470582,30.039591],[31.470764,30.039583],[31.47076,30.039518],[31.470731,30.039519],[31.470727,30.039444],[31.470723,30.03938],[31.470702,30.039381],[31.470702,30.039374],[31.470679,30.039375],[31.47068,30.039389],[31.470604,30.039392],[31.470604,30.039383],[31.470575,30.039384],[31.470578,30.039441],[31.470588,30.039441],[31.470589,30.039455],[31.470575,30.039455],[31.470582,30.039591]]]},"properties":{"kind":"building"}},{"type":"Feature","geometry":{"type":"Polygon","coordinates":[[[31.471007,30.039741],[31.471032,30.039793],[31.471046,30.039785],[31.471059,30.039798],[31.471078,30.039796],[31.471091,30.03978],[31.47111,30.039785],[31.471175,30.039746],[31.471094,30.039614],[31.471109,30.039603],[31.471069,30.039547],[31.470948,30.039605],[31.470981,30.039667],[31.470982,30.039689],[31.470992,30.039702],[31.471,30.039695],[31.471021,30.039729],[31.471007,30.039741]]]},"properties":{"kind":"building"}},{"type":"Feature","geometry":{"type":"Polygon","coordinates":[[[31.470571,30.040692],[31.47056,30.040478],[31.47075,30.040477],[31.47076,30.040492],[31.470759,30.040507],[31.470734,30.040507],[31.470734,30.040571],[31.47076,30.040571],[31.470758,30.0406],[31.470735,30.040601],[31.470741,30.040624],[31.470736,30.040637],[31.470694,30.040637],[31.47067,30.040662],[31.470672,30.040683],[31.470617,30.040683],[31.470615,30.040692],[31.470571,30.040692]]]},"properties":{"kind":"building"}},{"type":"Feature","geometry":{"type":"Polygon","coordinates":[[[31.471163,30.04148],[31.471162,30.041515],[31.471184,30.041515],[31.471185,30.041551],[31.471227,30.041552],[31.471228,30.041585],[31.471319,30.041586],[31.471333,30.041593],[31.47136,30.041596],[31.471378,30.041583],[31.471381,30.041426],[31.471272,30.041426],[31.471272,30.041439],[31.471148,30.041434],[31.471132,30.041439],[31.471126,30.04146],[31.471139,30.041477],[31.471163,30.04148]]]},"properties":{"kind":"building"}},{"type":"Feature","geometry":{"type":"Polygon","coordinates":[[[31.47285,30.039694],[31.472949,30.039692],[31.472956,30.039703],[31.472982,30.039705],[31.473003,30.039695],[31.473007,30.039627],[31.472996,30.039627],[31.472994,30.039507],[31.472981,30.039498],[31.472952,30.039502],[31.472925,30.039492],[31.472897,30.039491],[31.472884,30.039496],[31.472873,30.039507],[31.472841,30.039507],[31.47284,30.039578],[31.47285,30.039575],[31.47285,30.039694]]]},"properties":{"kind":"building"}},{"type":"Feature","geometry":{"type":"Polygon","coordinates":[[[31.471855,30.042077],[31.472025,30.042083],[31.472028,30.041928],[31.472009,30.041928],[31.472017,30.041883],[31.472011,30.041873],[31.471999,30.04187],[31.471987,30.041874],[31.471977,30.041875],[31.471968,30.041863],[31.471888,30.041866],[31.471888,30.041847],[31.471852,30.041847],[31.471851,30.041869],[31.471841,30.04187],[31.471843,30.041925],[31.471858,30.041926],[31.471855,30.042077]]]},"properties":{"kind":"building"}},{"type":"Feature","geometry":{"type":"Polygon","coordinates":[[[31.499793,30.020119],[31.499651,30.020235],[31.499577,30.020167],[31.499459,30.020263],[31.499535,30.020333],[31.499439,30.020413],[31.499092,30.020095],[31.499129,30.020065],[31.499107,30.020045],[31.499067,30.020008],[31.499127,30.019959],[31.499165,30.019994],[31.499192,30.020018],[31.499226,30.019991],[31.499364,30.020117],[31.499589,30.019932],[31.499793,30.020119]]]},"properties":{"kind":"building"}},{"type":"Feature","geometry":{"type":"Polygon","coordinates":[[[31.491574,30.028363],[31.491564,30.028357],[31.491559,30.028345],[31.491558,30.02833],[31.49156,30.028321],[31.491566,30.028314],[31.491576,30.02831],[31.491586,30.028309],[31.491596,30.028313],[31.491602,30.028321],[31.491604,30.02833],[31.491613,30.02833],[31.491624,30.02833],[31.491624,30.028337],[31.491624,30.028362],[31.491613,30.028362],[31.491574,30.028363]]]},"properties":{"kind":"building"}},{"type":"Feature","geometry":{"type":"Polygon","coordinates":[[[31.492112,30.028326],[31.49211,30.028317],[31.492104,30.028309],[31.492094,30.028305],[31.492084,30.028306],[31.492075,30.02831],[31.492069,30.028317],[31.492068,30.028326],[31.492044,30.028326],[31.492034,30.028326],[31.492034,30.028334],[31.492034,30.028362],[31.492044,30.028362],[31.492097,30.028363],[31.492108,30.028353],[31.492112,30.028341],[31.492112,30.028326]]]},"properties":{"kind":"building"}},{"type":"Feature","geometry":{"type":"Polygon","coordinates":[[[31.470694,30.034634],[31.470869,30.034629],[31.470867,30.034444],[31.470846,30.034444],[31.470847,30.034432],[31.4708,30.034433],[31.470799,30.034426],[31.470773,30.034426],[31.470775,30.034448],[31.470747,30.034451],[31.470715,30.034468],[31.470694,30.034498],[31.470692,30.034535],[31.470683,30.034536],[31.470683,30.034565],[31.470692,30.034566],[31.470694,30.034634]]]},"properties":{"kind":"building"}},{"type":"Feature","geometry":{"type":"Polygon","coordinates":[[[31.47069,30.035537],[31.470716,30.035577],[31.470782,30.035617],[31.470801,30.035619],[31.4708,30.035628],[31.470908,30.035632],[31.470907,30.035567],[31.470914,30.035566],[31.470912,30.035466],[31.470927,30.035466],[31.470926,30.035435],[31.470911,30.035435],[31.470911,30.035403],[31.470804,30.035401],[31.470803,30.03541],[31.47068,30.035414],[31.47069,30.035537]]]},"properties":{"kind":"building"}},{"type":"Feature","geometry":{"type":"Polygon","coordinates":[[[31.470673,30.035348],[31.470886,30.035344],[31.470879,30.035261],[31.470865,30.03526],[31.470865,30.035134],[31.470723,30.035135],[31.470725,30.035152],[31.470685,30.035188],[31.470664,30.035224],[31.470658,30.035267],[31.470661,30.03529],[31.470671,30.035292],[31.470672,30.035307],[31.470663,30.035312],[31.47066,30.035328],[31.470664,30.035337],[31.470673,30.035348]]]},"properties":{"kind":"building"}},{"type":"Feature","geometry":{"type":"Polygon","coordinates":[[[31.470937,30.036032],[31.471099,30.036037],[31.471104,30.035908],[31.471088,30.035907],[31.471091,30.035823],[31.47104,30.035822],[31.471039,30.035846],[31.47096,30.035844],[31.470961,30.03583],[31.470924,30.035829],[31.470921,30.035884],[31.470924,30.035884],[31.470923,30.035914],[31.470931,30.035915],[31.470928,30.035975],[31.470939,30.035975],[31.470937,30.036032]]]},"properties":{"kind":"building"}},{"type":"Feature","geometry":{"type":"Polygon","coordinates":[[[31.470546,30.038716],[31.470543,30.038592],[31.470499,30.038591],[31.470498,30.038599],[31.470472,30.038599],[31.470471,30.038638],[31.470436,30.038636],[31.470438,30.038597],[31.470338,30.038599],[31.470337,30.038629],[31.470354,30.038633],[31.470367,30.038647],[31.470364,30.038668],[31.470355,30.03868],[31.470342,30.03868],[31.47034,30.038723],[31.470546,30.038716]]]},"properties":{"kind":"building"}},{"type":"Feature","geometry":{"type":"Polygon","coordinates":[[[31.470349,30.037809],[31.470508,30.03781],[31.470519,30.037792],[31.470518,30.037768],[31.470495,30.037761],[31.470494,30.037749],[31.470511,30.037738],[31.470516,30.037719],[31.470509,30.037698],[31.470493,30.037696],[31.470494,30.037684],[31.47035,30.037684],[31.470352,30.037727],[31.470334,30.037728],[31.470335,30.037769],[31.470349,30.037769],[31.470349,30.037809]]]},"properties":{"kind":"building"}},{"type":"Feature","geometry":{"type":"Polygon","coordinates":[[[31.469882,30.040405],[31.47008,30.040402],[31.470079,30.040287],[31.470063,30.040285],[31.470064,30.040202],[31.470031,30.040204],[31.470007,30.040194],[31.46999,30.040194],[31.469977,30.040201],[31.469969,30.040208],[31.469971,30.040221],[31.469973,30.040236],[31.46994,30.040283],[31.469904,30.040284],[31.469907,30.040368],[31.469883,30.04037],[31.469882,30.040405]]]},"properties":{"kind":"building"}},{"type":"Feature","geometry":{"type":"Polygon","coordinates":[[[31.471765,30.039076],[31.472001,30.039215],[31.472037,30.039155],[31.472068,30.039102],[31.472107,30.039053],[31.472042,30.039019],[31.472034,30.039027],[31.471958,30.038997],[31.47195,30.039008],[31.471891,30.038979],[31.471893,30.03897],[31.471856,30.038953],[31.471813,30.039011],[31.471829,30.039022],[31.471813,30.039044],[31.471796,30.039035],[31.471765,30.039076]]]},"properties":{"kind":"building"}},{"type":"Feature","geometry":{"type":"Polygon","coordinates":[[[31.471388,30.040025],[31.471488,30.04011],[31.471504,30.040095],[31.471561,30.040136],[31.471549,30.040147],[31.471566,30.040157],[31.4716,30.04013],[31.471595,30.040113],[31.471604,30.040108],[31.471617,30.040119],[31.471651,30.040092],[31.47164,30.040081],[31.47166,30.040068],[31.471513,30.039904],[31.471388,30.039998],[31.471399,30.040015],[31.471388,30.040025]]]},"properties":{"kind":"building"}},{"type":"Feature","geometry":{"type":"Polygon","coordinates":[[[31.473436,30.039969],[31.473508,30.03997],[31.473507,30.039946],[31.473609,30.03995],[31.47361,30.039915],[31.473635,30.039916],[31.473633,30.039827],[31.473623,30.039827],[31.473623,30.039781],[31.473575,30.039782],[31.473569,30.039771],[31.473556,30.039768],[31.473542,30.039769],[31.473531,30.039774],[31.473527,30.039784],[31.473441,30.039786],[31.473436,30.039969]]]},"properties":{"kind":"building"}},{"type":"Feature","geometry":{"type":"Polygon","coordinates":[[[31.47714,30.040064],[31.477252,30.040066],[31.47725,30.040076],[31.477328,30.040074],[31.477327,30.040061],[31.477374,30.040068],[31.477452,30.040029],[31.477405,30.039975],[31.477421,30.039963],[31.477337,30.039854],[31.477319,30.039862],[31.477311,30.039862],[31.477312,30.039837],[31.477154,30.03983],[31.477152,30.039866],[31.477133,30.039865],[31.47714,30.040064]]]},"properties":{"kind":"building"}},{"type":"Feature","geometry":{"type":"Polygon","coordinates":[[[31.477869,30.03917],[31.477884,30.03919],[31.477887,30.039219],[31.477875,30.039245],[31.477874,30.039273],[31.478107,30.039273],[31.478103,30.039196],[31.478118,30.039197],[31.478118,30.039134],[31.478102,30.039134],[31.478103,30.039061],[31.47787,30.039059],[31.47787,30.039081],[31.477879,30.039091],[31.477884,30.039111],[31.477882,30.039138],[31.477869,30.03917]]]},"properties":{"kind":"building"}},{"type":"Feature","geometry":{"type":"Polygon","coordinates":[[[31.477859,30.039466],[31.477875,30.039486],[31.477877,30.039516],[31.477865,30.039542],[31.477865,30.039569],[31.478097,30.039569],[31.478094,30.039492],[31.478108,30.039493],[31.478108,30.03943],[31.478092,30.03943],[31.478094,30.039358],[31.477861,30.039355],[31.477861,30.039377],[31.477869,30.039387],[31.477875,30.039407],[31.477872,30.039434],[31.477859,30.039466]]]},"properties":{"kind":"building"}},{"type":"Feature","geometry":{"type":"Polygon","coordinates":[[[31.47787,30.039746],[31.477885,30.039766],[31.477888,30.039795],[31.477876,30.039821],[31.477875,30.039849],[31.478108,30.039849],[31.478104,30.039772],[31.478119,30.039773],[31.478119,30.03971],[31.478103,30.03971],[31.478105,30.039637],[31.477872,30.039635],[31.477872,30.039657],[31.47788,30.039666],[31.477886,30.039687],[31.477883,30.039714],[31.47787,30.039746]]]},"properties":{"kind":"building"}},{"type":"Feature","geometry":{"type":"Polygon","coordinates":[[[31.47066,30.020494],[31.470633,30.020469],[31.470588,30.020506],[31.470615,30.02053],[31.470572,30.020567],[31.470636,30.020624],[31.470648,30.020613],[31.470669,30.020632],[31.470685,30.020618],[31.470694,30.020626],[31.470781,30.020553],[31.470773,30.020546],[31.470787,30.020534],[31.470765,30.020514],[31.470771,30.020508],[31.470709,30.020453],[31.47066,30.020494]]]},"properties":{"kind":"building"}},{"type":"Feature","geometry":{"type":"Polygon","coordinates":[[[31.470849,30.020333],[31.470821,30.020309],[31.470777,30.020346],[31.470803,30.02037],[31.47076,30.020406],[31.470824,30.020463],[31.470837,30.020453],[31.470858,30.020471],[31.470874,30.020457],[31.470883,30.020465],[31.470969,30.020393],[31.470961,30.020385],[31.470976,30.020373],[31.470953,30.020353],[31.47096,30.020348],[31.470898,30.020292],[31.470849,30.020333]]]},"properties":{"kind":"building"}},{"type":"Feature","geometry":{"type":"Polygon","coordinates":[[[31.471031,30.020177],[31.471004,30.020152],[31.470959,30.02019],[31.470986,30.020214],[31.470943,30.02025],[31.471007,30.020307],[31.47102,30.020297],[31.47104,30.020315],[31.471057,30.020301],[31.471066,30.020309],[31.471152,30.020236],[31.471144,30.020229],[31.471158,30.020217],[31.471136,30.020197],[31.471142,30.020191],[31.47108,30.020136],[31.471031,30.020177]]]},"properties":{"kind":"building"}},{"type":"Feature","geometry":{"type":"Polygon","coordinates":[[[31.471211,30.020016],[31.471183,30.019991],[31.471139,30.020028],[31.471166,30.020052],[31.471123,30.020088],[31.471187,30.020146],[31.471199,30.020135],[31.47122,30.020153],[31.471236,30.02014],[31.471245,30.020148],[31.471332,30.020075],[31.471324,30.020068],[31.471338,30.020056],[31.471315,30.020036],[31.471322,30.02003],[31.47126,30.019975],[31.471211,30.020016]]]},"properties":{"kind":"building"}},{"type":"Feature","geometry":{"type":"Polygon","coordinates":[[[31.470142,30.020524],[31.470171,30.020501],[31.470128,30.020462],[31.4701,30.020485],[31.470059,30.020447],[31.469992,30.020502],[31.470004,30.020513],[31.469983,30.02053],[31.469998,30.020545],[31.469989,30.020552],[31.470072,30.020628],[31.470081,30.020621],[31.470094,30.020634],[31.470118,30.020614],[31.470124,30.02062],[31.470189,30.020567],[31.470142,30.020524]]]},"properties":{"kind":"building"}},{"type":"Feature","geometry":{"type":"Polygon","coordinates":[[[31.469968,30.020375],[31.469997,30.020351],[31.469954,30.020312],[31.469926,30.020335],[31.469885,30.020297],[31.469818,30.020352],[31.46983,30.020363],[31.469809,30.020381],[31.469825,30.020395],[31.469815,30.020403],[31.469898,30.020478],[31.469907,30.020471],[31.46992,30.020484],[31.469944,30.020465],[31.46995,30.020471],[31.470015,30.020418],[31.469968,30.020375]]]},"properties":{"kind":"building"}},{"type":"Feature","geometry":{"type":"Polygon","coordinates":[[[31.492186,30.026327],[31.492372,30.026327],[31.492372,30.026031],[31.492309,30.025993],[31.492228,30.025992],[31.49178,30.025988],[31.49172,30.025987],[31.491781,30.02604],[31.491816,30.02607],[31.491881,30.026069],[31.491881,30.026108],[31.491919,30.02615],[31.492153,30.02615],[31.492166,30.026162],[31.492182,30.026175],[31.492186,30.026327]]]},"properties":{"kind":"building"}},{"type":"Feature","geometry":{"type":"Polygon","coordinates":[[[31.492547,30.027947],[31.492547,30.027931],[31.492563,30.02793],[31.492582,30.02793],[31.492582,30.027946],[31.492582,30.027956],[31.492586,30.027969],[31.492582,30.027981],[31.492571,30.027991],[31.492556,30.027994],[31.492542,30.02799],[31.492531,30.027981],[31.492527,30.027968],[31.492531,30.027955],[31.492541,30.027948],[31.492547,30.027947]]]},"properties":{"kind":"building"}},{"type":"Feature","geometry":{"type":"Polygon","coordinates":[[[31.472369,30.03603],[31.472444,30.03603],[31.472444,30.036037],[31.472518,30.036037],[31.472514,30.035821],[31.47251,30.035819],[31.472508,30.035815],[31.472504,30.035814],[31.472499,30.035815],[31.472496,30.03582],[31.472484,30.035818],[31.472473,30.035812],[31.472355,30.035812],[31.472353,30.035867],[31.472366,30.035867],[31.472369,30.03603]]]},"properties":{"kind":"building"}},{"type":"Feature","geometry":{"type":"Polygon","coordinates":[[[31.470661,30.029528],[31.470827,30.029507],[31.47079,30.029307],[31.470788,30.029294],[31.470779,30.029291],[31.470758,30.02929],[31.470745,30.029308],[31.470697,30.029315],[31.470688,30.029305],[31.470661,30.029309],[31.470652,30.029323],[31.470642,30.029316],[31.470631,30.029313],[31.470621,30.029318],[31.470622,30.029329],[31.470661,30.029528]]]},"properties":{"kind":"building"}},{"type":"Feature","geometry":{"type":"Polygon","coordinates":[[[31.471805,30.029433],[31.471996,30.029432],[31.471998,30.029378],[31.471984,30.029378],[31.471982,30.029358],[31.472,30.029358],[31.471999,30.029319],[31.47198,30.029316],[31.471977,30.029282],[31.471936,30.029237],[31.471876,30.029239],[31.471863,30.029215],[31.471792,30.029214],[31.471792,30.029273],[31.471806,30.029271],[31.471805,30.029433]]]},"properties":{"kind":"building"}},{"type":"Feature","geometry":{"type":"Polygon","coordinates":[[[31.471927,30.037601],[31.47203,30.037598],[31.472029,30.037605],[31.472154,30.037604],[31.472153,30.03754],[31.472114,30.037541],[31.472116,30.037503],[31.472098,30.037503],[31.472099,30.037491],[31.472082,30.037473],[31.472061,30.037472],[31.472061,30.037458],[31.47191,30.037454],[31.471912,30.03754],[31.471927,30.037539],[31.471927,30.037601]]]},"properties":{"kind":"building"}},{"type":"Feature","geometry":{"type":"Polygon","coordinates":[[[31.471458,30.041197],[31.471603,30.041199],[31.471604,30.04119],[31.47167,30.04119],[31.471672,30.041171],[31.471663,30.041157],[31.47166,30.041142],[31.471672,30.041128],[31.471674,30.041105],[31.471672,30.041082],[31.471669,30.04107],[31.471645,30.041059],[31.47147,30.041054],[31.471473,30.041151],[31.47146,30.041151],[31.471458,30.041197]]]},"properties":{"kind":"building"}},{"type":"Feature","geometry":{"type":"Polygon","coordinates":[[[31.472489,30.040393],[31.472722,30.040388],[31.472724,30.040315],[31.472708,30.040316],[31.472707,30.040309],[31.472715,30.040302],[31.472718,30.04029],[31.472713,30.040283],[31.472705,30.040279],[31.472703,30.040186],[31.472618,30.040191],[31.472535,30.040223],[31.472513,30.040233],[31.472514,30.040259],[31.472488,30.040261],[31.472489,30.040393]]]},"properties":{"kind":"building"}},{"type":"Feature","geometry":{"type":"Polygon","coordinates":[[[31.470591,30.03031],[31.470691,30.030267],[31.470597,30.030102],[31.47061,30.030096],[31.47058,30.030043],[31.470417,30.030112],[31.470423,30.030122],[31.470405,30.030129],[31.470429,30.030171],[31.470452,30.030161],[31.470488,30.030225],[31.470501,30.03022],[31.470519,30.030251],[31.47055,30.030237],[31.470591,30.03031]]]},"properties":{"kind":"building"}},{"type":"Feature","geometry":{"type":"Polygon","coordinates":[[[31.496864,30.02362],[31.496851,30.023632],[31.496837,30.02362],[31.496817,30.023638],[31.496831,30.023649],[31.49682,30.023659],[31.496877,30.023707],[31.496865,30.023718],[31.496833,30.023691],[31.496786,30.023733],[31.496859,30.023794],[31.496876,30.023779],[31.49687,30.023774],[31.496956,30.023698],[31.496864,30.02362]]]},"properties":{"kind":"building"}},{"type":"Feature","geometry":{"type":"Polygon","coordinates":[[[31.491946,30.028327],[31.491955,30.028327],[31.491976,30.028327],[31.491975,30.028334],[31.491975,30.028362],[31.491955,30.028362],[31.491916,30.028362],[31.491904,30.028356],[31.491899,30.028339],[31.491899,30.028327],[31.491903,30.028315],[31.491915,30.028308],[31.49193,30.028308],[31.491941,30.028315],[31.491946,30.028327]]]},"properties":{"kind":"building"}},{"type":"Feature","geometry":{"type":"Polygon","coordinates":[[[31.491921,30.028004],[31.49192,30.028114],[31.491827,30.028115],[31.491777,30.028115],[31.49178,30.028159],[31.491622,30.028209],[31.491605,30.028198],[31.491622,30.028119],[31.491559,30.028104],[31.49163,30.0279],[31.491662,30.027936],[31.491692,30.027969],[31.491772,30.028002],[31.491829,30.02801],[31.491921,30.028004]]]},"properties":{"kind":"building"}},{"type":"Feature","geometry":{"type":"Polygon","coordinates":[[[31.492581,30.027855],[31.492581,30.027864],[31.492581,30.027878],[31.492562,30.027879],[31.49254,30.027879],[31.492541,30.027864],[31.49253,30.027855],[31.492525,30.027843],[31.492529,30.02783],[31.49254,30.02782],[31.492554,30.027817],[31.492569,30.02782],[31.49258,30.027829],[31.492584,30.027842],[31.492581,30.027855]]]},"properties":{"kind":"building"}},{"type":"Feature","geometry":{"type":"Polygon","coordinates":[[[31.472682,30.034929],[31.472784,30.034932],[31.472784,30.034894],[31.472807,30.034895],[31.472813,30.034902],[31.472824,30.034903],[31.472833,30.034901],[31.472836,30.03489],[31.472839,30.034861],[31.472875,30.034861],[31.472875,30.034693],[31.472697,30.034693],[31.472698,30.034818],[31.472682,30.034818],[31.472682,30.034929]]]},"properties":{"kind":"building"}},{"type":"Feature","geometry":{"type":"Polygon","coordinates":[[[31.473347,30.034079],[31.473353,30.03407],[31.473354,30.034042],[31.473364,30.034042],[31.473361,30.03397],[31.473352,30.033969],[31.47335,30.033947],[31.47334,30.033943],[31.473094,30.033945],[31.473094,30.033983],[31.473102,30.033983],[31.473103,30.034041],[31.473097,30.034041],[31.473097,30.034078],[31.473347,30.034079]]]},"properties":{"kind":"building"}},{"type":"Feature","geometry":{"type":"Polygon","coordinates":[[[31.470937,30.03633],[31.470937,30.036337],[31.470961,30.036337],[31.470961,30.036332],[31.471056,30.036332],[31.471056,30.036339],[31.47109,30.036339],[31.47109,30.036276],[31.471107,30.036276],[31.471106,30.036123],[31.470946,30.036123],[31.470947,30.036289],[31.47093,30.036289],[31.47093,30.03633],[31.470937,30.03633]]]},"properties":{"kind":"building"}},{"type":"Feature","geometry":{"type":"Polygon","coordinates":[[[31.47426,30.035489],[31.474287,30.035489],[31.474287,30.03551],[31.474343,30.035511],[31.474343,30.035519],[31.474404,30.03552],[31.474403,30.035533],[31.474438,30.035533],[31.474439,30.035527],[31.474451,30.035527],[31.474451,30.035536],[31.474502,30.035537],[31.474505,30.035384],[31.474263,30.03538],[31.47426,30.035489]]]},"properties":{"kind":"building"}},{"type":"Feature","geometry":{"type":"Polygon","coordinates":[[[31.474217,30.033129],[31.474193,30.033115],[31.474208,30.03309],[31.474047,30.032978],[31.473936,30.03307],[31.473965,30.033098],[31.473975,30.033093],[31.474005,30.033121],[31.473991,30.033135],[31.474026,30.033163],[31.47403,30.033159],[31.474066,30.033184],[31.474045,30.033191],[31.474094,30.033234],[31.474217,30.033129]]]},"properties":{"kind":"building"}},{"type":"Feature","geometry":{"type":"Polygon","coordinates":[[[31.472228,30.033192],[31.472449,30.033189],[31.472451,30.033044],[31.472434,30.033044],[31.472434,30.03301],[31.472419,30.033012],[31.472417,30.032986],[31.472399,30.032978],[31.472374,30.032981],[31.472358,30.033002],[31.472357,30.033118],[31.472325,30.033118],[31.472324,30.033138],[31.472227,30.033137],[31.472228,30.033192]]]},"properties":{"kind":"building"}},{"type":"Feature","geometry":{"type":"Polygon","coordinates":[[[31.470164,30.034763],[31.470356,30.034764],[31.470356,30.034754],[31.470382,30.034754],[31.470382,30.034724],[31.4704,30.034724],[31.4704,30.034667],[31.470385,30.034667],[31.470385,30.034634],[31.470372,30.034634],[31.470372,30.034625],[31.470341,30.034625],[31.470341,30.03462],[31.470164,30.034619],[31.470164,30.034763]]]},"properties":{"kind":"building"}},{"type":"Feature","geometry":{"type":"Polygon","coordinates":[[[31.470207,30.037198],[31.470372,30.037198],[31.470372,30.03712],[31.470387,30.037112],[31.470389,30.037097],[31.470376,30.037083],[31.470377,30.03707],[31.470387,30.037059],[31.470388,30.037034],[31.470367,30.03703],[31.470367,30.037001],[31.470292,30.036999],[31.470292,30.037018],[31.470206,30.037018],[31.470207,30.037198]]]},"properties":{"kind":"building"}},{"type":"Feature","geometry":{"type":"Polygon","coordinates":[[[31.470167,30.042084],[31.470326,30.04209],[31.47033,30.041929],[31.47032,30.041928],[31.470321,30.0419],[31.470299,30.041899],[31.4703,30.041871],[31.47021,30.041868],[31.470208,30.041902],[31.4702,30.041902],[31.470199,30.041926],[31.47019,30.041925],[31.470185,30.04201],[31.470173,30.042011],[31.470167,30.042084]]]},"properties":{"kind":"building"}},{"type":"Feature","geometry":{"type":"Polygon","coordinates":[[[31.472812,30.039961],[31.472856,30.039961],[31.472856,30.039948],[31.472925,30.039947],[31.472925,30.039958],[31.472973,30.039957],[31.472972,30.039894],[31.47296,30.039894],[31.472959,30.039826],[31.472971,30.039826],[31.472969,30.039739],[31.472943,30.039739],[31.472943,30.039732],[31.472819,30.039732],[31.472812,30.039961]]]},"properties":{"kind":"building"}},{"type":"Feature","geometry":{"type":"Polygon","coordinates":[[[31.471134,30.040826],[31.471382,30.040824],[31.471382,30.040688],[31.471294,30.040684],[31.471294,30.040693],[31.471132,30.040692],[31.471132,30.040713],[31.471144,30.040714],[31.471143,30.040721],[31.471117,30.040723],[31.471119,30.040794],[31.471144,30.040794],[31.471145,30.040802],[31.471134,30.040803],[31.471134,30.040826]]]},"properties":{"kind":"building"}},{"type":"Feature","geometry":{"type":"Polygon","coordinates":[[[31.474176,30.041685],[31.474297,30.04172],[31.47429,30.041734],[31.474406,30.04177],[31.474415,30.041734],[31.474433,30.041738],[31.474459,30.041664],[31.474441,30.041657],[31.474459,30.041614],[31.474354,30.041579],[31.474349,30.041586],[31.474311,30.041573],[31.474309,30.041587],[31.474217,30.041557],[31.474176,30.041685]]]},"properties":{"kind":"building"}},{"type":"Feature","geometry":{"type":"Polygon","coordinates":[[[31.474238,30.040564],[31.474376,30.040566],[31.474382,30.040551],[31.474392,30.04055],[31.474415,30.040557],[31.47443,30.04057],[31.474478,30.040568],[31.474476,30.040418],[31.474414,30.040409],[31.474396,30.040421],[31.474378,30.040412],[31.474367,30.04041],[31.47436,30.040422],[31.474235,30.040419],[31.474238,30.040564]]]},"properties":{"kind":"building"}},{"type":"Feature","geometry":{"type":"Polygon","coordinates":[[[31.473924,30.03963],[31.474018,30.039631],[31.474017,30.03962],[31.474168,30.039626],[31.474175,30.039486],[31.474156,30.039486],[31.474157,30.039471],[31.474033,30.039466],[31.474033,30.039496],[31.473969,30.039501],[31.473928,30.039536],[31.473947,30.039547],[31.473947,30.039581],[31.473923,30.03958],[31.473924,30.03963]]]},"properties":{"kind":"building"}},{"type":"Feature","geometry":{"type":"Polygon","coordinates":[[[31.472483,30.040866],[31.4726,30.040866],[31.472595,30.040795],[31.472657,30.040743],[31.472697,30.040742],[31.472701,30.04063],[31.472599,30.040628],[31.472601,30.040646],[31.472579,30.040649],[31.472572,30.040713],[31.472542,30.040709],[31.472537,30.040629],[31.472474,30.040683],[31.472496,30.04071],[31.472483,30.040866]]]},"properties":{"kind":"building"}},{"type":"Feature","geometry":{"type":"Polygon","coordinates":[[[31.477165,30.039095],[31.477288,30.039151],[31.47758,30.038965],[31.477547,30.038929],[31.477525,30.038941],[31.477512,30.038924],[31.477494,30.038935],[31.477454,30.038914],[31.477438,30.038931],[31.477396,30.038918],[31.477387,30.038928],[31.47736,30.038913],[31.477348,30.03892],[31.47727,30.038903],[31.477165,30.039095]]]},"properties":{"kind":"building"}},{"type":"Feature","geometry":{"type":"Polygon","coordinates":[[[31.498988,30.02264],[31.499132,30.022764],[31.49911,30.022783],[31.499209,30.022869],[31.499244,30.022838],[31.499278,30.022867],[31.499302,30.022845],[31.499324,30.022864],[31.499392,30.022805],[31.499379,30.022793],[31.499307,30.022731],[31.499218,30.022655],[31.499093,30.022548],[31.498988,30.02264]]]},"properties":{"kind":"building"}},{"type":"Feature","geometry":{"type":"Polygon","coordinates":[[[31.499031,30.022526],[31.49872,30.022827],[31.498628,30.022743],[31.498592,30.022746],[31.498564,30.022731],[31.498545,30.022705],[31.498541,30.022669],[31.498565,30.022631],[31.498595,30.022616],[31.498652,30.022613],[31.498786,30.022494],[31.498704,30.022422],[31.498808,30.022344],[31.499031,30.022526]]]},"properties":{"kind":"building"}},{"type":"Feature","geometry":{"type":"Polygon","coordinates":[[[31.472512,30.034716],[31.472654,30.034716],[31.472654,30.034773],[31.472634,30.034773],[31.472634,30.034921],[31.47261,30.034921],[31.47261,30.034942],[31.472529,30.034942],[31.472529,30.03492],[31.472484,30.03492],[31.472484,30.034781],[31.472492,30.034781],[31.472492,30.034716],[31.472512,30.034716]]]},"properties":{"kind":"building"}},{"type":"Feature","geometry":{"type":"Polygon","coordinates":[[[31.473087,30.033892],[31.473085,30.033798],[31.473098,30.033759],[31.473132,30.033721],[31.473199,30.033704],[31.473339,30.033708],[31.473338,30.033773],[31.473356,30.033772],[31.473356,30.033888],[31.473286,30.033887],[31.473285,30.033893],[31.473188,30.033895],[31.473188,30.03389],[31.473087,30.033892]]]},"properties":{"kind":"building"}},{"type":"Feature","geometry":{"type":"Polygon","coordinates":[[[31.47018,30.03563],[31.470179,30.035432],[31.470419,30.035434],[31.47042,30.03547],[31.470432,30.035479],[31.470432,30.035498],[31.470429,30.03555],[31.470334,30.035637],[31.470318,30.035625],[31.470273,30.035629],[31.47026,30.035642],[31.470234,30.035642],[31.470229,30.035633],[31.47018,30.03563]]]},"properties":{"kind":"building"}},{"type":"Feature","geometry":{"type":"Polygon","coordinates":[[[31.470665,30.037196],[31.470664,30.036977],[31.470853,30.036977],[31.470848,30.037043],[31.470861,30.037055],[31.470854,30.037117],[31.47083,30.03712],[31.470808,30.03715],[31.470777,30.037164],[31.470756,30.037163],[31.470752,30.037177],[31.47071,30.037179],[31.470709,30.037194],[31.470665,30.037196]]]},"properties":{"kind":"building"}},{"type":"Feature","geometry":{"type":"Polygon","coordinates":[[[31.472655,30.039956],[31.472761,30.039957],[31.472787,30.039936],[31.472773,30.039737],[31.472664,30.03974],[31.472665,30.039751],[31.472601,30.039752],[31.472602,30.039787],[31.47262,30.039795],[31.472624,30.039842],[31.472633,30.039842],[31.472636,30.039886],[31.472648,30.039885],[31.472655,30.039956]]]},"properties":{"kind":"building"}},{"type":"Feature","geometry":{"type":"Polygon","coordinates":[[[31.472585,30.03971],[31.472782,30.039689],[31.472776,30.03961],[31.472769,30.039593],[31.472766,30.03958],[31.472772,30.039571],[31.472768,30.039493],[31.472555,30.03951],[31.472566,30.039567],[31.47259,30.039587],[31.4726,30.039607],[31.472587,30.039627],[31.472575,30.039644],[31.472585,30.03971]]]},"properties":{"kind":"building"}},{"type":"Feature","geometry":{"type":"Polygon","coordinates":[[[31.472087,30.04233],[31.472189,30.042331],[31.47219,30.042303],[31.47222,30.042303],[31.472219,30.042265],[31.472213,30.042256],[31.472213,30.042238],[31.472224,30.042231],[31.472237,30.042228],[31.472254,30.04224],[31.472262,30.04225],[31.472256,30.042148],[31.472084,30.042147],[31.472087,30.04233]]]},"properties":{"kind":"building"}},{"type":"Feature","geometry":{"type":"Polygon","coordinates":[[[31.490165,30.037815],[31.48999,30.037592],[31.489631,30.037644],[31.489625,30.037613],[31.489757,30.037594],[31.489738,30.037492],[31.489765,30.037459],[31.489741,30.037328],[31.48968,30.037289],[31.489436,30.037324],[31.489508,30.0377],[31.489508,30.037869],[31.489719,30.037869],[31.490165,30.037815]]]},"properties":{"kind":"building"}},{"type":"Feature","geometry":{"type":"Polygon","coordinates":[[[31.494801,30.049852],[31.494969,30.049851],[31.49497,30.049916],[31.494945,30.049917],[31.494946,30.049976],[31.494988,30.049979],[31.49499,30.050148],[31.4948,30.050147],[31.494799,30.05001],[31.494884,30.05001],[31.494884,30.049965],[31.494802,30.049966],[31.494801,30.049852]]]},"properties":{"kind":"building"}},{"type":"Feature","geometry":{"type":"Polygon","coordinates":[[[31.495162,30.049852],[31.494994,30.049854],[31.494995,30.049919],[31.49502,30.049919],[31.49502,30.049979],[31.494988,30.049979],[31.49499,30.050148],[31.495169,30.050147],[31.495168,30.05001],[31.495082,30.050011],[31.495082,30.049967],[31.495163,30.049966],[31.495162,30.049852]]]},"properties":{"kind":"building"}},{"type":"Feature","geometry":{"type":"Polygon","coordinates":[[[31.49523,30.049849],[31.495398,30.049848],[31.495399,30.049913],[31.495374,30.049913],[31.495375,30.049973],[31.495407,30.049973],[31.495409,30.050142],[31.495229,30.050143],[31.495228,30.050007],[31.495313,30.050006],[31.495313,30.049962],[31.495232,30.049963],[31.49523,30.049849]]]},"properties":{"kind":"building"}},{"type":"Feature","geometry":{"type":"Polygon","coordinates":[[[31.495614,30.049856],[31.495446,30.049857],[31.495446,30.049923],[31.495471,30.049923],[31.495472,30.049982],[31.49544,30.049983],[31.495442,30.050152],[31.495621,30.05015],[31.49562,30.050014],[31.495534,30.050014],[31.495534,30.04997],[31.495615,30.049969],[31.495614,30.049856]]]},"properties":{"kind":"building"}},{"type":"Feature","geometry":{"type":"Polygon","coordinates":[[[31.479999,30.027358],[31.480286,30.027352],[31.480284,30.027413],[31.480273,30.027459],[31.48025,30.027505],[31.480218,30.027541],[31.480142,30.027588],[31.48011,30.027599],[31.480109,30.027622],[31.480082,30.027634],[31.480046,30.027641],[31.480002,30.027645],[31.479999,30.027358]]]},"properties":{"kind":"building"}},{"type":"Feature","geometry":{"type":"Polygon","coordinates":[[[31.470311,30.030868],[31.47032,30.030859],[31.47038,30.030901],[31.470506,30.030767],[31.470316,30.030633],[31.470291,30.030659],[31.470308,30.030671],[31.470281,30.0307],[31.470305,30.030718],[31.470288,30.030736],[31.470323,30.03076],[31.470258,30.03083],[31.470311,30.030868]]]},"properties":{"kind":"building"}},{"type":"Feature","geometry":{"type":"Polygon","coordinates":[[[31.491332,30.02585],[31.491326,30.025862],[31.491329,30.025874],[31.49134,30.025883],[31.491354,30.025884],[31.491367,30.025878],[31.491381,30.025869],[31.491387,30.025869],[31.49141,30.025868],[31.491409,30.025827],[31.491388,30.025827],[31.491363,30.025829],[31.491332,30.02585]]]},"properties":{"kind":"building"}},{"type":"Feature","geometry":{"type":"Polygon","coordinates":[[[31.473947,30.045343],[31.47396,30.045343],[31.47396,30.045351],[31.474202,30.04535],[31.474201,30.045216],[31.473958,30.045217],[31.473958,30.045228],[31.473945,30.045228],[31.473946,30.045257],[31.473958,30.045257],[31.473958,30.045308],[31.473946,30.045308],[31.473947,30.045343]]]},"properties":{"kind":"building"}},{"type":"Feature","geometry":{"type":"Polygon","coordinates":[[[31.471382,30.035588],[31.471383,30.035627],[31.471534,30.035623],[31.471529,30.03548],[31.47152,30.035481],[31.471519,30.035456],[31.471534,30.035455],[31.471533,30.035409],[31.471377,30.035413],[31.47138,30.03551],[31.471392,30.035509],[31.471394,30.035587],[31.471382,30.035588]]]},"properties":{"kind":"building"}},{"type":"Feature","geometry":{"type":"Polygon","coordinates":[[[31.47344,30.034245],[31.473436,30.034114],[31.473688,30.034115],[31.473686,30.034161],[31.473696,30.034186],[31.473695,30.0342],[31.473689,30.034222],[31.473686,30.034263],[31.473581,30.034262],[31.473581,30.034257],[31.473481,30.034258],[31.473481,30.034246],[31.47344,30.034245]]]},"properties":{"kind":"building"}},{"type":"Feature","geometry":{"type":"Polygon","coordinates":[[[31.472746,30.036036],[31.47291,30.036033],[31.472907,30.035923],[31.472924,30.035922],[31.472923,30.035864],[31.472894,30.035864],[31.472893,30.035816],[31.472744,30.035818],[31.472745,30.03587],[31.472756,30.03587],[31.472757,30.035935],[31.472745,30.035935],[31.472746,30.036036]]]},"properties":{"kind":"building"}},{"type":"Feature","geometry":{"type":"Polygon","coordinates":[[[31.472827,30.035633],[31.472985,30.035631],[31.472984,30.035584],[31.472994,30.035584],[31.472991,30.035407],[31.472907,30.035408],[31.472907,30.035417],[31.472818,30.035418],[31.472819,30.035469],[31.472833,30.035469],[31.472835,30.035596],[31.472826,30.035596],[31.472827,30.035633]]]},"properties":{"kind":"building"}},{"type":"Feature","geometry":{"type":"Polygon","coordinates":[[[31.472783,30.035344],[31.472945,30.035344],[31.472945,30.0353],[31.472959,30.0353],[31.472959,30.03523],[31.472941,30.03523],[31.472941,30.035124],[31.472784,30.035124],[31.472784,30.035238],[31.472799,30.035238],[31.472799,30.035315],[31.472783,30.035315],[31.472783,30.035344]]]},"properties":{"kind":"building"}},{"type":"Feature","geometry":{"type":"Polygon","coordinates":[[[31.472739,30.036324],[31.472778,30.036324],[31.472778,30.036333],[31.472862,30.036333],[31.472862,30.036341],[31.472871,30.036341],[31.472871,30.036331],[31.472888,30.036331],[31.472888,30.036324],[31.472904,30.036324],[31.472902,30.036109],[31.472738,30.036109],[31.472739,30.036324]]]},"properties":{"kind":"building"}},{"type":"Feature","geometry":{"type":"Polygon","coordinates":[[[31.474179,30.03125],[31.474291,30.031258],[31.474296,30.031248],[31.474328,30.031248],[31.474327,30.031235],[31.474361,30.031234],[31.474396,30.03121],[31.474394,30.031154],[31.474421,30.031153],[31.474411,30.031127],[31.474417,30.031074],[31.474185,30.03107],[31.474179,30.03125]]]},"properties":{"kind":"building"}},{"type":"Feature","geometry":{"type":"Polygon","coordinates":[[[31.471595,30.029454],[31.471625,30.029453],[31.471625,30.029446],[31.471712,30.029445],[31.471712,30.029452],[31.47174,30.029451],[31.471735,30.029231],[31.471706,30.029232],[31.471706,30.029236],[31.471618,30.029237],[31.471618,30.02923],[31.471591,30.02923],[31.471595,30.029454]]]},"properties":{"kind":"building"}},{"type":"Feature","geometry":{"type":"Polygon","coordinates":[[[31.470359,30.039069],[31.470362,30.039144],[31.47039,30.03917],[31.470436,30.039185],[31.470448,30.039182],[31.470448,30.039173],[31.470574,30.039173],[31.470578,30.039162],[31.47058,30.038957],[31.470456,30.038958],[31.470455,30.038974],[31.47036,30.038973],[31.470359,30.039069]]]},"properties":{"kind":"building"}},{"type":"Feature","geometry":{"type":"Polygon","coordinates":[[[31.470637,30.038171],[31.470772,30.038174],[31.470773,30.038149],[31.470812,30.038155],[31.470848,30.038135],[31.470861,30.038101],[31.470853,30.038073],[31.47082,30.038053],[31.470778,30.038054],[31.470767,30.038061],[31.470767,30.038038],[31.470636,30.038038],[31.470637,30.038171]]]},"properties":{"kind":"building"}},{"type":"Feature","geometry":{"type":"Polygon","coordinates":[[[31.470805,30.039789],[31.470807,30.039812],[31.470833,30.039835],[31.470884,30.039848],[31.470922,30.03984],[31.470963,30.03979],[31.470956,30.039757],[31.470905,30.039637],[31.47078,30.039667],[31.470794,30.039728],[31.470818,30.039721],[31.470833,30.039775],[31.470805,30.039789]]]},"properties":{"kind":"building"}},{"type":"Feature","geometry":{"type":"Polygon","coordinates":[[[31.471917,30.038514],[31.472137,30.038518],[31.472145,30.038502],[31.472148,30.038487],[31.472134,30.038476],[31.472123,30.038473],[31.472124,30.038428],[31.472149,30.038421],[31.472161,30.038407],[31.472156,30.038393],[31.472137,30.038387],[31.471919,30.038385],[31.471917,30.038514]]]},"properties":{"kind":"building"}},{"type":"Feature","geometry":{"type":"Polygon","coordinates":[[[31.473222,30.042338],[31.473265,30.042338],[31.473265,30.042353],[31.473352,30.042352],[31.473352,30.042339],[31.47338,30.042339],[31.473379,30.042279],[31.473389,30.042279],[31.473388,30.04212],[31.473237,30.042121],[31.473238,30.042295],[31.473221,30.042295],[31.473222,30.042338]]]},"properties":{"kind":"building"}},{"type":"Feature","geometry":{"type":"Polygon","coordinates":[[[31.473757,30.042002],[31.473841,30.041952],[31.473833,30.041943],[31.473865,30.041921],[31.473875,30.041931],[31.473932,30.041894],[31.4738,30.041781],[31.473788,30.041787],[31.473702,30.041717],[31.473602,30.041776],[31.473654,30.041867],[31.47367,30.04186],[31.473757,30.042002]]]},"properties":{"kind":"building"}},{"type":"Feature","geometry":{"type":"Polygon","coordinates":[[[31.472796,30.041349],[31.472862,30.041349],[31.472862,30.041341],[31.472876,30.041341],[31.472876,30.041348],[31.472984,30.041348],[31.472984,30.041211],[31.472796,30.041211],[31.472796,30.041268],[31.472808,30.041268],[31.472808,30.041291],[31.472796,30.041291],[31.472796,30.041349]]]},"properties":{"kind":"building"}},{"type":"Feature","geometry":{"type":"Polygon","coordinates":[[[31.476841,30.040072],[31.477059,30.040068],[31.477052,30.039823],[31.477011,30.039824],[31.47701,30.039804],[31.476886,30.039806],[31.476887,30.039823],[31.476834,30.039824],[31.476836,30.039881],[31.476858,30.03988],[31.476862,30.040046],[31.47684,30.040046],[31.476841,30.040072]]]},"properties":{"kind":"building"}},{"type":"Feature","geometry":{"type":"Polygon","coordinates":[[[31.471796,30.02005],[31.471844,30.020008],[31.471872,30.020033],[31.471914,30.019996],[31.471883,30.01997],[31.471934,30.019925],[31.471873,30.019874],[31.471839,30.019905],[31.47181,30.01988],[31.471715,30.019964],[31.471737,30.019982],[31.471727,30.019991],[31.471796,30.02005]]]},"properties":{"kind":"building"}},{"type":"Feature","geometry":{"type":"Polygon","coordinates":[[[31.471613,30.020208],[31.47166,30.020166],[31.471689,30.02019],[31.471731,30.020153],[31.4717,30.020127],[31.47175,30.020083],[31.47169,30.020031],[31.471656,30.020062],[31.471626,30.020037],[31.471532,30.020121],[31.471554,30.02014],[31.471543,30.020149],[31.471613,30.020208]]]},"properties":{"kind":"building"}},{"type":"Feature","geometry":{"type":"Polygon","coordinates":[[[31.471434,30.020364],[31.471482,30.020322],[31.47151,30.020347],[31.471552,30.02031],[31.471521,30.020284],[31.471572,30.020239],[31.471511,30.020188],[31.471477,30.020218],[31.471448,30.020194],[31.471353,30.020277],[31.471375,30.020296],[31.471365,30.020305],[31.471434,30.020364]]]},"properties":{"kind":"building"}},{"type":"Feature","geometry":{"type":"Polygon","coordinates":[[[31.471259,30.020524],[31.471306,30.020482],[31.471335,30.020507],[31.471377,30.02047],[31.471346,30.020444],[31.471397,30.020399],[31.471336,30.020348],[31.471301,30.020378],[31.471272,30.020354],[31.471177,30.020437],[31.4712,30.020456],[31.471189,30.020465],[31.471259,30.020524]]]},"properties":{"kind":"building"}},{"type":"Feature","geometry":{"type":"Polygon","coordinates":[[[31.471075,30.020684],[31.471122,30.020642],[31.471151,30.020667],[31.471192,30.02063],[31.471162,30.020604],[31.471212,30.020559],[31.471152,30.020508],[31.471117,30.020539],[31.471088,30.020514],[31.470993,30.020598],[31.471015,30.020616],[31.471005,30.020625],[31.471075,30.020684]]]},"properties":{"kind":"building"}},{"type":"Feature","geometry":{"type":"Polygon","coordinates":[[[31.470896,30.020838],[31.470943,30.020796],[31.470972,30.02082],[31.471014,30.020784],[31.470983,30.020758],[31.471034,30.020713],[31.470973,30.020662],[31.470939,30.020692],[31.470909,30.020667],[31.470815,30.020751],[31.470837,30.02077],[31.470827,30.020779],[31.470896,30.020838]]]},"properties":{"kind":"building"}},{"type":"Feature","geometry":{"type":"Polygon","coordinates":[[[31.471817,30.020858],[31.471864,30.020817],[31.471893,30.020841],[31.471934,30.020804],[31.471904,30.020778],[31.471954,30.020734],[31.471894,30.020682],[31.471859,30.020713],[31.47183,30.020688],[31.471735,30.020772],[31.471757,30.020791],[31.471747,30.0208],[31.471817,30.020858]]]},"properties":{"kind":"building"}},{"type":"Feature","geometry":{"type":"Polygon","coordinates":[[[31.471997,30.020702],[31.472044,30.02066],[31.472073,30.020685],[31.472115,30.020648],[31.472084,30.020622],[31.472135,30.020578],[31.472074,30.020526],[31.47204,30.020557],[31.47201,30.020532],[31.471916,30.020616],[31.471938,30.020634],[31.471927,30.020643],[31.471997,30.020702]]]},"properties":{"kind":"building"}},{"type":"Feature","geometry":{"type":"Polygon","coordinates":[[[31.472183,30.020542],[31.472231,30.0205],[31.47226,30.020524],[31.472301,30.020488],[31.472271,30.020462],[31.472321,30.020417],[31.472261,30.020366],[31.472226,30.020396],[31.472197,30.020371],[31.472102,30.020455],[31.472124,30.020474],[31.472114,30.020483],[31.472183,30.020542]]]},"properties":{"kind":"building"}},{"type":"Feature","geometry":{"type":"Polygon","coordinates":[[[31.472364,30.020389],[31.472411,30.020347],[31.47244,30.020371],[31.472482,30.020335],[31.472451,30.020308],[31.472501,30.020264],[31.472441,30.020212],[31.472406,30.020243],[31.472377,30.020218],[31.472282,30.020302],[31.472304,30.020321],[31.472294,30.02033],[31.472364,30.020389]]]},"properties":{"kind":"building"}},{"type":"Feature","geometry":{"type":"Polygon","coordinates":[[[31.473239,30.021122],[31.473286,30.02108],[31.473315,30.021105],[31.473357,30.021068],[31.473326,30.021042],[31.473376,30.020997],[31.473316,30.020946],[31.473281,30.020976],[31.473252,30.020952],[31.473157,30.021035],[31.47318,30.021054],[31.473169,30.021063],[31.473239,30.021122]]]},"properties":{"kind":"building"}},{"type":"Feature","geometry":{"type":"Polygon","coordinates":[[[31.472605,30.020227],[31.472673,30.020227],[31.472673,30.020262],[31.472732,30.020262],[31.472732,30.020225],[31.472804,30.020225],[31.472804,30.020151],[31.472755,30.020151],[31.472755,30.020116],[31.47262,30.020116],[31.47262,30.020143],[31.472605,30.020143],[31.472605,30.020227]]]},"properties":{"kind":"building"}},{"type":"Feature","geometry":{"type":"Polygon","coordinates":[[[31.47287,30.021143],[31.472938,30.021143],[31.472938,30.021178],[31.472997,30.021178],[31.472997,30.021141],[31.47307,30.021141],[31.47307,30.021067],[31.47302,30.021067],[31.47302,30.021032],[31.472885,30.021032],[31.472885,30.021059],[31.47287,30.021059],[31.47287,30.021143]]]},"properties":{"kind":"building"}},{"type":"Feature","geometry":{"type":"Polygon","coordinates":[[[31.472616,30.021145],[31.472684,30.021145],[31.472684,30.02118],[31.472743,30.02118],[31.472743,30.021143],[31.472816,30.021143],[31.472816,30.021069],[31.472766,30.021069],[31.472766,30.021034],[31.472631,30.021034],[31.472631,30.021061],[31.472616,30.021061],[31.472616,30.021145]]]},"properties":{"kind":"building"}},{"type":"Feature","geometry":{"type":"Polygon","coordinates":[[[31.472359,30.021147],[31.472427,30.021147],[31.472427,30.021182],[31.472486,30.021182],[31.472486,30.021145],[31.472558,30.021145],[31.472558,30.021072],[31.472509,30.021072],[31.472509,30.021036],[31.472373,30.021036],[31.472373,30.021063],[31.472359,30.021063],[31.472359,30.021147]]]},"properties":{"kind":"building"}},{"type":"Feature","geometry":{"type":"Polygon","coordinates":[[[31.472911,30.020266],[31.47296,30.020307],[31.472931,30.020332],[31.472973,30.020368],[31.473004,30.020341],[31.473055,30.020385],[31.473115,30.020333],[31.473079,30.020303],[31.473108,30.020278],[31.473012,30.020195],[31.47299,30.020215],[31.47298,30.020206],[31.472911,30.020266]]]},"properties":{"kind":"building"}},{"type":"Feature","geometry":{"type":"Polygon","coordinates":[[[31.473087,30.020419],[31.473135,30.02046],[31.473107,30.020485],[31.473149,30.020521],[31.473179,30.020495],[31.47323,30.020539],[31.47329,30.020486],[31.473255,30.020456],[31.473284,30.020431],[31.473187,30.020349],[31.473166,30.020368],[31.473155,30.020359],[31.473087,30.020419]]]},"properties":{"kind":"building"}},{"type":"Feature","geometry":{"type":"Polygon","coordinates":[[[31.473272,30.020579],[31.47332,30.02062],[31.473292,30.020645],[31.473334,30.020681],[31.473364,30.020655],[31.473416,30.020699],[31.473475,30.020647],[31.47344,30.020617],[31.473469,30.020591],[31.473372,30.020509],[31.473351,30.020528],[31.47334,30.020519],[31.473272,30.020579]]]},"properties":{"kind":"building"}},{"type":"Feature","geometry":{"type":"Polygon","coordinates":[[[31.473452,30.020734],[31.473501,30.020775],[31.473472,30.0208],[31.473514,30.020836],[31.473544,30.020809],[31.473596,30.020853],[31.473655,30.020801],[31.47362,30.020771],[31.473649,30.020746],[31.473553,30.020664],[31.473531,30.020683],[31.47352,30.020674],[31.473452,30.020734]]]},"properties":{"kind":"building"}},{"type":"Feature","geometry":{"type":"Polygon","coordinates":[[[31.472049,30.021005],[31.472097,30.021046],[31.472069,30.021071],[31.472111,30.021107],[31.472141,30.021081],[31.472192,30.021124],[31.472252,30.021072],[31.472217,30.021042],[31.472246,30.021017],[31.472149,30.020935],[31.472127,30.020954],[31.472117,30.020945],[31.472049,30.021005]]]},"properties":{"kind":"building"}},{"type":"Feature","geometry":{"type":"Polygon","coordinates":[[[31.471487,30.020918],[31.471535,30.020959],[31.471563,30.020934],[31.471606,30.02097],[31.471576,30.020996],[31.471627,30.021041],[31.471567,30.021093],[31.471532,30.021063],[31.471504,30.021088],[31.471407,30.021006],[31.471429,30.020986],[31.471419,30.020978],[31.471487,30.020918]]]},"properties":{"kind":"building"}},{"type":"Feature","geometry":{"type":"Polygon","coordinates":[[[31.471672,30.021078],[31.47172,30.02112],[31.471748,30.021095],[31.471791,30.021131],[31.47176,30.021157],[31.471812,30.021201],[31.471752,30.021253],[31.471717,30.021223],[31.471689,30.021249],[31.471592,30.021166],[31.471614,30.021147],[31.471604,30.021138],[31.471672,30.021078]]]},"properties":{"kind":"building"}},{"type":"Feature","geometry":{"type":"Polygon","coordinates":[[[31.470622,30.021017],[31.470677,30.020983],[31.4707,30.021011],[31.470748,30.02098],[31.470723,30.020951],[31.470781,30.020913],[31.470731,30.020854],[31.470691,30.02088],[31.470667,30.020851],[31.470558,30.02092],[31.470576,30.020942],[31.470564,30.02095],[31.470622,30.021017]]]},"properties":{"kind":"building"}},{"type":"Feature","geometry":{"type":"Polygon","coordinates":[[[31.470296,30.021047],[31.470364,30.021047],[31.470364,30.021082],[31.470423,30.021082],[31.470424,30.021045],[31.470496,30.021045],[31.470496,30.020972],[31.470447,30.020972],[31.470447,30.020936],[31.470311,30.020936],[31.470311,30.020963],[31.470297,30.020963],[31.470296,30.021047]]]},"properties":{"kind":"building"}},{"type":"Feature","geometry":{"type":"Polygon","coordinates":[[[31.470002,30.020917],[31.470057,30.020951],[31.470033,30.020979],[31.470082,30.021009],[31.470107,30.020979],[31.470165,30.021016],[31.470215,30.020956],[31.470175,30.020931],[31.470198,30.020902],[31.470088,30.020834],[31.47007,30.020856],[31.470059,30.020848],[31.470002,30.020917]]]},"properties":{"kind":"building"}},{"type":"Feature","geometry":{"type":"Polygon","coordinates":[[[31.488125,30.04445],[31.487861,30.04446],[31.487575,30.044288],[31.487529,30.043802],[31.487722,30.043446],[31.488054,30.043208],[31.488544,30.043112],[31.488816,30.043326],[31.488831,30.043618],[31.488782,30.043881],[31.488556,30.044205],[31.488221,30.044395],[31.488125,30.04445]]]},"properties":{"kind":"building"}},{"type":"Feature","geometry":{"type":"Polygon","coordinates":[[[31.491669,30.026047],[31.49196,30.026303],[31.491842,30.026397],[31.491825,30.02641],[31.491766,30.026362],[31.491676,30.026287],[31.491642,30.026286],[31.49164,30.026257],[31.491577,30.026205],[31.491589,30.026194],[31.491546,30.026165],[31.491669,30.026047]]]},"properties":{"kind":"building"}},{"type":"Feature","geometry":{"type":"Polygon","coordinates":[[[31.491521,30.025861],[31.491525,30.02587],[31.491534,30.025875],[31.491546,30.025875],[31.491555,30.025869],[31.491558,30.02586],[31.491541,30.02582],[31.491511,30.025821],[31.491505,30.025822],[31.491506,30.025861],[31.491511,30.025861],[31.491521,30.025861]]]},"properties":{"kind":"building"}},{"type":"Feature","geometry":{"type":"Polygon","coordinates":[[[31.471926,30.03487],[31.471926,30.034885],[31.471844,30.034886],[31.471842,30.034895],[31.471871,30.034919],[31.471994,30.034917],[31.471992,30.034707],[31.471836,30.03471],[31.471836,30.034763],[31.471852,30.034763],[31.471849,30.034869],[31.471926,30.03487]]]},"properties":{"kind":"building"}},{"type":"Feature","geometry":{"type":"Polygon","coordinates":[[[31.47343,30.034926],[31.473435,30.034738],[31.473555,30.034738],[31.473555,30.03475],[31.473651,30.034749],[31.473654,30.034873],[31.473602,30.034922],[31.47356,30.034929],[31.473546,30.03492],[31.473468,30.034918],[31.473467,30.034927],[31.47343,30.034926]]]},"properties":{"kind":"building"}},{"type":"Feature","geometry":{"type":"Polygon","coordinates":[[[31.471134,30.036927],[31.471315,30.036926],[31.471314,30.036756],[31.471278,30.036754],[31.471279,30.036729],[31.471238,30.036728],[31.471233,30.036761],[31.471215,30.036769],[31.471189,30.036757],[31.471171,30.036756],[31.471131,30.036793],[31.471134,30.036927]]]},"properties":{"kind":"building"}},{"type":"Feature","geometry":{"type":"Polygon","coordinates":[[[31.474194,30.030979],[31.47443,30.030985],[31.474438,30.030964],[31.474433,30.030944],[31.474417,30.030931],[31.474419,30.030885],[31.474431,30.030872],[31.474436,30.03086],[31.474435,30.030842],[31.474429,30.030834],[31.474192,30.030833],[31.474194,30.030979]]]},"properties":{"kind":"building"}},{"type":"Feature","geometry":{"type":"Polygon","coordinates":[[[31.47385,30.031598],[31.474117,30.031598],[31.474116,30.03143],[31.47405,30.031429],[31.474053,30.031418],[31.474007,30.031417],[31.474007,30.031434],[31.47398,30.031436],[31.473979,30.031425],[31.473922,30.031429],[31.473861,30.031481],[31.47385,30.031598]]]},"properties":{"kind":"building"}},{"type":"Feature","geometry":{"type":"Polygon","coordinates":[[[31.470674,30.039129],[31.470674,30.038992],[31.47068,30.038974],[31.470696,30.038971],[31.470856,30.038974],[31.470862,30.039045],[31.470822,30.039069],[31.470853,30.039099],[31.470822,30.039127],[31.470792,30.03909],[31.470759,30.03913],[31.470674,30.039129]]]},"properties":{"kind":"building"}},{"type":"Feature","geometry":{"type":"Polygon","coordinates":[[[31.470698,30.037621],[31.470866,30.037626],[31.470868,30.037593],[31.470884,30.037591],[31.470886,30.037513],[31.470841,30.037465],[31.470823,30.037463],[31.470826,30.037448],[31.470668,30.037446],[31.470664,30.037571],[31.470699,30.037574],[31.470698,30.037621]]]},"properties":{"kind":"building"}},{"type":"Feature","geometry":{"type":"Polygon","coordinates":[[[31.471647,30.039224],[31.471678,30.039252],[31.471657,30.039268],[31.471742,30.039338],[31.471732,30.039347],[31.471803,30.039402],[31.471915,30.039295],[31.471915,30.039278],[31.471897,30.039255],[31.471766,30.039166],[31.471722,30.039136],[31.471647,30.039224]]]},"properties":{"kind":"building"}},{"type":"Feature","geometry":{"type":"Polygon","coordinates":[[[31.471924,30.037788],[31.472134,30.037788],[31.472136,30.037752],[31.472123,30.037751],[31.472132,30.037732],[31.472133,30.037718],[31.472121,30.037696],[31.472129,30.037684],[31.472142,30.037683],[31.472142,30.03765],[31.471925,30.037649],[31.471924,30.037788]]]},"properties":{"kind":"building"}},{"type":"Feature","geometry":{"type":"Polygon","coordinates":[[[31.473456,30.039694],[31.473615,30.039697],[31.473611,30.039561],[31.473546,30.039504],[31.473511,30.039507],[31.473509,30.03949],[31.473484,30.039494],[31.473482,30.03948],[31.473437,30.039482],[31.473438,30.039536],[31.473459,30.039537],[31.473456,30.039694]]]},"properties":{"kind":"building"}},{"type":"Feature","geometry":{"type":"Polygon","coordinates":[[[31.471147,30.041336],[31.471203,30.041336],[31.471215,30.041347],[31.471232,30.041348],[31.471247,30.04134],[31.471254,30.041335],[31.471269,30.041342],[31.47127,30.041374],[31.471366,30.041377],[31.471366,30.041235],[31.471142,30.041238],[31.471147,30.041336]]]},"properties":{"kind":"building"}},{"type":"Feature","geometry":{"type":"Polygon","coordinates":[[[31.473509,30.042054],[31.47361,30.042037],[31.473716,30.041996],[31.473643,30.041875],[31.473622,30.041882],[31.473592,30.041821],[31.473466,30.041859],[31.473469,30.041879],[31.473485,30.041879],[31.473499,30.041915],[31.473488,30.041919],[31.473509,30.042054]]]},"properties":{"kind":"building"}},{"type":"Feature","geometry":{"type":"Polygon","coordinates":[[[31.491559,30.028104],[31.491433,30.028074],[31.491426,30.028095],[31.491389,30.028086],[31.491376,30.028061],[31.491322,30.028049],[31.491384,30.02785],[31.491573,30.027906],[31.491596,30.027891],[31.49163,30.0279],[31.491559,30.028104]]]},"properties":{"kind":"building"}},{"type":"Feature","geometry":{"type":"Polygon","coordinates":[[[31.486742,30.026161],[31.48726,30.026161],[31.487311,30.026145],[31.487306,30.026001],[31.48723,30.025996],[31.487169,30.02601],[31.487171,30.026052],[31.486887,30.026036],[31.486801,30.026036],[31.486737,30.026091],[31.486742,30.026161]]]},"properties":{"kind":"building"}},{"type":"Feature","geometry":{"type":"Polygon","coordinates":[[[31.4881,30.033377],[31.488327,30.033551],[31.488516,30.033366],[31.48838,30.033261],[31.488276,30.033363],[31.488345,30.033416],[31.488313,30.033448],[31.48825,30.033399],[31.488282,30.033368],[31.488185,30.033294],[31.4881,30.033377]]]},"properties":{"kind":"building"}},{"type":"Feature","geometry":{"type":"Polygon","coordinates":[[[31.480222,30.026222],[31.480556,30.026532],[31.480667,30.026423],[31.480783,30.026421],[31.480898,30.026533],[31.481235,30.02622],[31.480899,30.025914],[31.480859,30.025948],[31.480594,30.025946],[31.480569,30.025916],[31.480222,30.026222]]]},"properties":{"kind":"building"}},{"type":"Feature","geometry":{"type":"Polygon","coordinates":[[[31.479478,30.027595],[31.479409,30.027595],[31.479411,30.027432],[31.479374,30.027432],[31.479375,30.027359],[31.479793,30.027362],[31.479791,30.027601],[31.479675,30.0276],[31.479675,30.027625],[31.479478,30.027624],[31.479478,30.027595]]]},"properties":{"kind":"building"}},{"type":"Feature","geometry":{"type":"Polygon","coordinates":[[[31.491003,30.023964],[31.491233,30.023959],[31.491239,30.023755],[31.491301,30.023703],[31.491557,30.023696],[31.491551,30.023477],[31.491267,30.023477],[31.491262,30.023625],[31.491162,30.023696],[31.490998,30.023698],[31.491003,30.023964]]]},"properties":{"kind":"building"}},{"type":"Feature","geometry":{"type":"Polygon","coordinates":[[[31.483785,30.044347],[31.483728,30.044246],[31.483772,30.044228],[31.483758,30.044204],[31.483816,30.04418],[31.483828,30.044192],[31.483882,30.044169],[31.483894,30.044192],[31.483934,30.044175],[31.483983,30.044264],[31.483785,30.044347]]]},"properties":{"kind":"building"}},{"type":"Feature","geometry":{"type":"Polygon","coordinates":[[[31.477338,30.045669],[31.477448,30.045668],[31.477448,30.045566],[31.477462,30.045566],[31.477462,30.045551],[31.477446,30.045551],[31.477446,30.045525],[31.477312,30.045526],[31.477312,30.045605],[31.477338,30.045605],[31.477338,30.045669]]]},"properties":{"kind":"building"}},{"type":"Feature","geometry":{"type":"Polygon","coordinates":[[[31.471375,30.034629],[31.471529,30.034626],[31.471525,30.034435],[31.471502,30.034435],[31.471502,30.034413],[31.471481,30.034414],[31.47148,30.034403],[31.471358,30.034405],[31.471359,30.034455],[31.471372,30.034455],[31.471375,30.034629]]]},"properties":{"kind":"building"}},{"type":"Feature","geometry":{"type":"Polygon","coordinates":[[[31.47268,30.034617],[31.472871,30.034619],[31.472868,30.034476],[31.472849,30.034443],[31.472797,30.034407],[31.472684,30.0344],[31.472683,30.034439],[31.472694,30.03444],[31.472694,30.034561],[31.472681,30.03456],[31.47268,30.034617]]]},"properties":{"kind":"building"}},{"type":"Feature","geometry":{"type":"Polygon","coordinates":[[[31.472275,30.034706],[31.472425,30.034705],[31.472424,30.034896],[31.47241,30.034896],[31.47241,30.034927],[31.472317,30.034927],[31.472317,30.034908],[31.472297,30.034908],[31.472297,30.034893],[31.472275,30.034893],[31.472275,30.034706]]]},"properties":{"kind":"building"}},{"type":"Feature","geometry":{"type":"Polygon","coordinates":[[[31.472074,30.034753],[31.472076,30.034706],[31.472227,30.034709],[31.472223,30.034921],[31.472074,30.034918],[31.472074,30.034873],[31.47215,30.034875],[31.472178,30.034857],[31.472088,30.034856],[31.472094,30.034753],[31.472074,30.034753]]]},"properties":{"kind":"building"}},{"type":"Feature","geometry":{"type":"Polygon","coordinates":[[[31.471333,30.034923],[31.471374,30.034923],[31.471374,30.034931],[31.471458,30.03493],[31.471457,30.034921],[31.471504,30.034921],[31.471502,30.034704],[31.471347,30.034705],[31.471348,30.034878],[31.471333,30.034878],[31.471333,30.034923]]]},"properties":{"kind":"building"}},{"type":"Feature","geometry":{"type":"Polygon","coordinates":[[[31.470928,30.034909],[31.470979,30.034909],[31.470979,30.034923],[31.471082,30.034922],[31.47108,30.034741],[31.471101,30.034741],[31.4711,30.034695],[31.470937,30.034696],[31.470937,30.034745],[31.470927,30.034745],[31.470928,30.034909]]]},"properties":{"kind":"building"}},{"type":"Feature","geometry":{"type":"Polygon","coordinates":[[[31.471533,30.036039],[31.471712,30.036039],[31.471712,30.035863],[31.471702,30.035863],[31.471702,30.035822],[31.471531,30.035822],[31.471531,30.035866],[31.471546,30.035866],[31.471546,30.035957],[31.471533,30.035957],[31.471533,30.036039]]]},"properties":{"kind":"building"}},{"type":"Feature","geometry":{"type":"Polygon","coordinates":[[[31.47068,30.036264],[31.470681,30.036117],[31.47087,30.036119],[31.470875,30.03629],[31.470865,30.03629],[31.470864,30.036341],[31.470812,30.036344],[31.470751,30.036334],[31.470728,30.036314],[31.470688,30.03628],[31.47068,30.036264]]]},"properties":{"kind":"building"}},{"type":"Feature","geometry":{"type":"Polygon","coordinates":[[[31.473499,30.035346],[31.473491,30.035137],[31.47357,30.035138],[31.473602,30.035145],[31.473641,30.035156],[31.473673,30.035176],[31.473698,30.035223],[31.473704,30.035262],[31.473704,30.035284],[31.473703,30.035345],[31.473499,30.035346]]]},"properties":{"kind":"building"}},{"type":"Feature","geometry":{"type":"Polygon","coordinates":[[[31.47195,30.036926],[31.472143,30.036927],[31.472137,30.036848],[31.472123,30.036848],[31.472129,30.03681],[31.4721,30.036765],[31.47206,30.036739],[31.47202,30.036739],[31.472017,30.036718],[31.471944,30.036719],[31.47195,30.036926]]]},"properties":{"kind":"building"}},{"type":"Feature","geometry":{"type":"Polygon","coordinates":[[[31.471365,30.036719],[31.471503,30.036721],[31.471502,30.036745],[31.471518,30.036745],[31.471516,30.036924],[31.471476,30.036923],[31.471476,30.036919],[31.471407,30.036918],[31.471407,30.036924],[31.471362,30.036924],[31.471365,30.036719]]]},"properties":{"kind":"building"}},{"type":"Feature","geometry":{"type":"Polygon","coordinates":[[[31.472445,30.033479],[31.472445,30.033259],[31.472412,30.03326],[31.472411,30.033241],[31.472372,30.033242],[31.472357,30.03326],[31.472247,30.033261],[31.472252,30.033395],[31.472311,30.033461],[31.472357,30.033476],[31.472445,30.033479]]]},"properties":{"kind":"building"}},{"type":"Feature","geometry":{"type":"Polygon","coordinates":[[[31.474092,30.035804],[31.474164,30.035842],[31.474147,30.035865],[31.474296,30.035945],[31.474383,30.035824],[31.474311,30.035785],[31.474303,30.035796],[31.474232,30.035758],[31.474239,30.035748],[31.474162,30.035707],[31.474092,30.035804]]]},"properties":{"kind":"building"}},{"type":"Feature","geometry":{"type":"Polygon","coordinates":[[[31.46979,30.033805],[31.470055,30.033801],[31.470054,30.033757],[31.470036,30.033757],[31.470035,30.033668],[31.469787,30.033671],[31.469787,30.033704],[31.469801,30.033704],[31.469802,30.033765],[31.46979,30.033765],[31.46979,30.033805]]]},"properties":{"kind":"building"}},{"type":"Feature","geometry":{"type":"Polygon","coordinates":[[[31.470172,30.029541],[31.470186,30.029533],[31.470228,30.029598],[31.47022,30.029602],[31.470238,30.029634],[31.470362,30.029585],[31.470343,30.029554],[31.470357,30.029546],[31.470293,30.029379],[31.470104,30.02945],[31.470172,30.029541]]]},"properties":{"kind":"building"}},{"type":"Feature","geometry":{"type":"Polygon","coordinates":[[[31.469931,30.036034],[31.470176,30.036035],[31.470173,30.035817],[31.469994,30.035816],[31.469976,30.035894],[31.46996,30.035901],[31.469961,30.035956],[31.469947,30.035953],[31.469947,30.035996],[31.46993,30.035996],[31.469931,30.036034]]]},"properties":{"kind":"building"}},{"type":"Feature","geometry":{"type":"Polygon","coordinates":[[[31.471574,30.037979],[31.471802,30.037976],[31.471802,30.037945],[31.471823,30.037945],[31.471823,30.037881],[31.47184,30.037881],[31.471839,30.037834],[31.471799,30.037834],[31.471799,30.037844],[31.471573,30.037846],[31.471574,30.037979]]]},"properties":{"kind":"building"}},{"type":"Feature","geometry":{"type":"Polygon","coordinates":[[[31.471242,30.039701],[31.471265,30.039704],[31.471282,30.039691],[31.471285,30.039676],[31.471335,30.039652],[31.471348,30.039658],[31.471375,30.03965],[31.471381,30.039641],[31.471262,30.039454],[31.471121,30.039526],[31.471242,30.039701]]]},"properties":{"kind":"building"}},{"type":"Feature","geometry":{"type":"Polygon","coordinates":[[[31.471302,30.039412],[31.471321,30.039439],[31.47131,30.039444],[31.471384,30.039552],[31.471412,30.039538],[31.471437,30.039573],[31.471527,30.039526],[31.471503,30.039491],[31.471521,30.039482],[31.471428,30.039347],[31.471302,30.039412]]]},"properties":{"kind":"building"}},{"type":"Feature","geometry":{"type":"Polygon","coordinates":[[[31.470603,30.042316],[31.470604,30.042174],[31.470763,30.042175],[31.470763,30.042181],[31.470777,30.042181],[31.470776,30.042235],[31.470755,30.042235],[31.470755,30.042271],[31.47066,30.042271],[31.47066,30.042316],[31.470603,30.042316]]]},"properties":{"kind":"building"}},{"type":"Feature","geometry":{"type":"Polygon","coordinates":[[[31.47174,30.040471],[31.471816,30.04036],[31.471631,30.040226],[31.471597,30.040249],[31.471559,30.040303],[31.471523,30.04036],[31.471536,30.040374],[31.471529,30.040383],[31.471566,30.040406],[31.471578,30.040396],[31.47174,30.040471]]]},"properties":{"kind":"building"}},{"type":"Feature","geometry":{"type":"Polygon","coordinates":[[[31.471949,30.039959],[31.472089,30.039892],[31.471994,30.039743],[31.471985,30.039747],[31.471961,30.03971],[31.471863,30.039757],[31.471851,30.039738],[31.471811,30.039757],[31.471845,30.039811],[31.471853,30.039807],[31.471949,30.039959]]]},"properties":{"kind":"building"}},{"type":"Feature","geometry":{"type":"Polygon","coordinates":[[[31.473043,30.039701],[31.473201,30.039701],[31.473201,30.039497],[31.473191,30.039497],[31.473191,30.039483],[31.473155,30.039483],[31.473155,30.039497],[31.473083,30.039497],[31.473083,30.039483],[31.473043,30.039483],[31.473043,30.039701]]]},"properties":{"kind":"building"}},{"type":"Feature","geometry":{"type":"Polygon","coordinates":[[[31.471634,30.042346],[31.471632,30.04214],[31.471805,30.042138],[31.471807,30.042267],[31.471785,30.042268],[31.471786,30.042347],[31.471749,30.042348],[31.471749,30.042357],[31.471671,30.042357],[31.471671,30.042346],[31.471634,30.042346]]]},"properties":{"kind":"building"}},{"type":"Feature","geometry":{"type":"Polygon","coordinates":[[[31.472089,30.042082],[31.472257,30.042087],[31.472262,30.041972],[31.472244,30.041924],[31.472205,30.041885],[31.472162,30.041886],[31.472159,30.041873],[31.472071,30.041869],[31.472069,30.041947],[31.47209,30.041951],[31.472089,30.042082]]]},"properties":{"kind":"building"}},{"type":"Feature","geometry":{"type":"Polygon","coordinates":[[[31.473256,30.042064],[31.473442,30.042066],[31.473444,30.042019],[31.473427,30.04202],[31.473421,30.041893],[31.4734,30.041893],[31.473399,30.041847],[31.473241,30.041852],[31.473239,30.041965],[31.473257,30.041965],[31.473256,30.042064]]]},"properties":{"kind":"building"}},{"type":"Feature","geometry":{"type":"Polygon","coordinates":[[[31.472798,30.040392],[31.473011,30.040393],[31.473011,30.040376],[31.47303,30.040377],[31.473028,30.04034],[31.473007,30.04034],[31.473006,30.040221],[31.472991,30.040198],[31.472964,30.040186],[31.472786,30.040188],[31.472798,30.040392]]]},"properties":{"kind":"building"}},{"type":"Feature","geometry":{"type":"Polygon","coordinates":[[[31.476114,30.040017],[31.476176,30.040062],[31.476244,30.040067],[31.476243,30.040076],[31.476312,30.040078],[31.476315,30.040067],[31.476412,30.040076],[31.476432,30.039843],[31.476277,30.039833],[31.476273,30.039861],[31.476114,30.040017]]]},"properties":{"kind":"building"}},{"type":"Feature","geometry":{"type":"Polygon","coordinates":[[[31.473921,30.040167],[31.474125,30.040167],[31.474145,30.04015],[31.474146,30.040045],[31.474134,30.040035],[31.47392,30.040036],[31.473921,30.04005],[31.473908,30.040054],[31.473909,30.040131],[31.473922,30.040131],[31.473921,30.040167]]]},"properties":{"kind":"building"}},{"type":"Feature","geometry":{"type":"Polygon","coordinates":[[[31.50037,30.020284],[31.500321,30.020243],[31.500194,30.020346],[31.499914,30.020094],[31.499671,30.019877],[31.499793,30.019772],[31.499715,30.019706],[31.500115,30.01936],[31.500766,30.019948],[31.50037,30.020284]]]},"properties":{"kind":"building"}},{"type":"Feature","geometry":{"type":"Polygon","coordinates":[[[31.501524,30.02099],[31.501507,30.020991],[31.501497,30.020999],[31.501475,30.021018],[31.501521,30.02106],[31.50153,30.021054],[31.501554,30.021076],[31.501569,30.021064],[31.501589,30.021048],[31.501524,30.02099]]]},"properties":{"kind":"building"}},{"type":"Feature","geometry":{"type":"Polygon","coordinates":[[[31.470718,30.036035],[31.470875,30.036037],[31.470876,30.035832],[31.470823,30.035829],[31.470771,30.035843],[31.470712,30.035898],[31.470711,30.035936],[31.470701,30.035938],[31.470697,30.03601],[31.470718,30.036035]]]},"properties":{"kind":"building"}},{"type":"Feature","geometry":{"type":"Polygon","coordinates":[[[31.471152,30.036336],[31.471153,30.036172],[31.471164,30.036172],[31.471165,30.036121],[31.47133,30.036123],[31.471329,30.036166],[31.471317,30.036166],[31.471317,30.036343],[31.471167,30.036345],[31.471152,30.036336]]]},"properties":{"kind":"building"}},{"type":"Feature","geometry":{"type":"Polygon","coordinates":[[[31.471956,30.037208],[31.471956,30.037015],[31.472121,30.037017],[31.472124,30.037091],[31.472135,30.0371],[31.472118,30.037143],[31.472102,30.037134],[31.472052,30.03719],[31.472009,30.037208],[31.471956,30.037208]]]},"properties":{"kind":"building"}},{"type":"Feature","geometry":{"type":"Polygon","coordinates":[[[31.473451,30.036309],[31.473451,30.03609],[31.473523,30.036089],[31.473573,30.036079],[31.473646,30.036291],[31.473611,30.036295],[31.473611,30.036305],[31.473491,30.036316],[31.473491,30.03631],[31.473451,30.036309]]]},"properties":{"kind":"building"}},{"type":"Feature","geometry":{"type":"Polygon","coordinates":[[[31.474208,30.030434],[31.474464,30.030433],[31.474461,30.030391],[31.47447,30.030376],[31.474473,30.030341],[31.474465,30.03032],[31.474456,30.030311],[31.474461,30.030277],[31.474205,30.030279],[31.474208,30.030434]]]},"properties":{"kind":"building"}},{"type":"Feature","geometry":{"type":"Polygon","coordinates":[[[31.471132,30.029462],[31.471291,30.029457],[31.471293,30.029239],[31.47123,30.029234],[31.471152,30.029238],[31.471154,30.029251],[31.471098,30.029248],[31.4711,30.029299],[31.471118,30.029296],[31.471132,30.029462]]]},"properties":{"kind":"building"}},{"type":"Feature","geometry":{"type":"Polygon","coordinates":[[[31.471808,30.030151],[31.471809,30.029929],[31.471858,30.02993],[31.471859,30.029949],[31.471944,30.02996],[31.472008,30.030045],[31.472007,30.030109],[31.471998,30.030108],[31.471998,30.030151],[31.471808,30.030151]]]},"properties":{"kind":"building"}},{"type":"Feature","geometry":{"type":"Polygon","coordinates":[[[31.471573,30.030161],[31.47174,30.030159],[31.471733,30.029955],[31.471714,30.029943],[31.471692,30.029948],[31.471689,30.02993],[31.471609,30.02993],[31.471609,30.02995],[31.471571,30.029937],[31.471573,30.030161]]]},"properties":{"kind":"building"}},{"type":"Feature","geometry":{"type":"Polygon","coordinates":[[[31.470336,30.037964],[31.47035,30.037927],[31.470344,30.037901],[31.470334,30.037888],[31.470336,30.037862],[31.470558,30.03786],[31.470559,30.037995],[31.470343,30.037994],[31.470337,30.037982],[31.470336,30.037964]]]},"properties":{"kind":"building"}},{"type":"Feature","geometry":{"type":"Polygon","coordinates":[[[31.469909,30.039677],[31.469912,30.039769],[31.469941,30.039811],[31.469992,30.039857],[31.470043,30.039879],[31.470097,30.039884],[31.470094,30.039666],[31.469963,30.039666],[31.469959,30.03968],[31.469909,30.039677]]]},"properties":{"kind":"building"}},{"type":"Feature","geometry":{"type":"Polygon","coordinates":[[[31.471874,30.038901],[31.471989,30.038926],[31.471992,30.038918],[31.472035,30.038927],[31.47203,30.038945],[31.472118,30.038964],[31.472128,30.038929],[31.472164,30.038802],[31.471918,30.038749],[31.471874,30.038901]]]},"properties":{"kind":"building"}},{"type":"Feature","geometry":{"type":"Polygon","coordinates":[[[31.469952,30.04206],[31.470026,30.042074],[31.470105,30.042083],[31.470126,30.041982],[31.470142,30.041984],[31.470159,30.041895],[31.47014,30.041894],[31.470145,30.04187],[31.470047,30.041847],[31.469952,30.04206]]]},"properties":{"kind":"building"}},{"type":"Feature","geometry":{"type":"Polygon","coordinates":[[[31.471697,30.041435],[31.471461,30.041427],[31.471461,30.041527],[31.47145,30.041532],[31.471448,30.041597],[31.471651,30.041591],[31.471687,30.04156],[31.471685,30.041471],[31.471698,30.041457],[31.471697,30.041435]]]},"properties":{"kind":"building"}},{"type":"Feature","geometry":{"type":"Polygon","coordinates":[[[31.471151,30.042219],[31.471163,30.042219],[31.471163,30.042282],[31.47118,30.042308],[31.471223,30.042336],[31.471262,30.042341],[31.471316,30.042352],[31.47132,30.042148],[31.47115,30.042145],[31.471151,30.042219]]]},"properties":{"kind":"building"}},{"type":"Feature","geometry":{"type":"Polygon","coordinates":[[[31.474234,30.0398],[31.474234,30.039671],[31.474443,30.039671],[31.474442,30.039724],[31.474414,30.039723],[31.474412,30.039746],[31.474477,30.039746],[31.474475,30.03981],[31.47425,30.039812],[31.474234,30.0398]]]},"properties":{"kind":"building"}},{"type":"Feature","geometry":{"type":"Polygon","coordinates":[[[31.472825,30.041586],[31.472876,30.041587],[31.472877,30.041595],[31.472939,30.041594],[31.472982,30.041557],[31.473018,30.04156],[31.473035,30.041546],[31.473042,30.041407],[31.472825,30.041405],[31.472825,30.041586]]]},"properties":{"kind":"building"}},{"type":"Feature","geometry":{"type":"Polygon","coordinates":[[[31.48949,30.026392],[31.489486,30.026056],[31.489558,30.026055],[31.489557,30.025996],[31.490286,30.025989],[31.490287,30.026064],[31.490337,30.026064],[31.490341,30.026384],[31.48949,30.026392]]]},"properties":{"kind":"building"}},{"type":"Feature","geometry":{"type":"Polygon","coordinates":[[[31.494781,30.05014],[31.494779,30.049852],[31.494588,30.049853],[31.494588,30.049935],[31.494648,30.049935],[31.494648,30.050051],[31.49459,30.050051],[31.49459,30.050141],[31.494781,30.05014]]]},"properties":{"kind":"building"}},{"type":"Feature","geometry":{"type":"Polygon","coordinates":[[[31.494398,30.050141],[31.494396,30.049853],[31.494588,30.049853],[31.494588,30.049935],[31.494528,30.049935],[31.494529,30.050051],[31.49459,30.050051],[31.49459,30.050141],[31.494398,30.050141]]]},"properties":{"kind":"building"}},{"type":"Feature","geometry":{"type":"Polygon","coordinates":[[[31.495649,30.050141],[31.495647,30.049853],[31.495838,30.049852],[31.495839,30.049934],[31.49578,30.049934],[31.49578,30.050051],[31.495839,30.050051],[31.495839,30.05014],[31.495649,30.050141]]]},"properties":{"kind":"building"}},{"type":"Feature","geometry":{"type":"Polygon","coordinates":[[[31.49606,30.050143],[31.496058,30.049855],[31.495867,30.049855],[31.495868,30.049937],[31.495927,30.049937],[31.495928,30.050054],[31.495869,30.050054],[31.49587,30.050144],[31.49606,30.050143]]]},"properties":{"kind":"building"}},{"type":"Feature","geometry":{"type":"Polygon","coordinates":[[[31.49356,30.048179],[31.493553,30.048114],[31.493597,30.048086],[31.493626,30.048049],[31.493649,30.048033],[31.493759,30.047999],[31.493891,30.048248],[31.49363,30.048359],[31.49356,30.048179]]]},"properties":{"kind":"building"}},{"type":"Feature","geometry":{"type":"Polygon","coordinates":[[[31.479653,30.024976],[31.47965,30.024738],[31.479442,30.02474],[31.479444,30.024976],[31.4795,30.024975],[31.4795,30.024961],[31.479592,30.02496],[31.479592,30.024976],[31.479653,30.024976]]]},"properties":{"kind":"building"}},{"type":"Feature","geometry":{"type":"Polygon","coordinates":[[[31.478393,30.024974],[31.47839,30.024737],[31.478182,30.024738],[31.478185,30.024974],[31.47824,30.024973],[31.47824,30.024959],[31.478333,30.024959],[31.478333,30.024975],[31.478393,30.024974]]]},"properties":{"kind":"building"}},{"type":"Feature","geometry":{"type":"Polygon","coordinates":[[[31.481899,30.023521],[31.481786,30.0235],[31.481789,30.023489],[31.481756,30.023483],[31.481773,30.023415],[31.481803,30.02342],[31.481814,30.023375],[31.481929,30.023396],[31.481899,30.023521]]]},"properties":{"kind":"building"}},{"type":"Feature","geometry":{"type":"Polygon","coordinates":[[[31.481944,30.023353],[31.481841,30.023316],[31.481848,30.023301],[31.481821,30.023292],[31.48185,30.023232],[31.48188,30.023243],[31.481902,30.023197],[31.482001,30.023233],[31.481944,30.023353]]]},"properties":{"kind":"building"}},{"type":"Feature","geometry":{"type":"Polygon","coordinates":[[[31.493179,30.025832],[31.493375,30.025836],[31.49341,30.026499],[31.493228,30.026497],[31.493216,30.026398],[31.493004,30.02638],[31.493006,30.026258],[31.493193,30.026256],[31.493179,30.025832]]]},"properties":{"kind":"building"}},{"type":"Feature","geometry":{"type":"Polygon","coordinates":[[[31.487804,30.032674],[31.48781,30.032505],[31.488059,30.032511],[31.488058,30.032559],[31.488115,30.03256],[31.488113,30.032632],[31.488067,30.032631],[31.488065,30.032681],[31.487804,30.032674]]]},"properties":{"kind":"building"}},{"type":"Feature","geometry":{"type":"Polygon","coordinates":[[[31.479795,30.027583],[31.479981,30.027584],[31.479982,30.02745],[31.479964,30.02745],[31.479965,30.027369],[31.479815,30.027369],[31.479815,30.027451],[31.479796,30.027451],[31.479795,30.027583]]]},"properties":{"kind":"building"}},{"type":"Feature","geometry":{"type":"Polygon","coordinates":[[[31.472558,30.031245],[31.472558,30.031392],[31.472477,30.031392],[31.472477,30.03138],[31.472294,30.03138],[31.472294,30.031249],[31.472345,30.031249],[31.472345,30.031245],[31.472558,30.031245]]]},"properties":{"kind":"building"}},{"type":"Feature","geometry":{"type":"Polygon","coordinates":[[[31.470102,30.030946],[31.469842,30.030945],[31.469842,30.030859],[31.469834,30.030859],[31.469834,30.0308],[31.469881,30.0308],[31.469881,30.030822],[31.470102,30.030823],[31.470102,30.030946]]]},"properties":{"kind":"building"}},{"type":"Feature","geometry":{"type":"Polygon","coordinates":[[[31.474255,30.029627],[31.474349,30.029755],[31.474197,30.029839],[31.474185,30.029822],[31.474101,30.029868],[31.474025,30.029766],[31.474119,30.029714],[31.474113,30.029705],[31.474255,30.029627]]]},"properties":{"kind":"building"}},{"type":"Feature","geometry":{"type":"Polygon","coordinates":[[[31.49975,30.023986],[31.499785,30.024017],[31.499702,30.024054],[31.499684,30.024023],[31.499679,30.024024],[31.499675,30.024021],[31.499675,30.024016],[31.499679,30.024013],[31.49975,30.023986]]]},"properties":{"kind":"building"}},{"type":"Feature","geometry":{"type":"Polygon","coordinates":[[[31.491774,30.028309],[31.491775,30.028338],[31.491775,30.028375],[31.491831,30.028374],[31.491885,30.028374],[31.491884,30.028339],[31.491884,30.028308],[31.491831,30.028308],[31.491774,30.028309]]]},"properties":{"kind":"building"}},{"type":"Feature","geometry":{"type":"Polygon","coordinates":[[[31.49257,30.026544],[31.492524,30.026545],[31.49251,30.026545],[31.492509,30.026515],[31.492497,30.026515],[31.492495,30.026407],[31.492537,30.026407],[31.492567,30.026406],[31.49257,30.026544]]]},"properties":{"kind":"building"}},{"type":"Feature","geometry":{"type":"Polygon","coordinates":[[[31.490104,30.02548],[31.491243,30.025477],[31.491242,30.025403],[31.491242,30.02531],[31.491242,30.025224],[31.490103,30.025226],[31.490104,30.02531],[31.490104,30.025405],[31.490104,30.02548]]]},"properties":{"kind":"building"}},{"type":"Feature","geometry":{"type":"Polygon","coordinates":[[[31.471477,30.043663],[31.471721,30.04366],[31.471719,30.043523],[31.47167,30.043524],[31.471669,30.043487],[31.471515,30.043488],[31.471516,30.043521],[31.471475,30.043522],[31.471477,30.043663]]]},"properties":{"kind":"building"}},{"type":"Feature","geometry":{"type":"Polygon","coordinates":[[[31.47304,30.043192],[31.473084,30.043191],[31.473085,30.043206],[31.473145,30.043205],[31.473145,30.043192],[31.473184,30.043191],[31.473179,30.042994],[31.473035,30.042997],[31.47304,30.043192]]]},"properties":{"kind":"building"}},{"type":"Feature","geometry":{"type":"Polygon","coordinates":[[[31.47813,30.04598],[31.478221,30.045972],[31.478214,30.045919],[31.478237,30.045917],[31.478225,30.045817],[31.478091,30.045829],[31.478105,30.045942],[31.478125,30.045941],[31.47813,30.04598]]]},"properties":{"kind":"building"}},{"type":"Feature","geometry":{"type":"Polygon","coordinates":[[[31.471134,30.034634],[31.471287,30.034631],[31.471284,30.03442],[31.471243,30.03442],[31.471243,30.034412],[31.471173,30.034413],[31.471173,30.034421],[31.471127,30.034422],[31.471134,30.034634]]]},"properties":{"kind":"building"}},{"type":"Feature","geometry":{"type":"Polygon","coordinates":[[[31.471832,30.03462],[31.471993,30.03462],[31.471994,30.034433],[31.471982,30.034433],[31.471982,30.034411],[31.471819,30.03441],[31.471819,30.034438],[31.471833,30.034438],[31.471832,30.03462]]]},"properties":{"kind":"building"}},{"type":"Feature","geometry":{"type":"Polygon","coordinates":[[[31.471567,30.035623],[31.471731,30.035623],[31.471729,30.035404],[31.471567,30.035404],[31.471567,30.035504],[31.47158,30.035504],[31.47158,30.035584],[31.471567,30.035584],[31.471567,30.035623]]]},"properties":{"kind":"building"}},{"type":"Feature","geometry":{"type":"Polygon","coordinates":[[[31.471175,30.035629],[31.471339,30.035625],[31.471337,30.035578],[31.471346,30.035578],[31.471341,30.035398],[31.47118,30.035401],[31.471185,30.035587],[31.471174,30.035587],[31.471175,30.035629]]]},"properties":{"kind":"building"}},{"type":"Feature","geometry":{"type":"Polygon","coordinates":[[[31.470945,30.035624],[31.470948,30.035401],[31.471133,30.035403],[31.47113,30.035624],[31.471088,30.035624],[31.471088,30.035634],[31.470994,30.035633],[31.470994,30.035625],[31.470945,30.035624]]]},"properties":{"kind":"building"}},{"type":"Feature","geometry":{"type":"Polygon","coordinates":[[[31.471573,30.035332],[31.47173,30.035331],[31.471728,30.035111],[31.471674,30.035112],[31.471674,30.035117],[31.471555,30.035118],[31.471556,30.03517],[31.471571,30.03517],[31.471573,30.035332]]]},"properties":{"kind":"building"}},{"type":"Feature","geometry":{"type":"Polygon","coordinates":[[[31.47136,30.035342],[31.471485,30.035338],[31.471484,30.035331],[31.471523,30.035329],[31.471515,30.035154],[31.471508,30.035154],[31.471507,30.035126],[31.471352,30.035131],[31.47136,30.035342]]]},"properties":{"kind":"building"}},{"type":"Feature","geometry":{"type":"Polygon","coordinates":[[[31.471151,30.035341],[31.471315,30.035341],[31.471315,30.035117],[31.471274,30.035117],[31.471274,30.035107],[31.47119,30.035107],[31.47119,30.035124],[31.471151,30.035124],[31.471151,30.035341]]]},"properties":{"kind":"building"}},{"type":"Feature","geometry":{"type":"Polygon","coordinates":[[[31.470917,30.035343],[31.471099,30.035342],[31.471097,30.035121],[31.470909,30.035122],[31.470909,30.035166],[31.470927,30.035166],[31.470928,30.035308],[31.470917,30.035308],[31.470917,30.035343]]]},"properties":{"kind":"building"}},{"type":"Feature","geometry":{"type":"Polygon","coordinates":[[[31.471533,30.034915],[31.471708,30.034912],[31.471707,30.034866],[31.471718,30.034866],[31.471714,30.034685],[31.471543,30.034688],[31.471547,30.03487],[31.471532,30.034871],[31.471533,30.034915]]]},"properties":{"kind":"building"}},{"type":"Feature","geometry":{"type":"Polygon","coordinates":[[[31.473341,30.034347],[31.47306,30.034351],[31.473061,30.034389],[31.473074,30.034389],[31.473075,30.034454],[31.473062,30.034454],[31.473063,30.034499],[31.473343,30.034495],[31.473341,30.034347]]]},"properties":{"kind":"building"}},{"type":"Feature","geometry":{"type":"Polygon","coordinates":[[[31.473062,30.034684],[31.47334,30.034677],[31.473335,30.034537],[31.473059,30.034543],[31.47306,30.034584],[31.473053,30.034584],[31.473054,30.034637],[31.47306,30.034637],[31.473062,30.034684]]]},"properties":{"kind":"building"}},{"type":"Feature","geometry":{"type":"Polygon","coordinates":[[[31.471335,30.036039],[31.471506,30.03604],[31.471507,30.035821],[31.471333,30.03582],[31.471333,30.035895],[31.471347,30.035895],[31.471347,30.035992],[31.471335,30.035992],[31.471335,30.036039]]]},"properties":{"kind":"building"}},{"type":"Feature","geometry":{"type":"Polygon","coordinates":[[[31.471135,30.036036],[31.471302,30.036037],[31.471303,30.035845],[31.471283,30.035845],[31.471283,30.035822],[31.471119,30.035822],[31.471118,30.035856],[31.471136,30.035856],[31.471135,30.036036]]]},"properties":{"kind":"building"}},{"type":"Feature","geometry":{"type":"Polygon","coordinates":[[[31.472554,30.036037],[31.472709,30.036038],[31.472711,30.035855],[31.472697,30.035854],[31.472697,30.035823],[31.472539,30.035822],[31.472539,30.035852],[31.472555,30.035852],[31.472554,30.036037]]]},"properties":{"kind":"building"}},{"type":"Feature","geometry":{"type":"Polygon","coordinates":[[[31.473047,30.035635],[31.473195,30.035633],[31.473194,30.035575],[31.473218,30.035574],[31.473215,30.035411],[31.473057,30.035413],[31.47306,30.03558],[31.473046,30.03558],[31.473047,30.035635]]]},"properties":{"kind":"building"}},{"type":"Feature","geometry":{"type":"Polygon","coordinates":[[[31.472597,30.035634],[31.472742,30.035632],[31.47274,30.035545],[31.472754,30.035545],[31.472753,30.03548],[31.472742,30.03548],[31.472741,30.035423],[31.472593,30.035425],[31.472597,30.035634]]]},"properties":{"kind":"building"}},{"type":"Feature","geometry":{"type":"Polygon","coordinates":[[[31.473251,30.035342],[31.473335,30.035342],[31.473335,30.035347],[31.473421,30.035347],[31.473421,30.035126],[31.473232,30.035126],[31.473232,30.035215],[31.473251,30.035215],[31.473251,30.035342]]]},"properties":{"kind":"building"}},{"type":"Feature","geometry":{"type":"Polygon","coordinates":[[[31.473017,30.035348],[31.47317,30.035348],[31.47317,30.035189],[31.473149,30.035189],[31.473149,30.035136],[31.472996,30.035136],[31.472996,30.035193],[31.473017,30.035193],[31.473017,30.035348]]]},"properties":{"kind":"building"}},{"type":"Feature","geometry":{"type":"Polygon","coordinates":[[[31.47341,30.036014],[31.473454,30.036003],[31.473464,30.036015],[31.473539,30.035998],[31.47354,30.035986],[31.47357,30.035981],[31.473489,30.03579],[31.47337,30.035811],[31.47341,30.036014]]]},"properties":{"kind":"building"}},{"type":"Feature","geometry":{"type":"Polygon","coordinates":[[[31.471325,30.037218],[31.471202,30.037222],[31.471121,30.037139],[31.47112,30.037006],[31.471135,30.036996],[31.471309,30.036997],[31.471308,30.037006],[31.471324,30.037008],[31.471325,30.037218]]]},"properties":{"kind":"building"}},{"type":"Feature","geometry":{"type":"Polygon","coordinates":[[[31.471778,30.036926],[31.47192,30.036924],[31.471917,30.036721],[31.471873,30.036722],[31.471873,30.036727],[31.471815,30.036727],[31.471814,30.036719],[31.471775,30.03672],[31.471778,30.036926]]]},"properties":{"kind":"building"}},{"type":"Feature","geometry":{"type":"Polygon","coordinates":[[[31.47294,30.036324],[31.473096,30.036323],[31.473096,30.036135],[31.473043,30.036135],[31.473043,30.036151],[31.472981,30.036152],[31.472981,30.036132],[31.47294,30.036132],[31.47294,30.036324]]]},"properties":{"kind":"building"}},{"type":"Feature","geometry":{"type":"Polygon","coordinates":[[[31.472534,30.036334],[31.472698,30.036332],[31.472694,30.036159],[31.472708,30.036159],[31.472707,30.036104],[31.472548,30.036106],[31.472549,30.036167],[31.472531,30.036167],[31.472534,30.036334]]]},"properties":{"kind":"building"}},{"type":"Feature","geometry":{"type":"Polygon","coordinates":[[[31.472313,30.036332],[31.472474,30.036334],[31.472475,30.036288],[31.472493,30.036289],[31.472497,30.036109],[31.472335,30.036106],[31.472332,30.036297],[31.472313,30.036296],[31.472313,30.036332]]]},"properties":{"kind":"building"}},{"type":"Feature","geometry":{"type":"Polygon","coordinates":[[[31.47344,30.033879],[31.473693,30.033879],[31.473688,30.033794],[31.47365,30.033738],[31.473579,30.033704],[31.473426,30.033697],[31.473426,30.033742],[31.473442,30.033743],[31.47344,30.033879]]]},"properties":{"kind":"building"}},{"type":"Feature","geometry":{"type":"Polygon","coordinates":[[[31.474227,30.033857],[31.47448,30.033856],[31.474479,30.033808],[31.474469,30.033809],[31.474462,30.03375],[31.474417,30.0337],[31.474348,30.03367],[31.474225,30.033674],[31.474227,30.033857]]]},"properties":{"kind":"building"}},{"type":"Feature","geometry":{"type":"Polygon","coordinates":[[[31.473875,30.033884],[31.474129,30.033883],[31.474128,30.033707],[31.473979,30.033709],[31.473978,30.033719],[31.473947,30.033721],[31.473903,30.033758],[31.473875,30.033806],[31.473875,30.033884]]]},"properties":{"kind":"building"}},{"type":"Feature","geometry":{"type":"Polygon","coordinates":[[[31.473891,30.034671],[31.474102,30.034673],[31.474104,30.034519],[31.473893,30.034517],[31.473892,30.034555],[31.473878,30.034555],[31.473877,30.034638],[31.473891,30.034638],[31.473891,30.034671]]]},"properties":{"kind":"building"}},{"type":"Feature","geometry":{"type":"Polygon","coordinates":[[[31.47418,30.035654],[31.474388,30.035743],[31.474403,30.035712],[31.474444,30.035717],[31.474467,30.035639],[31.474449,30.035632],[31.474459,30.035608],[31.474213,30.035553],[31.47418,30.035654]]]},"properties":{"kind":"building"}},{"type":"Feature","geometry":{"type":"Polygon","coordinates":[[[31.473871,30.030812],[31.474109,30.030812],[31.474115,30.03068],[31.473873,30.030675],[31.473875,30.030708],[31.473863,30.030736],[31.47386,30.030755],[31.473875,30.03078],[31.473871,30.030812]]]},"properties":{"kind":"building"}},{"type":"Feature","geometry":{"type":"Polygon","coordinates":[[[31.474062,30.032897],[31.474223,30.033006],[31.474214,30.033017],[31.474241,30.033034],[31.474257,30.033036],[31.474347,30.032914],[31.474352,30.032889],[31.47414,30.032793],[31.474062,30.032897]]]},"properties":{"kind":"building"}},{"type":"Feature","geometry":{"type":"Polygon","coordinates":[[[31.47317,30.033478],[31.47334,30.033477],[31.473339,30.033258],[31.473173,30.033259],[31.473173,30.033292],[31.473187,30.033292],[31.473188,30.033416],[31.47317,30.033416],[31.47317,30.033478]]]},"properties":{"kind":"building"}},{"type":"Feature","geometry":{"type":"Polygon","coordinates":[[[31.472781,30.033181],[31.472951,30.033181],[31.472946,30.033012],[31.472935,30.033012],[31.472937,30.03297],[31.472762,30.032969],[31.472762,30.033015],[31.472784,30.033013],[31.472781,30.033181]]]},"properties":{"kind":"building"}},{"type":"Feature","geometry":{"type":"Polygon","coordinates":[[[31.472561,30.033173],[31.472727,30.033175],[31.472726,30.033025],[31.472713,30.033024],[31.472715,30.032962],[31.472546,30.03296],[31.472549,30.033026],[31.472561,30.033026],[31.472561,30.033173]]]},"properties":{"kind":"building"}},{"type":"Feature","geometry":{"type":"Polygon","coordinates":[[[31.471405,30.029459],[31.471555,30.029456],[31.471549,30.029244],[31.471505,30.029245],[31.471505,30.029253],[31.471431,30.029254],[31.471431,30.029246],[31.471399,30.029246],[31.471405,30.029459]]]},"properties":{"kind":"building"}},{"type":"Feature","geometry":{"type":"Polygon","coordinates":[[[31.470232,30.03536],[31.470432,30.035363],[31.470429,30.035211],[31.470173,30.035208],[31.470171,30.035323],[31.470193,30.03531],[31.470193,30.035353],[31.470233,30.035352],[31.470232,30.03536]]]},"properties":{"kind":"building"}},{"type":"Feature","geometry":{"type":"Polygon","coordinates":[[[31.470247,30.036914],[31.4704,30.036912],[31.470397,30.03685],[31.470382,30.036851],[31.470386,30.036715],[31.470236,30.036717],[31.470236,30.036843],[31.470247,30.036843],[31.470247,30.036914]]]},"properties":{"kind":"building"}},{"type":"Feature","geometry":{"type":"Polygon","coordinates":[[[31.470441,30.037178],[31.470439,30.03699],[31.470602,30.036989],[31.470604,30.03718],[31.470584,30.03718],[31.470584,30.037203],[31.470477,30.037204],[31.470477,30.037178],[31.470441,30.037178]]]},"properties":{"kind":"building"}},{"type":"Feature","geometry":{"type":"Polygon","coordinates":[[[31.470243,30.036039],[31.470427,30.036039],[31.470417,30.035923],[31.470403,30.035892],[31.47036,30.035848],[31.470316,30.035847],[31.470313,30.035833],[31.470242,30.035834],[31.470243,30.036039]]]},"properties":{"kind":"building"}},{"type":"Feature","geometry":{"type":"Polygon","coordinates":[[[31.470345,30.038531],[31.47036,30.038539],[31.470533,30.03854],[31.470556,30.038523],[31.470557,30.038414],[31.470545,30.038405],[31.470354,30.038406],[31.470347,30.038419],[31.470345,30.038531]]]},"properties":{"kind":"building"}},{"type":"Feature","geometry":{"type":"Polygon","coordinates":[[[31.470646,30.038525],[31.470807,30.038524],[31.470807,30.038483],[31.470833,30.038483],[31.470832,30.038396],[31.470793,30.038396],[31.470793,30.038389],[31.470644,30.03839],[31.470646,30.038525]]]},"properties":{"kind":"building"}},{"type":"Feature","geometry":{"type":"Polygon","coordinates":[[[31.470332,30.03762],[31.470586,30.037624],[31.470584,30.037443],[31.470442,30.037445],[31.470442,30.037467],[31.470363,30.037474],[31.470366,30.037508],[31.470334,30.037508],[31.470332,30.03762]]]},"properties":{"kind":"building"}},{"type":"Feature","geometry":{"type":"Polygon","coordinates":[[[31.470822,30.039551],[31.47098,30.0395],[31.470908,30.03934],[31.470892,30.039345],[31.47088,30.039317],[31.470752,30.039357],[31.470765,30.039389],[31.470776,30.039385],[31.470822,30.039551]]]},"properties":{"kind":"building"}},{"type":"Feature","geometry":{"type":"Polygon","coordinates":[[[31.469857,30.040649],[31.469902,30.040699],[31.469936,30.040719],[31.470073,30.040722],[31.470077,30.040499],[31.470058,30.040498],[31.47006,30.040455],[31.46985,30.040454],[31.469857,30.040649]]]},"properties":{"kind":"building"}},{"type":"Feature","geometry":{"type":"Polygon","coordinates":[[[31.470389,30.042357],[31.470554,30.042358],[31.47056,30.042157],[31.470542,30.042138],[31.470526,30.042133],[31.470512,30.042142],[31.470504,30.042156],[31.470394,30.042152],[31.470389,30.042357]]]},"properties":{"kind":"building"}},{"type":"Feature","geometry":{"type":"Polygon","coordinates":[[[31.469765,30.041965],[31.469796,30.041981],[31.469792,30.041987],[31.469858,30.04202],[31.469864,30.042015],[31.469906,30.042032],[31.470005,30.041842],[31.4699,30.041793],[31.469765,30.041965]]]},"properties":{"kind":"building"}},{"type":"Feature","geometry":{"type":"Polygon","coordinates":[[[31.471868,30.040362],[31.471954,30.040311],[31.471944,30.040294],[31.471957,30.040283],[31.471968,30.040292],[31.472005,30.040271],[31.471857,30.040073],[31.471691,30.040175],[31.471868,30.040362]]]},"properties":{"kind":"building"}},{"type":"Feature","geometry":{"type":"Polygon","coordinates":[[[31.471124,30.041013],[31.471382,30.041013],[31.471381,30.040879],[31.471125,30.040878],[31.471123,30.040922],[31.471131,30.040942],[31.471131,30.040961],[31.471122,30.04097],[31.471124,30.041013]]]},"properties":{"kind":"building"}},{"type":"Feature","geometry":{"type":"Polygon","coordinates":[[[31.473983,30.041323],[31.474225,30.041349],[31.474222,30.041182],[31.47398,30.041193],[31.473981,30.041236],[31.473993,30.041236],[31.473992,30.04128],[31.473983,30.04128],[31.473983,30.041323]]]},"properties":{"kind":"building"}},{"type":"Feature","geometry":{"type":"Polygon","coordinates":[[[31.471853,30.042346],[31.472035,30.042348],[31.472037,30.04213],[31.471922,30.042129],[31.471922,30.042148],[31.471889,30.042147],[31.471888,30.042175],[31.471855,30.042175],[31.471853,30.042346]]]},"properties":{"kind":"building"}},{"type":"Feature","geometry":{"type":"Polygon","coordinates":[[[31.471408,30.042081],[31.471578,30.042083],[31.47158,30.041933],[31.471561,30.041933],[31.471563,30.04187],[31.471399,30.041868],[31.471397,30.041936],[31.471414,30.041937],[31.471408,30.042081]]]},"properties":{"kind":"building"}},{"type":"Feature","geometry":{"type":"Polygon","coordinates":[[[31.473463,30.042326],[31.473522,30.042321],[31.473523,30.042331],[31.473603,30.042324],[31.473601,30.042308],[31.473662,30.042303],[31.47364,30.042107],[31.47344,30.042124],[31.473463,30.042326]]]},"properties":{"kind":"building"}},{"type":"Feature","geometry":{"type":"Polygon","coordinates":[[[31.473755,30.042309],[31.473804,30.042293],[31.473809,30.042305],[31.473891,30.042279],[31.473885,30.042265],[31.473939,30.042249],[31.473857,30.042051],[31.473672,30.042109],[31.473755,30.042309]]]},"properties":{"kind":"building"}},{"type":"Feature","geometry":{"type":"Polygon","coordinates":[[[31.472779,30.040598],[31.473008,30.040598],[31.473007,30.040448],[31.472778,30.040449],[31.472778,30.040483],[31.472794,30.040483],[31.472794,30.040563],[31.472779,30.040563],[31.472779,30.040598]]]},"properties":{"kind":"building"}},{"type":"Feature","geometry":{"type":"Polygon","coordinates":[[[31.476523,30.040075],[31.476742,30.040073],[31.476739,30.039825],[31.476696,30.039825],[31.476696,30.039808],[31.476571,30.039809],[31.476571,30.039826],[31.47652,30.039826],[31.476523,30.040075]]]},"properties":{"kind":"building"}},{"type":"Feature","geometry":{"type":"Polygon","coordinates":[[[31.491266,30.026667],[31.491464,30.02667],[31.491463,30.026815],[31.491463,30.02682],[31.491461,30.026946],[31.491259,30.026946],[31.491264,30.026765],[31.491266,30.026667]]]},"properties":{"kind":"building"}},{"type":"Feature","geometry":{"type":"Polygon","coordinates":[[[31.496595,30.049549],[31.496781,30.049544],[31.497001,30.049532],[31.496874,30.049245],[31.496657,30.049299],[31.496587,30.049313],[31.496587,30.049371],[31.496595,30.049549]]]},"properties":{"kind":"building"}},{"type":"Feature","geometry":{"type":"Polygon","coordinates":[[[31.496425,30.049633],[31.496489,30.049633],[31.496488,30.049591],[31.497038,30.049596],[31.497197,30.050115],[31.496429,30.050153],[31.496429,30.050074],[31.496425,30.049633]]]},"properties":{"kind":"building"}},{"type":"Feature","geometry":{"type":"Polygon","coordinates":[[[31.495457,30.046483],[31.495219,30.046549],[31.495089,30.046225],[31.495221,30.046186],[31.495318,30.046241],[31.495449,30.046283],[31.495482,30.046345],[31.495457,30.046483]]]},"properties":{"kind":"building"}},{"type":"Feature","geometry":{"type":"Polygon","coordinates":[[[31.495154,30.027418],[31.495127,30.026758],[31.495379,30.026814],[31.495508,30.02693],[31.49554,30.027214],[31.495486,30.027348],[31.495293,30.027432],[31.495154,30.027418]]]},"properties":{"kind":"building"}},{"type":"Feature","geometry":{"type":"Polygon","coordinates":[[[31.471252,30.045612],[31.471395,30.045678],[31.471505,30.045499],[31.471469,30.045477],[31.471447,30.045455],[31.471404,30.045448],[31.471362,30.045433],[31.471252,30.045612]]]},"properties":{"kind":"building"}},{"type":"Feature","geometry":{"type":"Polygon","coordinates":[[[31.473481,30.035636],[31.473485,30.03542],[31.473706,30.035428],[31.473677,30.035508],[31.473637,30.035559],[31.473561,30.035612],[31.473506,30.035635],[31.473481,30.035636]]]},"properties":{"kind":"building"}},{"type":"Feature","geometry":{"type":"Polygon","coordinates":[[[31.470046,30.033024],[31.470036,30.032837],[31.470018,30.032823],[31.469904,30.032867],[31.469822,30.03294],[31.469784,30.033019],[31.469788,30.033028],[31.470046,30.033024]]]},"properties":{"kind":"building"}},{"type":"Feature","geometry":{"type":"Polygon","coordinates":[[[31.470018,30.032629],[31.469972,30.032412],[31.470063,30.032398],[31.47016,30.032394],[31.470165,30.032545],[31.470149,30.032549],[31.470156,30.032619],[31.470018,30.032629]]]},"properties":{"kind":"building"}},{"type":"Feature","geometry":{"type":"Polygon","coordinates":[[[31.47022,30.032312],[31.470404,30.032311],[31.470404,30.032242],[31.470365,30.032152],[31.470266,30.032154],[31.470262,30.032109],[31.470213,30.032108],[31.47022,30.032312]]]},"properties":{"kind":"building"}},{"type":"Feature","geometry":{"type":"Polygon","coordinates":[[[31.474226,30.041522],[31.474488,30.041583],[31.474501,30.041392],[31.474245,30.041388],[31.474246,30.041437],[31.474248,30.041464],[31.474234,30.041488],[31.474226,30.041522]]]},"properties":{"kind":"building"}},{"type":"Feature","geometry":{"type":"Polygon","coordinates":[[[31.47392,30.041156],[31.474166,30.041157],[31.47416,30.041017],[31.473924,30.04102],[31.47392,30.041063],[31.473926,30.04109],[31.47392,30.041113],[31.47392,30.041156]]]},"properties":{"kind":"building"}},{"type":"Feature","geometry":{"type":"Polygon","coordinates":[[[31.471125,30.042078],[31.471319,30.042075],[31.471315,30.041882],[31.471261,30.041875],[31.471216,30.041891],[31.471151,30.041946],[31.471125,30.041991],[31.471125,30.042078]]]},"properties":{"kind":"building"}},{"type":"Feature","geometry":{"type":"Polygon","coordinates":[[[31.472532,30.042077],[31.472719,30.042076],[31.472714,30.041878],[31.47263,30.041882],[31.472631,30.041919],[31.472585,30.041922],[31.472533,30.041961],[31.472532,30.042077]]]},"properties":{"kind":"building"}},{"type":"Feature","geometry":{"type":"Polygon","coordinates":[[[31.478409,30.02729],[31.478409,30.027188],[31.478441,30.027123],[31.478532,30.027076],[31.47901,30.027072],[31.479004,30.027299],[31.478409,30.02729]]]},"properties":{"kind":"building"}},{"type":"Feature","geometry":{"type":"Polygon","coordinates":[[[31.495006,30.049611],[31.495375,30.049491],[31.495346,30.049423],[31.495305,30.049437],[31.495282,30.049385],[31.494954,30.049492],[31.495006,30.049611]]]},"properties":{"kind":"building"}},{"type":"Feature","geometry":{"type":"Polygon","coordinates":[[[31.495006,30.049612],[31.495376,30.049492],[31.495405,30.049559],[31.495363,30.049572],[31.495386,30.049624],[31.495058,30.04973],[31.495006,30.049612]]]},"properties":{"kind":"building"}},{"type":"Feature","geometry":{"type":"Polygon","coordinates":[[[31.487786,30.032483],[31.487788,30.032377],[31.487851,30.032319],[31.487942,30.032289],[31.48802,30.03229],[31.488017,30.032486],[31.487786,30.032483]]]},"properties":{"kind":"building"}},{"type":"Feature","geometry":{"type":"Polygon","coordinates":[[[31.472638,30.030117],[31.472632,30.029941],[31.472777,30.029937],[31.472778,30.029993],[31.47284,30.029992],[31.472844,30.030112],[31.472638,30.030117]]]},"properties":{"kind":"building"}},{"type":"Feature","geometry":{"type":"Polygon","coordinates":[[[31.472548,30.029938],[31.472549,30.030115],[31.472304,30.030116],[31.472303,30.029976],[31.472376,30.029976],[31.472375,30.029939],[31.472548,30.029938]]]},"properties":{"kind":"building"}},{"type":"Feature","geometry":{"type":"Polygon","coordinates":[[[31.473262,30.030017],[31.473261,30.030002],[31.473361,30.03],[31.473363,30.030109],[31.473149,30.030113],[31.473146,30.030019],[31.473262,30.030017]]]},"properties":{"kind":"building"}},{"type":"Feature","geometry":{"type":"Polygon","coordinates":[[[31.471829,30.030863],[31.471992,30.03086],[31.471989,30.030724],[31.471976,30.030687],[31.471923,30.030664],[31.471824,30.030666],[31.471829,30.030863]]]},"properties":{"kind":"building"}},{"type":"Feature","geometry":{"type":"Polygon","coordinates":[[[31.471621,30.030933],[31.471776,30.030929],[31.471783,30.031143],[31.471695,30.031145],[31.471695,30.031147],[31.471628,30.031149],[31.471621,30.030933]]]},"properties":{"kind":"building"}},{"type":"Feature","geometry":{"type":"Polygon","coordinates":[[[31.470878,30.030863],[31.471073,30.030862],[31.471072,30.030708],[31.470961,30.030709],[31.470962,30.030791],[31.470878,30.030791],[31.470878,30.030863]]]},"properties":{"kind":"building"}},{"type":"Feature","geometry":{"type":"Polygon","coordinates":[[[31.470098,30.031138],[31.469901,30.031142],[31.4699,30.031081],[31.469838,30.031083],[31.469836,30.030989],[31.470094,30.030984],[31.470098,30.031138]]]},"properties":{"kind":"building"}},{"type":"Feature","geometry":{"type":"Polygon","coordinates":[[[31.472572,30.032755],[31.472465,30.032753],[31.472465,30.032743],[31.472342,30.03274],[31.472347,30.032585],[31.472578,30.032591],[31.472572,30.032755]]]},"properties":{"kind":"building"}},{"type":"Feature","geometry":{"type":"Polygon","coordinates":[[[31.472455,30.029429],[31.472468,30.029429],[31.472467,30.029477],[31.472272,30.029473],[31.472278,30.029257],[31.472459,30.029261],[31.472455,30.029429]]]},"properties":{"kind":"building"}},{"type":"Feature","geometry":{"type":"Polygon","coordinates":[[[31.472562,30.029237],[31.472734,30.029238],[31.472732,30.029458],[31.472681,30.029458],[31.472681,30.029481],[31.47256,30.02948],[31.472562,30.029237]]]},"properties":{"kind":"building"}},{"type":"Feature","geometry":{"type":"Polygon","coordinates":[[[31.473573,30.029255],[31.473567,30.029411],[31.473535,30.029409],[31.473532,30.029474],[31.473396,30.02947],[31.473404,30.02925],[31.473573,30.029255]]]},"properties":{"kind":"building"}},{"type":"Feature","geometry":{"type":"Polygon","coordinates":[[[31.474245,30.050003],[31.474245,30.050166],[31.473995,30.050165],[31.473996,30.049998],[31.474131,30.049998],[31.474131,30.050003],[31.474245,30.050003]]]},"properties":{"kind":"building"}},{"type":"Feature","geometry":{"type":"Polygon","coordinates":[[[31.497197,30.024028],[31.497172,30.024008],[31.497179,30.024002],[31.497148,30.023977],[31.497125,30.023998],[31.49718,30.024043],[31.497197,30.024028]]]},"properties":{"kind":"building"}},{"type":"Feature","geometry":{"type":"Polygon","coordinates":[[[31.499845,30.02397],[31.499873,30.023995],[31.499916,30.023982],[31.499923,30.02398],[31.499897,30.023951],[31.499885,30.023955],[31.499845,30.02397]]]},"properties":{"kind":"building"}},{"type":"Feature","geometry":{"type":"Polygon","coordinates":[[[31.499396,30.024233],[31.499425,30.024209],[31.499441,30.024196],[31.499409,30.024167],[31.499394,30.024179],[31.499364,30.024203],[31.499396,30.024233]]]},"properties":{"kind":"building"}},{"type":"Feature","geometry":{"type":"Polygon","coordinates":[[[31.498957,30.022971],[31.49894,30.022986],[31.498967,30.023009],[31.498987,30.023027],[31.499005,30.023011],[31.498983,30.022993],[31.498957,30.022971]]]},"properties":{"kind":"building"}},{"type":"Feature","geometry":{"type":"Polygon","coordinates":[[[31.496291,30.024513],[31.496298,30.024507],[31.49631,30.024497],[31.496293,30.024482],[31.496281,30.024493],[31.496274,30.024498],[31.496291,30.024513]]]},"properties":{"kind":"building"}},{"type":"Feature","geometry":{"type":"Polygon","coordinates":[[[31.496192,30.02443],[31.496201,30.024423],[31.496211,30.024414],[31.496194,30.024399],[31.496183,30.024409],[31.496175,30.024415],[31.496192,30.02443]]]},"properties":{"kind":"building"}},{"type":"Feature","geometry":{"type":"Polygon","coordinates":[[[31.499218,30.022655],[31.499321,30.022605],[31.499355,30.022679],[31.49936,30.022676],[31.499372,30.0227],[31.499307,30.022731],[31.499218,30.022655]]]},"properties":{"kind":"building"}},{"type":"Feature","geometry":{"type":"Polygon","coordinates":[[[31.497568,30.021801],[31.497528,30.021835],[31.497553,30.021857],[31.49756,30.021852],[31.497575,30.021865],[31.497608,30.021836],[31.497568,30.021801]]]},"properties":{"kind":"building"}},{"type":"Feature","geometry":{"type":"Polygon","coordinates":[[[31.470525,30.044894],[31.470627,30.044878],[31.470721,30.044822],[31.470783,30.044747],[31.470803,30.044678],[31.470525,30.044678],[31.470525,30.044894]]]},"properties":{"kind":"building"}},{"type":"Feature","geometry":{"type":"Polygon","coordinates":[[[31.471179,30.048938],[31.471339,30.048937],[31.471338,30.048822],[31.471346,30.048822],[31.471346,30.048717],[31.471176,30.048718],[31.471179,30.048938]]]},"properties":{"kind":"building"}},{"type":"Feature","geometry":{"type":"Polygon","coordinates":[[[31.475714,30.047653],[31.475838,30.047693],[31.47587,30.047619],[31.475845,30.047612],[31.475873,30.047548],[31.475773,30.047516],[31.475714,30.047653]]]},"properties":{"kind":"building"}},{"type":"Feature","geometry":{"type":"Polygon","coordinates":[[[31.476042,30.047689],[31.476134,30.047708],[31.476165,30.047593],[31.476008,30.047561],[31.475983,30.047651],[31.476049,30.047664],[31.476042,30.047689]]]},"properties":{"kind":"building"}},{"type":"Feature","geometry":{"type":"Polygon","coordinates":[[[31.477099,30.045624],[31.477263,30.045625],[31.477264,30.04551],[31.47717,30.04551],[31.47717,30.045533],[31.477099,30.045533],[31.477099,30.045624]]]},"properties":{"kind":"building"}},{"type":"Feature","geometry":{"type":"Polygon","coordinates":[[[31.47041,30.045703],[31.470555,30.045705],[31.470559,30.045524],[31.47057,30.045524],[31.470571,30.045472],[31.470414,30.04547],[31.47041,30.045703]]]},"properties":{"kind":"building"}},{"type":"Feature","geometry":{"type":"Polygon","coordinates":[[[31.471134,30.034922],[31.471284,30.034924],[31.471286,30.034856],[31.471294,30.034856],[31.471296,30.034701],[31.471138,30.034699],[31.471134,30.034922]]]},"properties":{"kind":"building"}},{"type":"Feature","geometry":{"type":"Polygon","coordinates":[[[31.472121,30.036032],[31.472278,30.036031],[31.472275,30.03581],[31.472193,30.035811],[31.472193,30.035826],[31.472118,30.035827],[31.472121,30.036032]]]},"properties":{"kind":"building"}},{"type":"Feature","geometry":{"type":"Polygon","coordinates":[[[31.473245,30.035639],[31.47344,30.035638],[31.473438,30.035411],[31.47326,30.035412],[31.473262,30.035612],[31.473245,30.035612],[31.473245,30.035639]]]},"properties":{"kind":"building"}},{"type":"Feature","geometry":{"type":"Polygon","coordinates":[[[31.47136,30.036341],[31.471531,30.036339],[31.47153,30.036288],[31.47154,30.036287],[31.471536,30.036122],[31.471357,30.036124],[31.47136,30.036341]]]},"properties":{"kind":"building"}},{"type":"Feature","geometry":{"type":"Polygon","coordinates":[[[31.473875,30.034903],[31.474149,30.034904],[31.474149,30.034749],[31.473977,30.034749],[31.473977,30.034764],[31.473875,30.034764],[31.473875,30.034903]]]},"properties":{"kind":"building"}},{"type":"Feature","geometry":{"type":"Polygon","coordinates":[[[31.473978,30.035935],[31.474128,30.036082],[31.474112,30.036095],[31.474157,30.036127],[31.474284,30.036013],[31.474056,30.035853],[31.473978,30.035935]]]},"properties":{"kind":"building"}},{"type":"Feature","geometry":{"type":"Polygon","coordinates":[[[31.473861,30.030621],[31.473977,30.030621],[31.473977,30.030611],[31.474112,30.030611],[31.474112,30.030479],[31.473861,30.030478],[31.473861,30.030621]]]},"properties":{"kind":"building"}},{"type":"Feature","geometry":{"type":"Polygon","coordinates":[[[31.474111,30.031264],[31.474112,30.031083],[31.473871,30.031079],[31.473875,30.031187],[31.473904,30.031231],[31.473959,30.031262],[31.474111,30.031264]]]},"properties":{"kind":"building"}},{"type":"Feature","geometry":{"type":"Polygon","coordinates":[[[31.474212,30.032379],[31.474448,30.032375],[31.474445,30.032241],[31.474265,30.032243],[31.474265,30.032234],[31.474209,30.032235],[31.474212,30.032379]]]},"properties":{"kind":"building"}},{"type":"Feature","geometry":{"type":"Polygon","coordinates":[[[31.47423,30.032179],[31.47447,30.032184],[31.474473,30.032039],[31.474218,30.032034],[31.474217,30.032068],[31.474233,30.032069],[31.47423,30.032179]]]},"properties":{"kind":"building"}},{"type":"Feature","geometry":{"type":"Polygon","coordinates":[[[31.474178,30.031974],[31.474424,30.031976],[31.474426,30.031827],[31.474217,30.031825],[31.474216,30.031901],[31.474179,30.031901],[31.474178,30.031974]]]},"properties":{"kind":"building"}},{"type":"Feature","geometry":{"type":"Polygon","coordinates":[[[31.474157,30.031597],[31.474415,30.0316],[31.474411,30.031508],[31.474377,30.031446],[31.474309,30.031418],[31.474156,30.031414],[31.474157,30.031597]]]},"properties":{"kind":"building"}},{"type":"Feature","geometry":{"type":"Polygon","coordinates":[[[31.47419,30.032596],[31.474419,30.032624],[31.474416,30.032643],[31.474438,30.032645],[31.474464,30.032484],[31.474214,30.032459],[31.47419,30.032596]]]},"properties":{"kind":"building"}},{"type":"Feature","geometry":{"type":"Polygon","coordinates":[[[31.474034,30.033268],[31.473875,30.033093],[31.47376,30.033152],[31.473818,30.033249],[31.473801,30.033259],[31.473859,30.033364],[31.474034,30.033268]]]},"properties":{"kind":"building"}},{"type":"Feature","geometry":{"type":"Polygon","coordinates":[[[31.473387,30.033466],[31.47357,30.03345],[31.473515,30.033236],[31.473481,30.033238],[31.473477,30.033252],[31.473377,30.033258],[31.473387,30.033466]]]},"properties":{"kind":"building"}},{"type":"Feature","geometry":{"type":"Polygon","coordinates":[[[31.47299,30.033178],[31.473153,30.033179],[31.473152,30.033001],[31.47314,30.033001],[31.473139,30.032967],[31.472988,30.032967],[31.47299,30.033178]]]},"properties":{"kind":"building"}},{"type":"Feature","geometry":{"type":"Polygon","coordinates":[[[31.470406,30.029414],[31.470424,30.029411],[31.470462,30.029561],[31.470611,30.029533],[31.470558,30.029322],[31.470391,30.029353],[31.470406,30.029414]]]},"properties":{"kind":"building"}},{"type":"Feature","geometry":{"type":"Polygon","coordinates":[[[31.47011,30.029722],[31.470195,30.02966],[31.470064,30.029486],[31.469913,30.029578],[31.470035,30.029677],[31.470051,30.029667],[31.47011,30.029722]]]},"properties":{"kind":"building"}},{"type":"Feature","geometry":{"type":"Polygon","coordinates":[[[31.469976,30.029937],[31.470102,30.030031],[31.470091,30.030048],[31.47015,30.030087],[31.470257,30.02998],[31.470073,30.029834],[31.469976,30.029937]]]},"properties":{"kind":"building"}},{"type":"Feature","geometry":{"type":"Polygon","coordinates":[[[31.470215,30.032597],[31.470213,30.032387],[31.470389,30.032393],[31.470385,30.032515],[31.470354,30.032561],[31.470316,30.0326],[31.470215,30.032597]]]},"properties":{"kind":"building"}},{"type":"Feature","geometry":{"type":"Polygon","coordinates":[[[31.471408,30.02973],[31.471447,30.029715],[31.471492,30.029712],[31.471531,30.029728],[31.471538,30.029514],[31.471406,30.029511],[31.471408,30.02973]]]},"properties":{"kind":"building"}},{"type":"Feature","geometry":{"type":"Polygon","coordinates":[[[31.470152,30.034934],[31.4704,30.034937],[31.470402,30.0348],[31.470175,30.034797],[31.470175,30.034827],[31.470153,30.034827],[31.470152,30.034934]]]},"properties":{"kind":"building"}},{"type":"Feature","geometry":{"type":"Polygon","coordinates":[[[31.469814,30.034941],[31.470085,30.034939],[31.470084,30.034866],[31.470067,30.034866],[31.470067,30.034807],[31.469813,30.034809],[31.469814,30.034941]]]},"properties":{"kind":"building"}},{"type":"Feature","geometry":{"type":"Polygon","coordinates":[[[31.469836,30.035138],[31.470093,30.035136],[31.470091,30.034996],[31.47008,30.034997],[31.47008,30.034977],[31.469835,30.034979],[31.469836,30.035138]]]},"properties":{"kind":"building"}},{"type":"Feature","geometry":{"type":"Polygon","coordinates":[[[31.469841,30.035349],[31.470056,30.035349],[31.470056,30.035194],[31.469856,30.035194],[31.469856,30.035271],[31.469841,30.035271],[31.469841,30.035349]]]},"properties":{"kind":"building"}},{"type":"Feature","geometry":{"type":"Polygon","coordinates":[[[31.469871,30.035431],[31.469885,30.03548],[31.469921,30.03553],[31.469965,30.035571],[31.470095,30.035628],[31.470097,30.035434],[31.469871,30.035431]]]},"properties":{"kind":"building"}},{"type":"Feature","geometry":{"type":"Polygon","coordinates":[[[31.471379,30.030167],[31.471382,30.029962],[31.471527,30.029963],[31.471526,30.030068],[31.471541,30.030068],[31.471539,30.030169],[31.471379,30.030167]]]},"properties":{"kind":"building"}},{"type":"Feature","geometry":{"type":"Polygon","coordinates":[[[31.470457,30.036908],[31.470627,30.036906],[31.470625,30.036757],[31.470606,30.036757],[31.470606,30.036705],[31.470455,30.036706],[31.470457,30.036908]]]},"properties":{"kind":"building"}},{"type":"Feature","geometry":{"type":"Polygon","coordinates":[[[31.470254,30.036317],[31.470421,30.036317],[31.470421,30.036255],[31.470438,30.036255],[31.470438,30.036149],[31.470254,30.036149],[31.470254,30.036317]]]},"properties":{"kind":"building"}},{"type":"Feature","geometry":{"type":"Polygon","coordinates":[[[31.471593,30.038329],[31.471841,30.038325],[31.471838,30.038191],[31.471612,30.038195],[31.471613,30.03825],[31.471592,30.03825],[31.471593,30.038329]]]},"properties":{"kind":"building"}},{"type":"Feature","geometry":{"type":"Polygon","coordinates":[[[31.470131,30.040404],[31.470277,30.040407],[31.470273,30.040197],[31.470118,30.040194],[31.470115,30.040309],[31.470133,30.040309],[31.470131,30.040404]]]},"properties":{"kind":"building"}},{"type":"Feature","geometry":{"type":"Polygon","coordinates":[[[31.471929,30.038708],[31.472153,30.038714],[31.472153,30.038704],[31.472176,30.038704],[31.472182,30.038561],[31.471935,30.038554],[31.471929,30.038708]]]},"properties":{"kind":"building"}},{"type":"Feature","geometry":{"type":"Polygon","coordinates":[[[31.470618,30.042086],[31.470793,30.042088],[31.470792,30.042],[31.470758,30.041942],[31.470685,30.041886],[31.470621,30.041884],[31.470618,30.042086]]]},"properties":{"kind":"building"}},{"type":"Feature","geometry":{"type":"Polygon","coordinates":[[[31.472479,30.040001],[31.472534,30.039983],[31.472543,30.040006],[31.47261,30.039984],[31.472554,30.039772],[31.472383,30.039821],[31.472479,30.040001]]]},"properties":{"kind":"building"}},{"type":"Feature","geometry":{"type":"Polygon","coordinates":[[[31.472013,30.040083],[31.4721,30.040212],[31.472238,30.040143],[31.472098,30.039956],[31.471985,30.040013],[31.472028,30.040076],[31.472013,30.040083]]]},"properties":{"kind":"building"}},{"type":"Feature","geometry":{"type":"Polygon","coordinates":[[[31.47147,30.041012],[31.471701,30.041015],[31.471703,30.040884],[31.471459,30.040881],[31.471458,30.04095],[31.471471,30.04095],[31.47147,30.041012]]]},"properties":{"kind":"building"}},{"type":"Feature","geometry":{"type":"Polygon","coordinates":[[[31.471135,30.040421],[31.471371,30.040465],[31.471414,30.040335],[31.471181,30.040266],[31.471126,30.040401],[31.471138,30.040404],[31.471135,30.040421]]]},"properties":{"kind":"building"}},{"type":"Feature","geometry":{"type":"Polygon","coordinates":[[[31.473243,30.039696],[31.473389,30.039701],[31.473389,30.03948],[31.473227,30.039479],[31.473228,30.039567],[31.473239,30.039561],[31.473243,30.039696]]]},"properties":{"kind":"building"}},{"type":"Feature","geometry":{"type":"Polygon","coordinates":[[[31.473912,30.039988],[31.474164,30.039988],[31.474164,30.039853],[31.473902,30.039853],[31.473902,30.039923],[31.473912,30.039923],[31.473912,30.039988]]]},"properties":{"kind":"building"}},{"type":"Feature","geometry":{"type":"Polygon","coordinates":[[[31.494072,30.048704],[31.494308,30.048848],[31.49414,30.049005],[31.494011,30.048935],[31.49393,30.048838],[31.494072,30.048704]]]},"properties":{"kind":"building"}},{"type":"Feature","geometry":{"type":"Polygon","coordinates":[[[31.473447,30.032738],[31.473509,30.03274],[31.47364,30.032619],[31.473642,30.032585],[31.473453,30.032579],[31.473447,30.032738]]]},"properties":{"kind":"building"}},{"type":"Feature","geometry":{"type":"Polygon","coordinates":[[[31.492278,30.027733],[31.492098,30.027734],[31.492098,30.02765],[31.492277,30.027649],[31.492278,30.02769],[31.492278,30.027733]]]},"properties":{"kind":"building"}},{"type":"Feature","geometry":{"type":"Polygon","coordinates":[[[31.49248,30.026335],[31.492481,30.026408],[31.492495,30.026407],[31.492537,30.026407],[31.492536,30.026334],[31.49248,30.026335]]]},"properties":{"kind":"building"}},{"type":"Feature","geometry":{"type":"Polygon","coordinates":[[[31.492498,30.026141],[31.4925,30.026227],[31.492563,30.026226],[31.492561,30.02614],[31.492504,30.026141],[31.492498,30.026141]]]},"properties":{"kind":"building"}},{"type":"Feature","geometry":{"type":"Polygon","coordinates":[[[31.473897,30.032374],[31.474113,30.032376],[31.474108,30.032229],[31.473865,30.032228],[31.473871,30.032356],[31.473897,30.032374]]]},"properties":{"kind":"building"}},{"type":"Feature","geometry":{"type":"Polygon","coordinates":[[[31.470134,30.033405],[31.470392,30.033409],[31.470391,30.033252],[31.470132,30.033256],[31.470128,30.033331],[31.470134,30.033405]]]},"properties":{"kind":"building"}},{"type":"Feature","geometry":{"type":"Polygon","coordinates":[[[31.479328,30.023703],[31.479543,30.023712],[31.479554,30.023471],[31.479344,30.023471],[31.479328,30.023703]]]},"properties":{"kind":"building"}},{"type":"Feature","geometry":{"type":"Polygon","coordinates":[[[31.488238,30.026541],[31.488227,30.026905],[31.488726,30.026905],[31.488731,30.026538],[31.488238,30.026541]]]},"properties":{"kind":"building"}},{"type":"Feature","geometry":{"type":"Polygon","coordinates":[[[31.48868,30.02835],[31.489107,30.028347],[31.489107,30.027904],[31.488678,30.027895],[31.48868,30.02835]]]},"properties":{"kind":"building"}},{"type":"Feature","geometry":{"type":"Polygon","coordinates":[[[31.487767,30.026159],[31.487922,30.026159],[31.487931,30.026036],[31.48777,30.026036],[31.487767,30.026159]]]},"properties":{"kind":"building"}},{"type":"Feature","geometry":{"type":"Polygon","coordinates":[[[31.485651,30.026154],[31.485656,30.026012],[31.485809,30.026008],[31.485803,30.026156],[31.485651,30.026154]]]},"properties":{"kind":"building"}},{"type":"Feature","geometry":{"type":"Polygon","coordinates":[[[31.495846,30.047056],[31.4955,30.047172],[31.495271,30.046654],[31.495617,30.046539],[31.495846,30.047056]]]},"properties":{"kind":"building"}},{"type":"Feature","geometry":{"type":"Polygon","coordinates":[[[31.496619,30.048896],[31.496688,30.04906],[31.496417,30.049146],[31.496348,30.048982],[31.496619,30.048896]]]},"properties":{"kind":"building"}},{"type":"Feature","geometry":{"type":"Polygon","coordinates":[[[31.496324,30.048986],[31.496393,30.04915],[31.496122,30.049236],[31.496053,30.049072],[31.496324,30.048986]]]},"properties":{"kind":"building"}},{"type":"Feature","geometry":{"type":"Polygon","coordinates":[[[31.496027,30.049561],[31.49603,30.049742],[31.495738,30.049746],[31.495735,30.049564],[31.496027,30.049561]]]},"properties":{"kind":"building"}},{"type":"Feature","geometry":{"type":"Polygon","coordinates":[[[31.495735,30.049563],[31.495738,30.049744],[31.495403,30.049746],[31.495463,30.049567],[31.495735,30.049563]]]},"properties":{"kind":"building"}},{"type":"Feature","geometry":{"type":"Polygon","coordinates":[[[31.496451,30.048631],[31.496514,30.048777],[31.49631,30.048843],[31.496248,30.048697],[31.496451,30.048631]]]},"properties":{"kind":"building"}},{"type":"Feature","geometry":{"type":"Polygon","coordinates":[[[31.496386,30.048479],[31.496449,30.048625],[31.496245,30.048691],[31.496182,30.048545],[31.496386,30.048479]]]},"properties":{"kind":"building"}},{"type":"Feature","geometry":{"type":"Polygon","coordinates":[[[31.496317,30.048331],[31.49638,30.048477],[31.496176,30.048543],[31.496114,30.048397],[31.496317,30.048331]]]},"properties":{"kind":"building"}},{"type":"Feature","geometry":{"type":"Polygon","coordinates":[[[31.496176,30.047966],[31.496279,30.048199],[31.496074,30.048267],[31.495971,30.048033],[31.496176,30.047966]]]},"properties":{"kind":"building"}},{"type":"Feature","geometry":{"type":"Polygon","coordinates":[[[31.496072,30.047732],[31.496175,30.047966],[31.49597,30.048033],[31.495867,30.047799],[31.496072,30.047732]]]},"properties":{"kind":"building"}},{"type":"Feature","geometry":{"type":"Polygon","coordinates":[[[31.49607,30.047366],[31.496172,30.0476],[31.495967,30.047668],[31.495864,30.047434],[31.49607,30.047366]]]},"properties":{"kind":"building"}},{"type":"Feature","geometry":{"type":"Polygon","coordinates":[[[31.495972,30.047117],[31.496074,30.04735],[31.495869,30.047418],[31.495766,30.047184],[31.495972,30.047117]]]},"properties":{"kind":"building"}},{"type":"Feature","geometry":{"type":"Polygon","coordinates":[[[31.494683,30.047962],[31.494779,30.048195],[31.494546,30.048267],[31.49445,30.048034],[31.494683,30.047962]]]},"properties":{"kind":"building"}},{"type":"Feature","geometry":{"type":"Polygon","coordinates":[[[31.494788,30.048211],[31.494884,30.048444],[31.494651,30.048516],[31.494555,30.048283],[31.494788,30.048211]]]},"properties":{"kind":"building"}},{"type":"Feature","geometry":{"type":"Polygon","coordinates":[[[31.494941,30.048555],[31.495037,30.048788],[31.494803,30.04886],[31.494707,30.048627],[31.494941,30.048555]]]},"properties":{"kind":"building"}},{"type":"Feature","geometry":{"type":"Polygon","coordinates":[[[31.49504,30.048795],[31.495136,30.049028],[31.494902,30.0491],[31.494806,30.048867],[31.49504,30.048795]]]},"properties":{"kind":"building"}},{"type":"Feature","geometry":{"type":"Polygon","coordinates":[[[31.493862,30.048523],[31.49404,30.0487],[31.493906,30.048826],[31.493728,30.048657],[31.493862,30.048523]]]},"properties":{"kind":"building"}},{"type":"Feature","geometry":{"type":"Polygon","coordinates":[[[31.494319,30.048928],[31.49453,30.049095],[31.494362,30.049253],[31.494151,30.049086],[31.494319,30.048928]]]},"properties":{"kind":"building"}},{"type":"Feature","geometry":{"type":"Polygon","coordinates":[[[31.494529,30.049096],[31.49474,30.049263],[31.494572,30.049421],[31.494362,30.049254],[31.494529,30.049096]]]},"properties":{"kind":"building"}},{"type":"Feature","geometry":{"type":"Polygon","coordinates":[[[31.495331,30.047451],[31.495431,30.047686],[31.495141,30.047778],[31.495041,30.047544],[31.495331,30.047451]]]},"properties":{"kind":"building"}},{"type":"Feature","geometry":{"type":"Polygon","coordinates":[[[31.49546,30.047761],[31.49556,30.047995],[31.49527,30.048088],[31.49517,30.047853],[31.49546,30.047761]]]},"properties":{"kind":"building"}},{"type":"Feature","geometry":{"type":"Polygon","coordinates":[[[31.49549,30.048022],[31.49559,30.048257],[31.4953,30.04835],[31.4952,30.048115],[31.49549,30.048022]]]},"properties":{"kind":"building"}},{"type":"Feature","geometry":{"type":"Polygon","coordinates":[[[31.495621,30.048327],[31.495721,30.048561],[31.495431,30.048654],[31.495331,30.04842],[31.495621,30.048327]]]},"properties":{"kind":"building"}},{"type":"Feature","geometry":{"type":"Polygon","coordinates":[[[31.495741,30.048651],[31.495841,30.048885],[31.495551,30.048978],[31.495451,30.048743],[31.495741,30.048651]]]},"properties":{"kind":"building"}},{"type":"Feature","geometry":{"type":"Polygon","coordinates":[[[31.494106,30.047936],[31.494254,30.048202],[31.493992,30.048248],[31.493881,30.048025],[31.494106,30.047936]]]},"properties":{"kind":"building"}},{"type":"Feature","geometry":{"type":"Polygon","coordinates":[[[31.494416,30.047704],[31.49469,30.047625],[31.494759,30.047805],[31.494485,30.047884],[31.494416,30.047704]]]},"properties":{"kind":"building"}},{"type":"Feature","geometry":{"type":"Polygon","coordinates":[[[31.494124,30.047788],[31.494398,30.047709],[31.494467,30.047889],[31.494193,30.047969],[31.494124,30.047788]]]},"properties":{"kind":"building"}},{"type":"Feature","geometry":{"type":"Polygon","coordinates":[[[31.494763,30.047219],[31.495037,30.04714],[31.495107,30.04732],[31.494833,30.047399],[31.494763,30.047219]]]},"properties":{"kind":"building"}},{"type":"Feature","geometry":{"type":"Polygon","coordinates":[[[31.494674,30.046986],[31.494948,30.046907],[31.495017,30.047087],[31.494743,30.047166],[31.494674,30.046986]]]},"properties":{"kind":"building"}},{"type":"Feature","geometry":{"type":"Polygon","coordinates":[[[31.494584,30.046746],[31.494858,30.046667],[31.494927,30.046847],[31.494653,30.046927],[31.494584,30.046746]]]},"properties":{"kind":"building"}},{"type":"Feature","geometry":{"type":"Polygon","coordinates":[[[31.494603,30.046184],[31.494699,30.046417],[31.494465,30.046489],[31.49437,30.046256],[31.494603,30.046184]]]},"properties":{"kind":"building"}},{"type":"Feature","geometry":{"type":"Polygon","coordinates":[[[31.49485,30.046108],[31.494946,30.046341],[31.494712,30.046413],[31.494616,30.04618],[31.49485,30.046108]]]},"properties":{"kind":"building"}},{"type":"Feature","geometry":{"type":"Polygon","coordinates":[[[31.494727,30.049601],[31.49473,30.049736],[31.49443,30.049741],[31.494427,30.049606],[31.494727,30.049601]]]},"properties":{"kind":"building"}},{"type":"Feature","geometry":{"type":"Polygon","coordinates":[[[31.494726,30.049465],[31.494729,30.049601],[31.494429,30.049606],[31.494426,30.049471],[31.494726,30.049465]]]},"properties":{"kind":"building"}},{"type":"Feature","geometry":{"type":"Polygon","coordinates":[[[31.494847,30.04922],[31.495223,30.049098],[31.495298,30.049273],[31.494923,30.049395],[31.494847,30.04922]]]},"properties":{"kind":"building"}},{"type":"Feature","geometry":{"type":"Polygon","coordinates":[[[31.49601,30.049277],[31.495887,30.049011],[31.495765,30.049266],[31.495803,30.049349],[31.49601,30.049277]]]},"properties":{"kind":"building"}},{"type":"Feature","geometry":{"type":"Polygon","coordinates":[[[31.49559,30.049102],[31.49588,30.049007],[31.495755,30.04926],[31.495671,30.049288],[31.49559,30.049102]]]},"properties":{"kind":"building"}},{"type":"Feature","geometry":{"type":"Polygon","coordinates":[[[31.515664,30.020273],[31.515614,30.020096],[31.515826,30.020072],[31.515863,30.020214],[31.515664,30.020273]]]},"properties":{"kind":"building"}},{"type":"Feature","geometry":{"type":"Polygon","coordinates":[[[31.485358,30.034179],[31.485559,30.034177],[31.485567,30.034805],[31.485366,30.034809],[31.485358,30.034179]]]},"properties":{"kind":"building"}},{"type":"Feature","geometry":{"type":"Polygon","coordinates":[[[31.489046,30.032254],[31.488541,30.032246],[31.488535,30.032485],[31.48904,30.032493],[31.489046,30.032254]]]},"properties":{"kind":"building"}},{"type":"Feature","geometry":{"type":"Polygon","coordinates":[[[31.488017,30.032486],[31.488022,30.032231],[31.48832,30.032236],[31.488314,30.032491],[31.488017,30.032486]]]},"properties":{"kind":"building"}},{"type":"Feature","geometry":{"type":"Polygon","coordinates":[[[31.487821,30.032837],[31.487812,30.033088],[31.488121,30.033096],[31.488129,30.032845],[31.487821,30.032837]]]},"properties":{"kind":"building"}},{"type":"Feature","geometry":{"type":"Polygon","coordinates":[[[31.488342,30.032845],[31.488683,30.032845],[31.488683,30.033101],[31.488342,30.033101],[31.488342,30.032845]]]},"properties":{"kind":"building"}},{"type":"Feature","geometry":{"type":"Polygon","coordinates":[[[31.483834,30.023813],[31.483929,30.023609],[31.484119,30.023661],[31.484044,30.023883],[31.483834,30.023813]]]},"properties":{"kind":"building"}},{"type":"Feature","geometry":{"type":"Polygon","coordinates":[[[31.484396,30.024367],[31.48455,30.024364],[31.484565,30.02453],[31.4844,30.024531],[31.484396,30.024367]]]},"properties":{"kind":"building"}},{"type":"Feature","geometry":{"type":"Polygon","coordinates":[[[31.484011,30.022979],[31.484179,30.022965],[31.484234,30.023148],[31.484083,30.023192],[31.484011,30.022979]]]},"properties":{"kind":"building"}},{"type":"Feature","geometry":{"type":"Polygon","coordinates":[[[31.484094,30.023221],[31.484251,30.02318],[31.484347,30.023352],[31.484203,30.023427],[31.484094,30.023221]]]},"properties":{"kind":"building"}},{"type":"Feature","geometry":{"type":"Polygon","coordinates":[[[31.48423,30.023428],[31.484372,30.023359],[31.484506,30.023515],[31.484372,30.023607],[31.48423,30.023428]]]},"properties":{"kind":"building"}},{"type":"Feature","geometry":{"type":"Polygon","coordinates":[[[31.475478,30.021739],[31.47603,30.021745],[31.476005,30.021255],[31.475456,30.02124],[31.475478,30.021739]]]},"properties":{"kind":"building"}},{"type":"Feature","geometry":{"type":"Polygon","coordinates":[[[31.487931,30.041114],[31.487897,30.041146],[31.487864,30.04112],[31.487898,30.041087],[31.487931,30.041114]]]},"properties":{"kind":"building"}},{"type":"Feature","geometry":{"type":"Polygon","coordinates":[[[31.479662,30.03898],[31.479643,30.038963],[31.47966,30.038949],[31.479679,30.038966],[31.479662,30.03898]]]},"properties":{"kind":"building"}},{"type":"Feature","geometry":{"type":"Polygon","coordinates":[[[31.505152,30.042605],[31.505498,30.042451],[31.505417,30.042342],[31.505101,30.04247],[31.505152,30.042605]]]},"properties":{"kind":"building"}},{"type":"Feature","geometry":{"type":"Polygon","coordinates":[[[31.472587,30.030171],[31.472842,30.030164],[31.472846,30.030299],[31.472592,30.030306],[31.472587,30.030171]]]},"properties":{"kind":"building"}},{"type":"Feature","geometry":{"type":"Polygon","coordinates":[[[31.472585,30.030481],[31.47258,30.030347],[31.472833,30.03034],[31.472838,30.030474],[31.472585,30.030481]]]},"properties":{"kind":"building"}},{"type":"Feature","geometry":{"type":"Polygon","coordinates":[[[31.472594,30.030519],[31.472846,30.030523],[31.472843,30.030657],[31.472591,30.030653],[31.472594,30.030519]]]},"properties":{"kind":"building"}},{"type":"Feature","geometry":{"type":"Polygon","coordinates":[[[31.472538,30.03029],[31.472283,30.030285],[31.472287,30.030151],[31.472541,30.030155],[31.472538,30.03029]]]},"properties":{"kind":"building"}},{"type":"Feature","geometry":{"type":"Polygon","coordinates":[[[31.472539,30.030331],[31.472542,30.030463],[31.472285,30.030466],[31.472282,30.030335],[31.472539,30.030331]]]},"properties":{"kind":"building"}},{"type":"Feature","geometry":{"type":"Polygon","coordinates":[[[31.472545,30.030514],[31.472539,30.030651],[31.472283,30.030642],[31.47229,30.030505],[31.472545,30.030514]]]},"properties":{"kind":"building"}},{"type":"Feature","geometry":{"type":"Polygon","coordinates":[[[31.472287,30.030832],[31.472286,30.030691],[31.472542,30.030689],[31.472543,30.030831],[31.472287,30.030832]]]},"properties":{"kind":"building"}},{"type":"Feature","geometry":{"type":"Polygon","coordinates":[[[31.4726,30.030701],[31.472603,30.030838],[31.472849,30.030835],[31.472847,30.030698],[31.4726,30.030701]]]},"properties":{"kind":"building"}},{"type":"Feature","geometry":{"type":"Polygon","coordinates":[[[31.472599,30.031024],[31.472852,30.031016],[31.472846,30.030866],[31.472592,30.030875],[31.472599,30.031024]]]},"properties":{"kind":"building"}},{"type":"Feature","geometry":{"type":"Polygon","coordinates":[[[31.472545,30.03087],[31.472547,30.031012],[31.472289,30.031015],[31.472287,30.030873],[31.472545,30.03087]]]},"properties":{"kind":"building"}},{"type":"Feature","geometry":{"type":"Polygon","coordinates":[[[31.472556,30.031206],[31.472296,30.031202],[31.472298,30.03106],[31.472559,30.031063],[31.472556,30.031206]]]},"properties":{"kind":"building"}},{"type":"Feature","geometry":{"type":"Polygon","coordinates":[[[31.472845,30.031062],[31.47285,30.031199],[31.472646,30.031203],[31.472642,30.031066],[31.472845,30.031062]]]},"properties":{"kind":"building"}},{"type":"Feature","geometry":{"type":"Polygon","coordinates":[[[31.472849,30.031242],[31.472853,30.031379],[31.47262,30.031384],[31.472616,30.031247],[31.472849,30.031242]]]},"properties":{"kind":"building"}},{"type":"Feature","geometry":{"type":"Polygon","coordinates":[[[31.47345,30.029998],[31.4736,30.029995],[31.473603,30.030109],[31.473453,30.030112],[31.47345,30.029998]]]},"properties":{"kind":"building"}},{"type":"Feature","geometry":{"type":"Polygon","coordinates":[[[31.47335,30.030155],[31.47335,30.030295],[31.473105,30.030296],[31.473105,30.030156],[31.47335,30.030155]]]},"properties":{"kind":"building"}},{"type":"Feature","geometry":{"type":"Polygon","coordinates":[[[31.473413,30.030295],[31.473412,30.030158],[31.47366,30.030156],[31.473662,30.030293],[31.473413,30.030295]]]},"properties":{"kind":"building"}},{"type":"Feature","geometry":{"type":"Polygon","coordinates":[[[31.4731,30.030463],[31.473095,30.030331],[31.473337,30.030324],[31.473342,30.030456],[31.4731,30.030463]]]},"properties":{"kind":"building"}},{"type":"Feature","geometry":{"type":"Polygon","coordinates":[[[31.473359,30.030516],[31.473362,30.030648],[31.473114,30.030652],[31.473111,30.03052],[31.473359,30.030516]]]},"properties":{"kind":"building"}},{"type":"Feature","geometry":{"type":"Polygon","coordinates":[[[31.473099,30.030691],[31.47334,30.030693],[31.473339,30.030823],[31.473098,30.030821],[31.473099,30.030691]]]},"properties":{"kind":"building"}},{"type":"Feature","geometry":{"type":"Polygon","coordinates":[[[31.473101,30.030862],[31.473342,30.030866],[31.473339,30.031011],[31.473098,30.031007],[31.473101,30.030862]]]},"properties":{"kind":"building"}},{"type":"Feature","geometry":{"type":"Polygon","coordinates":[[[31.473661,30.030865],[31.473663,30.031013],[31.473425,30.031016],[31.473422,30.030868],[31.473661,30.030865]]]},"properties":{"kind":"building"}},{"type":"Feature","geometry":{"type":"Polygon","coordinates":[[[31.473647,30.030681],[31.473653,30.030825],[31.473419,30.030832],[31.473414,30.030688],[31.473647,30.030681]]]},"properties":{"kind":"building"}},{"type":"Feature","geometry":{"type":"Polygon","coordinates":[[[31.473411,30.03052],[31.473655,30.030518],[31.473656,30.030651],[31.473412,30.030653],[31.473411,30.03052]]]},"properties":{"kind":"building"}},{"type":"Feature","geometry":{"type":"Polygon","coordinates":[[[31.473409,30.030331],[31.473642,30.030328],[31.473644,30.03046],[31.473411,30.030462],[31.473409,30.030331]]]},"properties":{"kind":"building"}},{"type":"Feature","geometry":{"type":"Polygon","coordinates":[[[31.47162,30.030857],[31.471623,30.030628],[31.471781,30.030629],[31.471778,30.030858],[31.47162,30.030857]]]},"properties":{"kind":"building"}},{"type":"Feature","geometry":{"type":"Polygon","coordinates":[[[31.471411,30.030931],[31.471558,30.030928],[31.471564,30.031146],[31.471417,30.031149],[31.471411,30.030931]]]},"properties":{"kind":"building"}},{"type":"Feature","geometry":{"type":"Polygon","coordinates":[[[31.471834,30.030929],[31.471987,30.03093],[31.471985,30.031149],[31.471832,30.031147],[31.471834,30.030929]]]},"properties":{"kind":"building"}},{"type":"Feature","geometry":{"type":"Polygon","coordinates":[[[31.471565,30.030636],[31.47157,30.030858],[31.471411,30.030861],[31.471405,30.030639],[31.471565,30.030636]]]},"properties":{"kind":"building"}},{"type":"Feature","geometry":{"type":"Polygon","coordinates":[[[31.471127,30.031147],[31.47113,30.030934],[31.471269,30.030935],[31.471267,30.031149],[31.471127,30.031147]]]},"properties":{"kind":"building"}},{"type":"Feature","geometry":{"type":"Polygon","coordinates":[[[31.470916,30.031153],[31.47091,30.030931],[31.471058,30.030928],[31.471064,30.03115],[31.470916,30.031153]]]},"properties":{"kind":"building"}},{"type":"Feature","geometry":{"type":"Polygon","coordinates":[[[31.470858,30.030935],[31.470859,30.031142],[31.470652,30.031143],[31.470651,30.030936],[31.470858,30.030935]]]},"properties":{"kind":"building"}},{"type":"Feature","geometry":{"type":"Polygon","coordinates":[[[31.471264,30.030655],[31.471269,30.030857],[31.471124,30.03086],[31.471119,30.030658],[31.471264,30.030655]]]},"properties":{"kind":"building"}},{"type":"Feature","geometry":{"type":"Polygon","coordinates":[[[31.470172,30.030929],[31.470388,30.030923],[31.470395,30.031135],[31.47018,30.031141],[31.470172,30.030929]]]},"properties":{"kind":"building"}},{"type":"Feature","geometry":{"type":"Polygon","coordinates":[[[31.469844,30.030714],[31.469905,30.030588],[31.470147,30.030676],[31.470085,30.030802],[31.469844,30.030714]]]},"properties":{"kind":"building"}},{"type":"Feature","geometry":{"type":"Polygon","coordinates":[[[31.470087,30.030419],[31.470266,30.030571],[31.470155,30.030669],[31.469976,30.030516],[31.470087,30.030419]]]},"properties":{"kind":"building"}},{"type":"Feature","geometry":{"type":"Polygon","coordinates":[[[31.470232,30.030297],[31.470412,30.030447],[31.470306,30.030543],[31.470125,30.030393],[31.470232,30.030297]]]},"properties":{"kind":"building"}},{"type":"Feature","geometry":{"type":"Polygon","coordinates":[[[31.470468,30.030509],[31.470364,30.030594],[31.47053,30.030746],[31.470634,30.03066],[31.470468,30.030509]]]},"properties":{"kind":"building"}},{"type":"Feature","geometry":{"type":"Polygon","coordinates":[[[31.470277,30.030279],[31.470383,30.030176],[31.47057,30.030321],[31.470464,30.030424],[31.470277,30.030279]]]},"properties":{"kind":"building"}},{"type":"Feature","geometry":{"type":"Polygon","coordinates":[[[31.470771,30.03053],[31.47065,30.030611],[31.470509,30.030453],[31.47063,30.030372],[31.470771,30.03053]]]},"properties":{"kind":"building"}},{"type":"Feature","geometry":{"type":"Polygon","coordinates":[[[31.470683,30.030049],[31.470852,30.030026],[31.470889,30.030234],[31.47072,30.030256],[31.470683,30.030049]]]},"properties":{"kind":"building"}},{"type":"Feature","geometry":{"type":"Polygon","coordinates":[[[31.470721,30.030325],[31.470862,30.030286],[31.470932,30.030475],[31.470791,30.030514],[31.470721,30.030325]]]},"properties":{"kind":"building"}},{"type":"Feature","geometry":{"type":"Polygon","coordinates":[[[31.471108,30.030263],[31.471127,30.030449],[31.470983,30.03046],[31.470964,30.030274],[31.471108,30.030263]]]},"properties":{"kind":"building"}},{"type":"Feature","geometry":{"type":"Polygon","coordinates":[[[31.470936,30.029978],[31.4711,30.02996],[31.471133,30.030185],[31.470969,30.030203],[31.470936,30.029978]]]},"properties":{"kind":"building"}},{"type":"Feature","geometry":{"type":"Polygon","coordinates":[[[31.47117,30.030241],[31.471333,30.030236],[31.471342,30.030456],[31.471179,30.030461],[31.47117,30.030241]]]},"properties":{"kind":"building"}},{"type":"Feature","geometry":{"type":"Polygon","coordinates":[[[31.47118,30.029954],[31.471344,30.029951],[31.47135,30.030169],[31.471186,30.030172],[31.47118,30.029954]]]},"properties":{"kind":"building"}},{"type":"Feature","geometry":{"type":"Polygon","coordinates":[[[31.471395,30.030221],[31.471543,30.030223],[31.471539,30.030438],[31.471391,30.030436],[31.471395,30.030221]]]},"properties":{"kind":"building"}},{"type":"Feature","geometry":{"type":"Polygon","coordinates":[[[31.472558,30.031496],[31.472555,30.031636],[31.472299,30.031631],[31.472302,30.031492],[31.472558,30.031496]]]},"properties":{"kind":"building"}},{"type":"Feature","geometry":{"type":"Polygon","coordinates":[[[31.472305,30.031812],[31.472306,30.031675],[31.472547,30.031675],[31.472547,30.031812],[31.472305,30.031812]]]},"properties":{"kind":"building"}},{"type":"Feature","geometry":{"type":"Polygon","coordinates":[[[31.472568,30.03186],[31.472563,30.031999],[31.472306,30.031992],[31.47231,30.031853],[31.472568,30.03186]]]},"properties":{"kind":"building"}},{"type":"Feature","geometry":{"type":"Polygon","coordinates":[[[31.472568,30.032175],[31.472305,30.032179],[31.472302,30.032041],[31.472565,30.032037],[31.472568,30.032175]]]},"properties":{"kind":"building"}},{"type":"Feature","geometry":{"type":"Polygon","coordinates":[[[31.472568,30.032217],[31.472573,30.032356],[31.472315,30.032363],[31.472311,30.032223],[31.472568,30.032217]]]},"properties":{"kind":"building"}},{"type":"Feature","geometry":{"type":"Polygon","coordinates":[[[31.472314,30.032539],[31.472583,30.032534],[31.472579,30.032384],[31.47231,30.03239],[31.472314,30.032539]]]},"properties":{"kind":"building"}},{"type":"Feature","geometry":{"type":"Polygon","coordinates":[[[31.47265,30.032591],[31.47287,30.032587],[31.472873,30.032743],[31.472653,30.032746],[31.47265,30.032591]]]},"properties":{"kind":"building"}},{"type":"Feature","geometry":{"type":"Polygon","coordinates":[[[31.47265,30.032543],[31.472647,30.032399],[31.472891,30.032395],[31.472894,30.032539],[31.47265,30.032543]]]},"properties":{"kind":"building"}},{"type":"Feature","geometry":{"type":"Polygon","coordinates":[[[31.472648,30.032215],[31.472886,30.032221],[31.472882,30.03236],[31.472644,30.032355],[31.472648,30.032215]]]},"properties":{"kind":"building"}},{"type":"Feature","geometry":{"type":"Polygon","coordinates":[[[31.472626,30.032036],[31.472876,30.032038],[31.472874,30.032178],[31.472624,30.032176],[31.472626,30.032036]]]},"properties":{"kind":"building"}},{"type":"Feature","geometry":{"type":"Polygon","coordinates":[[[31.472833,30.031857],[31.472837,30.031995],[31.472606,30.032],[31.472603,30.031862],[31.472833,30.031857]]]},"properties":{"kind":"building"}},{"type":"Feature","geometry":{"type":"Polygon","coordinates":[[[31.472835,30.031805],[31.472597,30.031811],[31.472592,30.031678],[31.472831,30.031672],[31.472835,30.031805]]]},"properties":{"kind":"building"}},{"type":"Feature","geometry":{"type":"Polygon","coordinates":[[[31.47261,30.031496],[31.472611,30.031641],[31.47285,30.031641],[31.47285,30.031495],[31.47261,30.031496]]]},"properties":{"kind":"building"}},{"type":"Feature","geometry":{"type":"Polygon","coordinates":[[[31.471565,30.031942],[31.471951,30.031939],[31.471949,30.031764],[31.471563,30.031767],[31.471565,30.031942]]]},"properties":{"kind":"building"}},{"type":"Feature","geometry":{"type":"Polygon","coordinates":[[[31.473369,30.032583],[31.473376,30.03274],[31.473143,30.032747],[31.473136,30.03259],[31.473369,30.032583]]]},"properties":{"kind":"building"}},{"type":"Feature","geometry":{"type":"Polygon","coordinates":[[[31.473117,30.032399],[31.473371,30.032394],[31.473374,30.032537],[31.473121,30.032542],[31.473117,30.032399]]]},"properties":{"kind":"building"}},{"type":"Feature","geometry":{"type":"Polygon","coordinates":[[[31.473362,30.032214],[31.473362,30.032353],[31.473121,30.032353],[31.473121,30.032214],[31.473362,30.032214]]]},"properties":{"kind":"building"}},{"type":"Feature","geometry":{"type":"Polygon","coordinates":[[[31.473112,30.03218],[31.473372,30.032175],[31.473368,30.032028],[31.473108,30.032033],[31.473112,30.03218]]]},"properties":{"kind":"building"}},{"type":"Feature","geometry":{"type":"Polygon","coordinates":[[[31.473115,30.031856],[31.473359,30.031849],[31.473364,30.031983],[31.47312,30.03199],[31.473115,30.031856]]]},"properties":{"kind":"building"}},{"type":"Feature","geometry":{"type":"Polygon","coordinates":[[[31.473358,30.031804],[31.473112,30.031806],[31.47311,30.031664],[31.473357,30.031662],[31.473358,30.031804]]]},"properties":{"kind":"building"}},{"type":"Feature","geometry":{"type":"Polygon","coordinates":[[[31.473685,30.03166],[31.473688,30.031809],[31.473452,30.031813],[31.473449,30.031664],[31.473685,30.03166]]]},"properties":{"kind":"building"}},{"type":"Feature","geometry":{"type":"Polygon","coordinates":[[[31.473457,30.031989],[31.47346,30.031852],[31.473695,30.031855],[31.473692,30.031992],[31.473457,30.031989]]]},"properties":{"kind":"building"}},{"type":"Feature","geometry":{"type":"Polygon","coordinates":[[[31.473462,30.03204],[31.473671,30.032037],[31.473675,30.032176],[31.473465,30.03218],[31.473462,30.03204]]]},"properties":{"kind":"building"}},{"type":"Feature","geometry":{"type":"Polygon","coordinates":[[[31.473471,30.032219],[31.473693,30.032214],[31.473698,30.032351],[31.473475,30.032356],[31.473471,30.032219]]]},"properties":{"kind":"building"}},{"type":"Feature","geometry":{"type":"Polygon","coordinates":[[[31.473458,30.032404],[31.473689,30.0324],[31.473692,30.032532],[31.473461,30.032536],[31.473458,30.032404]]]},"properties":{"kind":"building"}},{"type":"Feature","geometry":{"type":"Polygon","coordinates":[[[31.472301,30.02952],[31.472497,30.029521],[31.472496,30.029734],[31.4723,30.029733],[31.472301,30.02952]]]},"properties":{"kind":"building"}},{"type":"Feature","geometry":{"type":"Polygon","coordinates":[[[31.47256,30.029526],[31.472713,30.029523],[31.472718,30.029738],[31.472565,30.02974],[31.47256,30.029526]]]},"properties":{"kind":"building"}},{"type":"Feature","geometry":{"type":"Polygon","coordinates":[[[31.472778,30.029528],[31.472941,30.029528],[31.472941,30.029743],[31.472778,30.029743],[31.472778,30.029528]]]},"properties":{"kind":"building"}},{"type":"Feature","geometry":{"type":"Polygon","coordinates":[[[31.473137,30.029521],[31.473143,30.029733],[31.472995,30.029735],[31.47299,30.029524],[31.473137,30.029521]]]},"properties":{"kind":"building"}},{"type":"Feature","geometry":{"type":"Polygon","coordinates":[[[31.473197,30.029524],[31.47334,30.029522],[31.473345,30.029729],[31.473202,30.029732],[31.473197,30.029524]]]},"properties":{"kind":"building"}},{"type":"Feature","geometry":{"type":"Polygon","coordinates":[[[31.473362,30.029734],[31.473365,30.029522],[31.47352,30.029524],[31.473517,30.029735],[31.473362,30.029734]]]},"properties":{"kind":"building"}},{"type":"Feature","geometry":{"type":"Polygon","coordinates":[[[31.472771,30.029245],[31.472938,30.029245],[31.472938,30.02947],[31.472771,30.02947],[31.472771,30.029245]]]},"properties":{"kind":"building"}},{"type":"Feature","geometry":{"type":"Polygon","coordinates":[[[31.473141,30.029464],[31.472995,30.02946],[31.473002,30.029249],[31.473148,30.029253],[31.473141,30.029464]]]},"properties":{"kind":"building"}},{"type":"Feature","geometry":{"type":"Polygon","coordinates":[[[31.473201,30.029242],[31.473357,30.029242],[31.473356,30.029466],[31.473201,30.029466],[31.473201,30.029242]]]},"properties":{"kind":"building"}},{"type":"Feature","geometry":{"type":"Polygon","coordinates":[[[31.473578,30.029481],[31.473679,30.029268],[31.473835,30.029324],[31.473733,30.029537],[31.473578,30.029481]]]},"properties":{"kind":"building"}},{"type":"Feature","geometry":{"type":"Polygon","coordinates":[[[31.473769,30.029533],[31.473906,30.029612],[31.474037,30.029443],[31.4739,30.029364],[31.473769,30.029533]]]},"properties":{"kind":"building"}},{"type":"Feature","geometry":{"type":"Polygon","coordinates":[[[31.474115,30.029471],[31.474232,30.029578],[31.474018,30.029752],[31.473902,30.029644],[31.474115,30.029471]]]},"properties":{"kind":"building"}},{"type":"Feature","geometry":{"type":"Polygon","coordinates":[[[31.474179,30.03004],[31.47412,30.029909],[31.474375,30.029823],[31.474434,30.029954],[31.474179,30.03004]]]},"properties":{"kind":"building"}},{"type":"Feature","geometry":{"type":"Polygon","coordinates":[[[31.474216,30.030042],[31.474415,30.030038],[31.474418,30.030189],[31.47422,30.030193],[31.474216,30.030042]]]},"properties":{"kind":"building"}},{"type":"Feature","geometry":{"type":"Polygon","coordinates":[[[31.473459,30.04892],[31.473546,30.048712],[31.473721,30.048767],[31.473635,30.048975],[31.473459,30.04892]]]},"properties":{"kind":"building"}},{"type":"Feature","geometry":{"type":"Polygon","coordinates":[[[31.497437,30.022669],[31.497525,30.022597],[31.497466,30.022542],[31.497378,30.022615],[31.497437,30.022669]]]},"properties":{"kind":"building"}},{"type":"Feature","geometry":{"type":"Polygon","coordinates":[[[31.492524,30.027358],[31.492575,30.027358],[31.492576,30.027276],[31.492525,30.027276],[31.492524,30.027358]]]},"properties":{"kind":"building"}},{"type":"Feature","geometry":{"type":"Polygon","coordinates":[[[31.492571,30.02751],[31.492528,30.027509],[31.492528,30.027377],[31.492571,30.027377],[31.492571,30.02751]]]},"properties":{"kind":"building"}},{"type":"Feature","geometry":{"type":"Polygon","coordinates":[[[31.492527,30.027631],[31.49257,30.027631],[31.49257,30.02781],[31.492527,30.02781],[31.492527,30.027631]]]},"properties":{"kind":"building"}},{"type":"Feature","geometry":{"type":"Polygon","coordinates":[[[31.492528,30.02753],[31.492571,30.02753],[31.49257,30.027608],[31.492528,30.027607],[31.492528,30.02753]]]},"properties":{"kind":"building"}},{"type":"Feature","geometry":{"type":"Polygon","coordinates":[[[31.491057,30.027198],[31.491148,30.027196],[31.491149,30.027276],[31.491058,30.027277],[31.491057,30.027198]]]},"properties":{"kind":"building"}},{"type":"Feature","geometry":{"type":"Polygon","coordinates":[[[31.498334,30.021723],[31.498359,30.021701],[31.498309,30.02166],[31.498284,30.021682],[31.498334,30.021723]]]},"properties":{"kind":"building"}},{"type":"Feature","geometry":{"type":"Polygon","coordinates":[[[31.497638,30.021667],[31.497685,30.021625],[31.497639,30.021586],[31.497592,30.021628],[31.497638,30.021667]]]},"properties":{"kind":"building"}},{"type":"Feature","geometry":{"type":"Polygon","coordinates":[[[31.499345,30.02334],[31.499326,30.023354],[31.499301,30.02333],[31.49932,30.023315],[31.499345,30.02334]]]},"properties":{"kind":"building"}},{"type":"Feature","geometry":{"type":"Polygon","coordinates":[[[31.499326,30.023354],[31.499281,30.023389],[31.499256,30.023364],[31.499301,30.02333],[31.499326,30.023354]]]},"properties":{"kind":"building"}},{"type":"Feature","geometry":{"type":"Polygon","coordinates":[[[31.497124,30.02402],[31.497101,30.024041],[31.497083,30.024026],[31.497106,30.024005],[31.497124,30.02402]]]},"properties":{"kind":"building"}},{"type":"Feature","geometry":{"type":"Polygon","coordinates":[[[31.499426,30.02309],[31.499357,30.023091],[31.499357,30.023029],[31.499426,30.023028],[31.499426,30.02309]]]},"properties":{"kind":"building"}},{"type":"Feature","geometry":{"type":"Polygon","coordinates":[[[31.502351,30.022671],[31.502317,30.022685],[31.502293,30.022639],[31.502327,30.022626],[31.502351,30.022671]]]},"properties":{"kind":"building"}},{"type":"Feature","geometry":{"type":"Polygon","coordinates":[[[31.499501,30.024111],[31.49959,30.024066],[31.499611,30.024096],[31.499522,30.024141],[31.499501,30.024111]]]},"properties":{"kind":"building"}},{"type":"Feature","geometry":{"type":"Polygon","coordinates":[[[31.49657,30.021557],[31.496633,30.021568],[31.496639,30.021541],[31.496576,30.02153],[31.49657,30.021557]]]},"properties":{"kind":"building"}},{"type":"Feature","geometry":{"type":"Polygon","coordinates":[[[31.490899,30.026893],[31.490932,30.026892],[31.490931,30.026859],[31.490898,30.026859],[31.490899,30.026893]]]},"properties":{"kind":"building"}},{"type":"Feature","geometry":{"type":"Polygon","coordinates":[[[31.4909,30.026976],[31.490943,30.026976],[31.490942,30.026912],[31.490899,30.026913],[31.4909,30.026976]]]},"properties":{"kind":"building"}},{"type":"Feature","geometry":{"type":"Polygon","coordinates":[[[31.490902,30.02705],[31.490903,30.02712],[31.490946,30.02712],[31.490944,30.02705],[31.490902,30.02705]]]},"properties":{"kind":"building"}},{"type":"Feature","geometry":{"type":"Polygon","coordinates":[[[31.490943,30.026976],[31.490944,30.027039],[31.490901,30.02704],[31.4909,30.026976],[31.490943,30.026976]]]},"properties":{"kind":"building"}},{"type":"Feature","geometry":{"type":"Polygon","coordinates":[[[31.496713,30.022911],[31.496713,30.022886],[31.496789,30.022887],[31.49679,30.022911],[31.496713,30.022911]]]},"properties":{"kind":"building"}},{"type":"Feature","geometry":{"type":"Polygon","coordinates":[[[31.496704,30.022886],[31.496704,30.022911],[31.49663,30.022911],[31.49663,30.022885],[31.496704,30.022886]]]},"properties":{"kind":"building"}},{"type":"Feature","geometry":{"type":"Polygon","coordinates":[[[31.492536,30.026334],[31.492534,30.026232],[31.492477,30.026233],[31.49248,30.026335],[31.492536,30.026334]]]},"properties":{"kind":"building"}},{"type":"Feature","geometry":{"type":"Polygon","coordinates":[[[31.492559,30.026069],[31.492561,30.02614],[31.492504,30.026141],[31.492503,30.02607],[31.492559,30.026069]]]},"properties":{"kind":"building"}},{"type":"Feature","geometry":{"type":"Polygon","coordinates":[[[31.492525,30.026596],[31.492524,30.026545],[31.49257,30.026544],[31.492571,30.026595],[31.492525,30.026596]]]},"properties":{"kind":"building"}},{"type":"Feature","geometry":{"type":"Polygon","coordinates":[[[31.492572,30.026625],[31.492526,30.026626],[31.492528,30.026725],[31.492574,30.026725],[31.492572,30.026625]]]},"properties":{"kind":"building"}},{"type":"Feature","geometry":{"type":"Polygon","coordinates":[[[31.492574,30.026725],[31.492528,30.026725],[31.492531,30.026849],[31.492577,30.026848],[31.492574,30.026725]]]},"properties":{"kind":"building"}},{"type":"Feature","geometry":{"type":"Polygon","coordinates":[[[31.492526,30.026626],[31.492572,30.026625],[31.492571,30.026599],[31.492525,30.0266],[31.492526,30.026626]]]},"properties":{"kind":"building"}},{"type":"Feature","geometry":{"type":"Polygon","coordinates":[[[31.492526,30.026916],[31.492578,30.026916],[31.492577,30.026855],[31.492525,30.026855],[31.492526,30.026916]]]},"properties":{"kind":"building"}},{"type":"Feature","geometry":{"type":"Polygon","coordinates":[[[31.492559,30.026069],[31.492557,30.025962],[31.4925,30.025963],[31.492503,30.02607],[31.492559,30.026069]]]},"properties":{"kind":"building"}},{"type":"Feature","geometry":{"type":"Polygon","coordinates":[[[31.492526,30.026916],[31.492528,30.026964],[31.492579,30.026963],[31.492578,30.026916],[31.492526,30.026916]]]},"properties":{"kind":"building"}},{"type":"Feature","geometry":{"type":"Polygon","coordinates":[[[31.492503,30.027228],[31.492557,30.027228],[31.492557,30.027166],[31.492503,30.027166],[31.492503,30.027228]]]},"properties":{"kind":"building"}},{"type":"Feature","geometry":{"type":"Polygon","coordinates":[[[31.492509,30.027261],[31.492542,30.027261],[31.492542,30.027231],[31.492508,30.027231],[31.492509,30.027261]]]},"properties":{"kind":"building"}},{"type":"Feature","geometry":{"type":"Polygon","coordinates":[[[31.491177,30.028365],[31.491176,30.028335],[31.491257,30.028333],[31.491257,30.028363],[31.491177,30.028365]]]},"properties":{"kind":"building"}},{"type":"Feature","geometry":{"type":"Polygon","coordinates":[[[31.496711,30.022817],[31.496774,30.022816],[31.496774,30.022793],[31.49671,30.022794],[31.496711,30.022817]]]},"properties":{"kind":"building"}},{"type":"Feature","geometry":{"type":"Polygon","coordinates":[[[31.470429,30.044604],[31.470582,30.044604],[31.470582,30.044428],[31.470429,30.044428],[31.470429,30.044604]]]},"properties":{"kind":"building"}},{"type":"Feature","geometry":{"type":"Polygon","coordinates":[[[31.470228,30.045406],[31.470381,30.045407],[31.470382,30.045223],[31.470229,30.045222],[31.470228,30.045406]]]},"properties":{"kind":"building"}},{"type":"Feature","geometry":{"type":"Polygon","coordinates":[[[31.470887,30.045445],[31.471031,30.045494],[31.471143,30.045328],[31.470939,30.045254],[31.470887,30.045445]]]},"properties":{"kind":"building"}},{"type":"Feature","geometry":{"type":"Polygon","coordinates":[[[31.471069,30.045533],[31.471209,30.045591],[31.471317,30.045416],[31.471181,30.045354],[31.471069,30.045533]]]},"properties":{"kind":"building"}},{"type":"Feature","geometry":{"type":"Polygon","coordinates":[[[31.471091,30.045853],[31.471226,30.045921],[31.471354,30.045729],[31.471218,30.045661],[31.471091,30.045853]]]},"properties":{"kind":"building"}},{"type":"Feature","geometry":{"type":"Polygon","coordinates":[[[31.470905,30.045773],[31.471029,30.045832],[31.471163,30.045646],[31.471024,30.045587],[31.470905,30.045773]]]},"properties":{"kind":"building"}},{"type":"Feature","geometry":{"type":"Polygon","coordinates":[[[31.478684,30.048702],[31.478756,30.0487],[31.47874,30.048246],[31.478668,30.048248],[31.478684,30.048702]]]},"properties":{"kind":"building"}},{"type":"Feature","geometry":{"type":"Polygon","coordinates":[[[31.470295,30.044867],[31.470492,30.044869],[31.470495,30.044671],[31.470298,30.044669],[31.470295,30.044867]]]},"properties":{"kind":"building"}},{"type":"Feature","geometry":{"type":"Polygon","coordinates":[[[31.471486,30.043836],[31.471721,30.043841],[31.471726,30.043711],[31.47149,30.043706],[31.471486,30.043836]]]},"properties":{"kind":"building"}},{"type":"Feature","geometry":{"type":"Polygon","coordinates":[[[31.472176,30.044661],[31.4722,30.044637],[31.472169,30.044614],[31.472145,30.044638],[31.472176,30.044661]]]},"properties":{"kind":"building"}},{"type":"Feature","geometry":{"type":"Polygon","coordinates":[[[31.473594,30.044803],[31.47364,30.044803],[31.47364,30.044773],[31.473594,30.044773],[31.473594,30.044803]]]},"properties":{"kind":"building"}},{"type":"Feature","geometry":{"type":"Polygon","coordinates":[[[31.473453,30.046678],[31.473509,30.046677],[31.473508,30.046645],[31.473452,30.046646],[31.473453,30.046678]]]},"properties":{"kind":"building"}},{"type":"Feature","geometry":{"type":"Polygon","coordinates":[[[31.472633,30.047262],[31.472694,30.047261],[31.472693,30.047225],[31.472633,30.047226],[31.472633,30.047262]]]},"properties":{"kind":"building"}},{"type":"Feature","geometry":{"type":"Polygon","coordinates":[[[31.471296,30.046282],[31.471317,30.046263],[31.471284,30.046236],[31.471263,30.046254],[31.471296,30.046282]]]},"properties":{"kind":"building"}},{"type":"Feature","geometry":{"type":"Polygon","coordinates":[[[31.471266,30.047316],[31.47131,30.047317],[31.471311,30.047288],[31.471267,30.047287],[31.471266,30.047316]]]},"properties":{"kind":"building"}},{"type":"Feature","geometry":{"type":"Polygon","coordinates":[[[31.470065,30.047234],[31.470085,30.047214],[31.470048,30.047186],[31.470028,30.047207],[31.470065,30.047234]]]},"properties":{"kind":"building"}},{"type":"Feature","geometry":{"type":"Polygon","coordinates":[[[31.469974,30.045972],[31.470026,30.045971],[31.470025,30.045938],[31.469973,30.045939],[31.469974,30.045972]]]},"properties":{"kind":"building"}},{"type":"Feature","geometry":{"type":"Polygon","coordinates":[[[31.469958,30.044129],[31.47001,30.044129],[31.47001,30.044097],[31.469958,30.044097],[31.469958,30.044129]]]},"properties":{"kind":"building"}},{"type":"Feature","geometry":{"type":"Polygon","coordinates":[[[31.470673,30.043498],[31.470721,30.043498],[31.470721,30.043468],[31.470672,30.043468],[31.470673,30.043498]]]},"properties":{"kind":"building"}},{"type":"Feature","geometry":{"type":"Polygon","coordinates":[[[31.472113,30.043483],[31.472156,30.043485],[31.472157,30.043457],[31.472114,30.043456],[31.472113,30.043483]]]},"properties":{"kind":"building"}},{"type":"Feature","geometry":{"type":"Polygon","coordinates":[[[31.47336,30.043506],[31.47343,30.043509],[31.473432,30.043472],[31.473363,30.043469],[31.47336,30.043506]]]},"properties":{"kind":"building"}},{"type":"Feature","geometry":{"type":"Polygon","coordinates":[[[31.477556,30.043501],[31.477634,30.0435],[31.477633,30.043436],[31.477556,30.043436],[31.477556,30.043501]]]},"properties":{"kind":"building"}},{"type":"Feature","geometry":{"type":"Polygon","coordinates":[[[31.479451,30.044091],[31.479557,30.04409],[31.479557,30.044023],[31.479451,30.044023],[31.479451,30.044091]]]},"properties":{"kind":"building"}},{"type":"Feature","geometry":{"type":"Polygon","coordinates":[[[31.479553,30.044017],[31.479635,30.044015],[31.479633,30.043954],[31.479551,30.043956],[31.479553,30.044017]]]},"properties":{"kind":"building"}},{"type":"Feature","geometry":{"type":"Polygon","coordinates":[[[31.483308,30.046865],[31.483393,30.046776],[31.483188,30.046631],[31.483104,30.04672],[31.483308,30.046865]]]},"properties":{"kind":"building"}},{"type":"Feature","geometry":{"type":"Polygon","coordinates":[[[31.48359,30.049333],[31.483633,30.049372],[31.4837,30.049316],[31.483657,30.049277],[31.48359,30.049333]]]},"properties":{"kind":"building"}},{"type":"Feature","geometry":{"type":"Polygon","coordinates":[[[31.472871,30.049281],[31.472921,30.049285],[31.472925,30.049255],[31.472874,30.049251],[31.472871,30.049281]]]},"properties":{"kind":"building"}},{"type":"Feature","geometry":{"type":"Polygon","coordinates":[[[31.471277,30.049238],[31.471337,30.049238],[31.471337,30.0492],[31.471277,30.0492],[31.471277,30.049238]]]},"properties":{"kind":"building"}},{"type":"Feature","geometry":{"type":"Polygon","coordinates":[[[31.470092,30.049327],[31.470113,30.049345],[31.47015,30.049313],[31.470129,30.049295],[31.470092,30.049327]]]},"properties":{"kind":"building"}},{"type":"Feature","geometry":{"type":"Polygon","coordinates":[[[31.473062,30.046107],[31.473216,30.046108],[31.473218,30.045918],[31.473063,30.045917],[31.473062,30.046107]]]},"properties":{"kind":"building"}},{"type":"Feature","geometry":{"type":"Polygon","coordinates":[[[31.473996,30.044588],[31.474223,30.044587],[31.474221,30.044445],[31.473995,30.044447],[31.473996,30.044588]]]},"properties":{"kind":"building"}},{"type":"Feature","geometry":{"type":"Polygon","coordinates":[[[31.478211,30.0498],[31.478275,30.0498],[31.478275,30.049727],[31.47821,30.049728],[31.478211,30.0498]]]},"properties":{"kind":"building"}},{"type":"Feature","geometry":{"type":"Polygon","coordinates":[[[31.476781,30.04464],[31.476854,30.044639],[31.476853,30.044576],[31.476779,30.044577],[31.476781,30.04464]]]},"properties":{"kind":"building"}},{"type":"Feature","geometry":{"type":"Polygon","coordinates":[[[31.476492,30.044643],[31.476565,30.044642],[31.476564,30.04458],[31.476491,30.04458],[31.476492,30.044643]]]},"properties":{"kind":"building"}},{"type":"Feature","geometry":{"type":"Polygon","coordinates":[[[31.476202,30.044644],[31.476276,30.044643],[31.476275,30.04458],[31.476201,30.044581],[31.476202,30.044644]]]},"properties":{"kind":"building"}},{"type":"Feature","geometry":{"type":"Polygon","coordinates":[[[31.471985,30.049562],[31.472227,30.049566],[31.472229,30.049431],[31.471987,30.049427],[31.471985,30.049562]]]},"properties":{"kind":"building"}},{"type":"Feature","geometry":{"type":"Polygon","coordinates":[[[31.471667,30.049564],[31.471909,30.049568],[31.471912,30.049433],[31.47167,30.049429],[31.471667,30.049564]]]},"properties":{"kind":"building"}},{"type":"Feature","geometry":{"type":"Polygon","coordinates":[[[31.471613,30.048929],[31.471771,30.048929],[31.471771,30.048709],[31.471613,30.048709],[31.471613,30.048929]]]},"properties":{"kind":"building"}},{"type":"Feature","geometry":{"type":"Polygon","coordinates":[[[31.471991,30.047076],[31.472219,30.047081],[31.472223,30.046945],[31.471995,30.04694],[31.471991,30.047076]]]},"properties":{"kind":"building"}},{"type":"Feature","geometry":{"type":"Polygon","coordinates":[[[31.472845,30.045572],[31.473003,30.045573],[31.473006,30.045363],[31.472849,30.045361],[31.472845,30.045572]]]},"properties":{"kind":"building"}},{"type":"Feature","geometry":{"type":"Polygon","coordinates":[[[31.47397,30.044405],[31.474235,30.044405],[31.474235,30.044259],[31.47397,30.044259],[31.47397,30.044405]]]},"properties":{"kind":"building"}},{"type":"Feature","geometry":{"type":"Polygon","coordinates":[[[31.47397,30.043947],[31.474237,30.043949],[31.474239,30.043803],[31.473972,30.0438],[31.47397,30.043947]]]},"properties":{"kind":"building"}},{"type":"Feature","geometry":{"type":"Polygon","coordinates":[[[31.483438,30.047688],[31.483474,30.047708],[31.483499,30.047673],[31.483463,30.047653],[31.483438,30.047688]]]},"properties":{"kind":"building"}},{"type":"Feature","geometry":{"type":"Polygon","coordinates":[[[31.48384,30.048566],[31.483906,30.048567],[31.483907,30.048478],[31.48384,30.048478],[31.48384,30.048566]]]},"properties":{"kind":"building"}},{"type":"Feature","geometry":{"type":"Polygon","coordinates":[[[31.483316,30.04521],[31.483394,30.045221],[31.483404,30.045172],[31.483325,30.04516],[31.483316,30.04521]]]},"properties":{"kind":"building"}},{"type":"Feature","geometry":{"type":"Polygon","coordinates":[[[31.483241,30.044788],[31.483308,30.04474],[31.483269,30.044711],[31.48322,30.044753],[31.483241,30.044788]]]},"properties":{"kind":"building"}},{"type":"Feature","geometry":{"type":"Polygon","coordinates":[[[31.48312,30.044819],[31.483202,30.044793],[31.48319,30.044765],[31.483108,30.044791],[31.48312,30.044819]]]},"properties":{"kind":"building"}},{"type":"Feature","geometry":{"type":"Polygon","coordinates":[[[31.478631,30.046999],[31.478674,30.046955],[31.478608,30.046906],[31.478565,30.046949],[31.478631,30.046999]]]},"properties":{"kind":"building"}},{"type":"Feature","geometry":{"type":"Polygon","coordinates":[[[31.478318,30.046856],[31.478371,30.04682],[31.478312,30.046755],[31.478259,30.046791],[31.478318,30.046856]]]},"properties":{"kind":"building"}},{"type":"Feature","geometry":{"type":"Polygon","coordinates":[[[31.479705,30.047092],[31.479772,30.047092],[31.479773,30.047005],[31.479706,30.047004],[31.479705,30.047092]]]},"properties":{"kind":"building"}},{"type":"Feature","geometry":{"type":"Polygon","coordinates":[[[31.483987,30.047707],[31.484057,30.047707],[31.484057,30.047679],[31.483987,30.047679],[31.483987,30.047707]]]},"properties":{"kind":"building"}},{"type":"Feature","geometry":{"type":"Polygon","coordinates":[[[31.483989,30.047594],[31.484063,30.047593],[31.484062,30.047558],[31.483989,30.047559],[31.483989,30.047594]]]},"properties":{"kind":"building"}},{"type":"Feature","geometry":{"type":"Polygon","coordinates":[[[31.483939,30.049888],[31.483979,30.049852],[31.483906,30.04979],[31.483866,30.049825],[31.483939,30.049888]]]},"properties":{"kind":"building"}},{"type":"Feature","geometry":{"type":"Polygon","coordinates":[[[31.475406,30.046915],[31.475468,30.046916],[31.475469,30.046862],[31.475406,30.046861],[31.475406,30.046915]]]},"properties":{"kind":"building"}},{"type":"Feature","geometry":{"type":"Polygon","coordinates":[[[31.475923,30.04685],[31.475995,30.04685],[31.475995,30.046768],[31.475923,30.046768],[31.475923,30.04685]]]},"properties":{"kind":"building"}},{"type":"Feature","geometry":{"type":"Polygon","coordinates":[[[31.483555,30.046922],[31.483603,30.046877],[31.483534,30.046822],[31.483486,30.046867],[31.483555,30.046922]]]},"properties":{"kind":"building"}},{"type":"Feature","geometry":{"type":"Polygon","coordinates":[[[31.484153,30.046845],[31.484317,30.046868],[31.484333,30.04678],[31.484169,30.046757],[31.484153,30.046845]]]},"properties":{"kind":"building"}},{"type":"Feature","geometry":{"type":"Polygon","coordinates":[[[31.479207,30.046423],[31.479263,30.046392],[31.479213,30.046323],[31.479157,30.046354],[31.479207,30.046423]]]},"properties":{"kind":"building"}},{"type":"Feature","geometry":{"type":"Polygon","coordinates":[[[31.478357,30.04551],[31.478407,30.04551],[31.478407,30.045466],[31.478357,30.045466],[31.478357,30.04551]]]},"properties":{"kind":"building"}},{"type":"Feature","geometry":{"type":"Polygon","coordinates":[[[31.479613,30.045067],[31.479703,30.045067],[31.479702,30.045026],[31.479612,30.045026],[31.479613,30.045067]]]},"properties":{"kind":"building"}},{"type":"Feature","geometry":{"type":"Polygon","coordinates":[[[31.479702,30.045624],[31.479763,30.045642],[31.479794,30.045562],[31.479733,30.045544],[31.479702,30.045624]]]},"properties":{"kind":"building"}},{"type":"Feature","geometry":{"type":"Polygon","coordinates":[[[31.481701,30.04421],[31.481747,30.04421],[31.481746,30.044162],[31.4817,30.044162],[31.481701,30.04421]]]},"properties":{"kind":"building"}},{"type":"Feature","geometry":{"type":"Polygon","coordinates":[[[31.473031,30.042918],[31.47319,30.042918],[31.47319,30.04271],[31.473031,30.04271],[31.473031,30.042918]]]},"properties":{"kind":"building"}},{"type":"Feature","geometry":{"type":"Polygon","coordinates":[[[31.472838,30.042912],[31.472993,30.04291],[31.472988,30.042705],[31.472833,30.042708],[31.472838,30.042912]]]},"properties":{"kind":"building"}},{"type":"Feature","geometry":{"type":"Polygon","coordinates":[[[31.473252,30.042916],[31.473403,30.042917],[31.473405,30.042703],[31.473254,30.042702],[31.473252,30.042916]]]},"properties":{"kind":"building"}},{"type":"Feature","geometry":{"type":"Polygon","coordinates":[[[31.472851,30.048934],[31.473014,30.048934],[31.473015,30.048708],[31.472852,30.048707],[31.472851,30.048934]]]},"properties":{"kind":"building"}},{"type":"Feature","geometry":{"type":"Polygon","coordinates":[[[31.473983,30.047018],[31.474212,30.047017],[31.474211,30.046875],[31.473982,30.046876],[31.473983,30.047018]]]},"properties":{"kind":"building"}},{"type":"Feature","geometry":{"type":"Polygon","coordinates":[[[31.473972,30.046255],[31.474232,30.046249],[31.474228,30.046111],[31.473968,30.046116],[31.473972,30.046255]]]},"properties":{"kind":"building"}},{"type":"Feature","geometry":{"type":"Polygon","coordinates":[[[31.470395,30.043207],[31.470542,30.043205],[31.470539,30.04299],[31.470391,30.042992],[31.470395,30.043207]]]},"properties":{"kind":"building"}},{"type":"Feature","geometry":{"type":"Polygon","coordinates":[[[31.470173,30.043201],[31.470332,30.043204],[31.470337,30.042985],[31.470178,30.042982],[31.470173,30.043201]]]},"properties":{"kind":"building"}},{"type":"Feature","geometry":{"type":"Polygon","coordinates":[[[31.471852,30.0432],[31.472001,30.043202],[31.472004,30.04298],[31.471856,30.042979],[31.471852,30.0432]]]},"properties":{"kind":"building"}},{"type":"Feature","geometry":{"type":"Polygon","coordinates":[[[31.471641,30.043209],[31.471792,30.043209],[31.471792,30.043],[31.471641,30.043],[31.471641,30.043209]]]},"properties":{"kind":"building"}},{"type":"Feature","geometry":{"type":"Polygon","coordinates":[[[31.471432,30.043204],[31.471591,30.043204],[31.471591,30.042986],[31.471432,30.042986],[31.471432,30.043204]]]},"properties":{"kind":"building"}},{"type":"Feature","geometry":{"type":"Polygon","coordinates":[[[31.473769,30.049097],[31.474009,30.048915],[31.473799,30.048785],[31.473667,30.049029],[31.473769,30.049097]]]},"properties":{"kind":"building"}},{"type":"Feature","geometry":{"type":"Polygon","coordinates":[[[31.470752,30.048925],[31.470914,30.048925],[31.470914,30.048709],[31.470752,30.048709],[31.470752,30.048925]]]},"properties":{"kind":"building"}},{"type":"Feature","geometry":{"type":"Polygon","coordinates":[[[31.471816,30.048924],[31.471982,30.048921],[31.471976,30.048709],[31.471809,30.048713],[31.471816,30.048924]]]},"properties":{"kind":"building"}},{"type":"Feature","geometry":{"type":"Polygon","coordinates":[[[31.470926,30.034632],[31.47108,30.03463],[31.471076,30.034417],[31.470922,30.034419],[31.470926,30.034632]]]},"properties":{"kind":"building"}},{"type":"Feature","geometry":{"type":"Polygon","coordinates":[[[31.472071,30.034621],[31.472224,30.034619],[31.472218,30.034415],[31.472071,30.034417],[31.472071,30.034621]]]},"properties":{"kind":"building"}},{"type":"Feature","geometry":{"type":"Polygon","coordinates":[[[31.47226,30.034621],[31.472426,30.034621],[31.472423,30.034398],[31.472261,30.034397],[31.47226,30.034621]]]},"properties":{"kind":"building"}},{"type":"Feature","geometry":{"type":"Polygon","coordinates":[[[31.472478,30.034618],[31.472637,30.034618],[31.472629,30.034402],[31.472476,30.034403],[31.472478,30.034618]]]},"properties":{"kind":"building"}},{"type":"Feature","geometry":{"type":"Polygon","coordinates":[[[31.47344,30.034069],[31.473696,30.034069],[31.473692,30.033936],[31.473439,30.033936],[31.47344,30.034069]]]},"properties":{"kind":"building"}},{"type":"Feature","geometry":{"type":"Polygon","coordinates":[[[31.47313,30.034262],[31.473388,30.034264],[31.473389,30.034116],[31.473131,30.034115],[31.47313,30.034262]]]},"properties":{"kind":"building"}},{"type":"Feature","geometry":{"type":"Polygon","coordinates":[[[31.473428,30.034679],[31.473669,30.034679],[31.473669,30.034543],[31.473428,30.034543],[31.473428,30.034679]]]},"properties":{"kind":"building"}},{"type":"Feature","geometry":{"type":"Polygon","coordinates":[[[31.471853,30.036028],[31.47202,30.036026],[31.472016,30.035826],[31.471849,30.035828],[31.471853,30.036028]]]},"properties":{"kind":"building"}},{"type":"Feature","geometry":{"type":"Polygon","coordinates":[[[31.471597,30.036342],[31.471764,30.036344],[31.471767,30.036119],[31.4716,30.036117],[31.471597,30.036342]]]},"properties":{"kind":"building"}},{"type":"Feature","geometry":{"type":"Polygon","coordinates":[[[31.472554,30.035348],[31.472725,30.035349],[31.472726,30.035134],[31.472555,30.035133],[31.472554,30.035348]]]},"properties":{"kind":"building"}},{"type":"Feature","geometry":{"type":"Polygon","coordinates":[[[31.473201,30.036027],[31.473357,30.036015],[31.473321,30.035816],[31.473184,30.035826],[31.473201,30.036027]]]},"properties":{"kind":"building"}},{"type":"Feature","geometry":{"type":"Polygon","coordinates":[[[31.471752,30.037216],[31.471898,30.037215],[31.471895,30.037005],[31.47175,30.037006],[31.471752,30.037216]]]},"properties":{"kind":"building"}},{"type":"Feature","geometry":{"type":"Polygon","coordinates":[[[31.471559,30.037218],[31.471712,30.037217],[31.471711,30.037011],[31.471558,30.037012],[31.471559,30.037218]]]},"properties":{"kind":"building"}},{"type":"Feature","geometry":{"type":"Polygon","coordinates":[[[31.471377,30.037218],[31.471524,30.037219],[31.471526,30.036996],[31.471379,30.036995],[31.471377,30.037218]]]},"properties":{"kind":"building"}},{"type":"Feature","geometry":{"type":"Polygon","coordinates":[[[31.472107,30.036336],[31.47227,30.036337],[31.472268,30.036119],[31.472107,30.036118],[31.472107,30.036336]]]},"properties":{"kind":"building"}},{"type":"Feature","geometry":{"type":"Polygon","coordinates":[[[31.471876,30.036337],[31.472039,30.036339],[31.472044,30.036107],[31.471881,30.036104],[31.471876,30.036337]]]},"properties":{"kind":"building"}},{"type":"Feature","geometry":{"type":"Polygon","coordinates":[[[31.47295,30.033475],[31.473114,30.033476],[31.473115,30.033259],[31.472951,30.033258],[31.47295,30.033475]]]},"properties":{"kind":"building"}},{"type":"Feature","geometry":{"type":"Polygon","coordinates":[[[31.472713,30.033472],[31.472882,30.033474],[31.472886,30.033247],[31.472717,30.033245],[31.472713,30.033472]]]},"properties":{"kind":"building"}},{"type":"Feature","geometry":{"type":"Polygon","coordinates":[[[31.472491,30.033465],[31.472663,30.033463],[31.472659,30.033246],[31.472487,30.033248],[31.472491,30.033465]]]},"properties":{"kind":"building"}},{"type":"Feature","geometry":{"type":"Polygon","coordinates":[[[31.474209,30.034087],[31.474453,30.034087],[31.474454,30.03393],[31.47421,30.03393],[31.474209,30.034087]]]},"properties":{"kind":"building"}},{"type":"Feature","geometry":{"type":"Polygon","coordinates":[[[31.474249,30.034274],[31.474491,30.03427],[31.474488,30.034133],[31.474245,30.034137],[31.474249,30.034274]]]},"properties":{"kind":"building"}},{"type":"Feature","geometry":{"type":"Polygon","coordinates":[[[31.474227,30.034463],[31.474468,30.034461],[31.474466,30.034317],[31.474223,30.034317],[31.474227,30.034463]]]},"properties":{"kind":"building"}},{"type":"Feature","geometry":{"type":"Polygon","coordinates":[[[31.474238,30.034665],[31.474505,30.034659],[31.474501,30.034513],[31.474234,30.034519],[31.474238,30.034665]]]},"properties":{"kind":"building"}},{"type":"Feature","geometry":{"type":"Polygon","coordinates":[[[31.474253,30.03486],[31.474489,30.034865],[31.474487,30.034725],[31.474249,30.034728],[31.474253,30.03486]]]},"properties":{"kind":"building"}},{"type":"Feature","geometry":{"type":"Polygon","coordinates":[[[31.47424,30.035062],[31.474483,30.035064],[31.474485,30.034911],[31.474242,30.034909],[31.47424,30.035062]]]},"properties":{"kind":"building"}},{"type":"Feature","geometry":{"type":"Polygon","coordinates":[[[31.473866,30.034066],[31.474138,30.034067],[31.474138,30.033924],[31.473866,30.033923],[31.473866,30.034066]]]},"properties":{"kind":"building"}},{"type":"Feature","geometry":{"type":"Polygon","coordinates":[[[31.473871,30.034268],[31.474135,30.034267],[31.474134,30.034123],[31.47387,30.034124],[31.473871,30.034268]]]},"properties":{"kind":"building"}},{"type":"Feature","geometry":{"type":"Polygon","coordinates":[[[31.47388,30.034471],[31.474138,30.034468],[31.474135,30.034316],[31.473877,30.034319],[31.47388,30.034471]]]},"properties":{"kind":"building"}},{"type":"Feature","geometry":{"type":"Polygon","coordinates":[[[31.473885,30.035077],[31.474146,30.035076],[31.474145,30.034935],[31.473884,30.034936],[31.473885,30.035077]]]},"properties":{"kind":"building"}},{"type":"Feature","geometry":{"type":"Polygon","coordinates":[[[31.473894,30.035473],[31.474115,30.035536],[31.474136,30.035387],[31.473903,30.035359],[31.473894,30.035473]]]},"properties":{"kind":"building"}},{"type":"Feature","geometry":{"type":"Polygon","coordinates":[[[31.473908,30.035317],[31.474169,30.035336],[31.47417,30.035183],[31.473906,30.035186],[31.473908,30.035317]]]},"properties":{"kind":"building"}},{"type":"Feature","geometry":{"type":"Polygon","coordinates":[[[31.474262,30.035341],[31.474509,30.035341],[31.474509,30.035196],[31.474262,30.035196],[31.474262,30.035341]]]},"properties":{"kind":"building"}},{"type":"Feature","geometry":{"type":"Polygon","coordinates":[[[31.473721,30.036288],[31.473652,30.036067],[31.473775,30.036036],[31.473892,30.036235],[31.473721,30.036288]]]},"properties":{"kind":"building"}},{"type":"Feature","geometry":{"type":"Polygon","coordinates":[[[31.473206,30.036313],[31.473394,30.036313],[31.473395,30.036084],[31.473206,30.036084],[31.473206,30.036313]]]},"properties":{"kind":"building"}},{"type":"Feature","geometry":{"type":"Polygon","coordinates":[[[31.474211,30.030618],[31.474453,30.030623],[31.474458,30.030471],[31.474211,30.030473],[31.474211,30.030618]]]},"properties":{"kind":"building"}},{"type":"Feature","geometry":{"type":"Polygon","coordinates":[[[31.474196,30.030805],[31.47444,30.030807],[31.474441,30.030678],[31.474197,30.030677],[31.474196,30.030805]]]},"properties":{"kind":"building"}},{"type":"Feature","geometry":{"type":"Polygon","coordinates":[[[31.473858,30.030431],[31.474114,30.030426],[31.474111,30.030284],[31.473855,30.030289],[31.473858,30.030431]]]},"properties":{"kind":"building"}},{"type":"Feature","geometry":{"type":"Polygon","coordinates":[[[31.473865,30.031013],[31.474111,30.031011],[31.47411,30.03088],[31.473863,30.030882],[31.473865,30.031013]]]},"properties":{"kind":"building"}},{"type":"Feature","geometry":{"type":"Polygon","coordinates":[[[31.47418,30.031793],[31.474425,30.031793],[31.474425,30.031652],[31.47418,30.031652],[31.47418,30.031793]]]},"properties":{"kind":"building"}},{"type":"Feature","geometry":{"type":"Polygon","coordinates":[[[31.473855,30.03181],[31.474105,30.031802],[31.474099,30.031665],[31.47385,30.031672],[31.473855,30.03181]]]},"properties":{"kind":"building"}},{"type":"Feature","geometry":{"type":"Polygon","coordinates":[[[31.473855,30.031994],[31.474108,30.031991],[31.474106,30.031841],[31.473852,30.031849],[31.473855,30.031994]]]},"properties":{"kind":"building"}},{"type":"Feature","geometry":{"type":"Polygon","coordinates":[[[31.47386,30.032186],[31.474117,30.032183],[31.474114,30.032041],[31.473858,30.032044],[31.47386,30.032186]]]},"properties":{"kind":"building"}},{"type":"Feature","geometry":{"type":"Polygon","coordinates":[[[31.474373,30.032832],[31.474428,30.032691],[31.474187,30.032628],[31.474143,30.03274],[31.474373,30.032832]]]},"properties":{"kind":"building"}},{"type":"Feature","geometry":{"type":"Polygon","coordinates":[[[31.473615,30.033429],[31.473778,30.033376],[31.473668,30.033184],[31.473548,30.033221],[31.473615,30.033429]]]},"properties":{"kind":"building"}},{"type":"Feature","geometry":{"type":"Polygon","coordinates":[[[31.470138,30.033768],[31.470374,30.033769],[31.470376,30.033626],[31.470139,30.033624],[31.470138,30.033768]]]},"properties":{"kind":"building"}},{"type":"Feature","geometry":{"type":"Polygon","coordinates":[[[31.470135,30.033583],[31.470379,30.033585],[31.47038,30.033448],[31.470136,30.033446],[31.470135,30.033583]]]},"properties":{"kind":"building"}},{"type":"Feature","geometry":{"type":"Polygon","coordinates":[[[31.470128,30.033205],[31.470366,30.033207],[31.470368,30.03305],[31.470128,30.033051],[31.470128,30.033205]]]},"properties":{"kind":"building"}},{"type":"Feature","geometry":{"type":"Polygon","coordinates":[[[31.469791,30.033231],[31.470041,30.033231],[31.470041,30.033081],[31.469791,30.033081],[31.469791,30.033231]]]},"properties":{"kind":"building"}},{"type":"Feature","geometry":{"type":"Polygon","coordinates":[[[31.469788,30.033616],[31.470048,30.033617],[31.470048,30.03348],[31.469788,30.033479],[31.469788,30.033616]]]},"properties":{"kind":"building"}},{"type":"Feature","geometry":{"type":"Polygon","coordinates":[[[31.469793,30.033439],[31.470062,30.033433],[31.470058,30.033274],[31.469788,30.03328],[31.469793,30.033439]]]},"properties":{"kind":"building"}},{"type":"Feature","geometry":{"type":"Polygon","coordinates":[[[31.473185,30.033184],[31.473347,30.033184],[31.473347,30.032971],[31.473185,30.032971],[31.473185,30.033184]]]},"properties":{"kind":"building"}},{"type":"Feature","geometry":{"type":"Polygon","coordinates":[[[31.470907,30.029465],[31.47107,30.029449],[31.471044,30.029244],[31.470881,30.02926],[31.470907,30.029465]]]},"properties":{"kind":"building"}},{"type":"Feature","geometry":{"type":"Polygon","coordinates":[[[31.471558,30.029725],[31.471716,30.029727],[31.47172,30.029509],[31.471563,30.029507],[31.471558,30.029725]]]},"properties":{"kind":"building"}},{"type":"Feature","geometry":{"type":"Polygon","coordinates":[[[31.471176,30.029731],[31.471315,30.029724],[31.471309,30.029495],[31.471142,30.029508],[31.471176,30.029731]]]},"properties":{"kind":"building"}},{"type":"Feature","geometry":{"type":"Polygon","coordinates":[[[31.470991,30.029741],[31.471135,30.029724],[31.47112,30.029517],[31.470962,30.02953],[31.470991,30.029741]]]},"properties":{"kind":"building"}},{"type":"Feature","geometry":{"type":"Polygon","coordinates":[[[31.470521,30.029819],[31.470674,30.029793],[31.47063,30.029597],[31.470473,30.029623],[31.470521,30.029819]]]},"properties":{"kind":"building"}},{"type":"Feature","geometry":{"type":"Polygon","coordinates":[[[31.469749,30.029705],[31.469901,30.029826],[31.470008,30.029726],[31.469857,30.029605],[31.469749,30.029705]]]},"properties":{"kind":"building"}},{"type":"Feature","geometry":{"type":"Polygon","coordinates":[[[31.469811,30.034767],[31.470074,30.034765],[31.470073,30.034632],[31.46981,30.034634],[31.469811,30.034767]]]},"properties":{"kind":"building"}},{"type":"Feature","geometry":{"type":"Polygon","coordinates":[[[31.470193,30.035136],[31.470424,30.035138],[31.470426,30.034987],[31.470194,30.034985],[31.470193,30.035136]]]},"properties":{"kind":"building"}},{"type":"Feature","geometry":{"type":"Polygon","coordinates":[[[31.47004,30.036337],[31.470188,30.03634],[31.470193,30.036116],[31.470045,30.036113],[31.47004,30.036337]]]},"properties":{"kind":"building"}},{"type":"Feature","geometry":{"type":"Polygon","coordinates":[[[31.470354,30.038903],[31.470562,30.038902],[31.470561,30.038765],[31.470352,30.038767],[31.470354,30.038903]]]},"properties":{"kind":"building"}},{"type":"Feature","geometry":{"type":"Polygon","coordinates":[[[31.470652,30.038714],[31.470854,30.038714],[31.470854,30.038579],[31.470652,30.038579],[31.470652,30.038714]]]},"properties":{"kind":"building"}},{"type":"Feature","geometry":{"type":"Polygon","coordinates":[[[31.470644,30.038907],[31.47085,30.038907],[31.470849,30.038768],[31.470644,30.038768],[31.470644,30.038907]]]},"properties":{"kind":"building"}},{"type":"Feature","geometry":{"type":"Polygon","coordinates":[[[31.470653,30.038354],[31.470857,30.038355],[31.470859,30.038219],[31.470654,30.038218],[31.470653,30.038354]]]},"properties":{"kind":"building"}},{"type":"Feature","geometry":{"type":"Polygon","coordinates":[[[31.470347,30.038351],[31.47056,30.038351],[31.47056,30.038216],[31.470347,30.038216],[31.470347,30.038351]]]},"properties":{"kind":"building"}},{"type":"Feature","geometry":{"type":"Polygon","coordinates":[[[31.47032,30.038173],[31.470556,30.038173],[31.470555,30.038041],[31.470321,30.038042],[31.47032,30.038173]]]},"properties":{"kind":"building"}},{"type":"Feature","geometry":{"type":"Polygon","coordinates":[[[31.470656,30.037985],[31.470855,30.037982],[31.470853,30.037858],[31.470653,30.037861],[31.470656,30.037985]]]},"properties":{"kind":"building"}},{"type":"Feature","geometry":{"type":"Polygon","coordinates":[[[31.47061,30.037806],[31.470815,30.037808],[31.470817,30.037674],[31.470613,30.037671],[31.47061,30.037806]]]},"properties":{"kind":"building"}},{"type":"Feature","geometry":{"type":"Polygon","coordinates":[[[31.471916,30.038325],[31.472151,30.038324],[31.472151,30.0382],[31.471915,30.0382],[31.471916,30.038325]]]},"properties":{"kind":"building"}},{"type":"Feature","geometry":{"type":"Polygon","coordinates":[[[31.471915,30.038144],[31.472153,30.038146],[31.472154,30.038013],[31.471916,30.038011],[31.471915,30.038144]]]},"properties":{"kind":"building"}},{"type":"Feature","geometry":{"type":"Polygon","coordinates":[[[31.471919,30.037968],[31.472145,30.037967],[31.472144,30.03783],[31.471918,30.037831],[31.471919,30.037968]]]},"properties":{"kind":"building"}},{"type":"Feature","geometry":{"type":"Polygon","coordinates":[[[31.471577,30.037798],[31.471801,30.037798],[31.471801,30.037664],[31.471578,30.037664],[31.471577,30.037798]]]},"properties":{"kind":"building"}},{"type":"Feature","geometry":{"type":"Polygon","coordinates":[[[31.471572,30.038159],[31.47184,30.038157],[31.471838,30.038019],[31.47157,30.038021],[31.471572,30.038159]]]},"properties":{"kind":"building"}},{"type":"Feature","geometry":{"type":"Polygon","coordinates":[[[31.47159,30.038511],[31.471832,30.038511],[31.471832,30.038384],[31.471589,30.038383],[31.47159,30.038511]]]},"properties":{"kind":"building"}},{"type":"Feature","geometry":{"type":"Polygon","coordinates":[[[31.471596,30.038724],[31.471814,30.038745],[31.471836,30.038582],[31.471618,30.038561],[31.471596,30.038724]]]},"properties":{"kind":"building"}},{"type":"Feature","geometry":{"type":"Polygon","coordinates":[[[31.471239,30.039372],[31.471367,30.039309],[31.471255,30.039136],[31.471126,30.039199],[31.471239,30.039372]]]},"properties":{"kind":"building"}},{"type":"Feature","geometry":{"type":"Polygon","coordinates":[[[31.471044,30.039477],[31.471197,30.039402],[31.471071,30.03921],[31.470918,30.039286],[31.471044,30.039477]]]},"properties":{"kind":"building"}},{"type":"Feature","geometry":{"type":"Polygon","coordinates":[[[31.47036,30.039588],[31.470511,30.039586],[31.470507,30.03941],[31.470356,30.039412],[31.47036,30.039588]]]},"properties":{"kind":"building"}},{"type":"Feature","geometry":{"type":"Polygon","coordinates":[[[31.470161,30.039592],[31.470322,30.03959],[31.470318,30.039385],[31.470157,30.039387],[31.470161,30.039592]]]},"properties":{"kind":"building"}},{"type":"Feature","geometry":{"type":"Polygon","coordinates":[[[31.470353,30.040409],[31.470517,30.040409],[31.470516,30.040191],[31.470352,30.040191],[31.470353,30.040409]]]},"properties":{"kind":"building"}},{"type":"Feature","geometry":{"type":"Polygon","coordinates":[[[31.470148,30.039879],[31.4703,30.039879],[31.4703,30.039678],[31.470148,30.039678],[31.470148,30.039879]]]},"properties":{"kind":"building"}},{"type":"Feature","geometry":{"type":"Polygon","coordinates":[[[31.470364,30.039877],[31.47052,30.039878],[31.470521,30.03966],[31.470365,30.03966],[31.470364,30.039877]]]},"properties":{"kind":"building"}},{"type":"Feature","geometry":{"type":"Polygon","coordinates":[[[31.470551,30.039883],[31.470561,30.039667],[31.470694,30.039656],[31.47072,30.039876],[31.470551,30.039883]]]},"properties":{"kind":"building"}},{"type":"Feature","geometry":{"type":"Polygon","coordinates":[[[31.47148,30.039316],[31.471598,30.039496],[31.471749,30.039414],[31.471598,30.039245],[31.47148,30.039316]]]},"properties":{"kind":"building"}},{"type":"Feature","geometry":{"type":"Polygon","coordinates":[[[31.470129,30.040715],[31.470283,30.040716],[31.470285,30.040504],[31.470132,30.040502],[31.470129,30.040715]]]},"properties":{"kind":"building"}},{"type":"Feature","geometry":{"type":"Polygon","coordinates":[[[31.470313,30.040712],[31.470477,30.040713],[31.470479,30.040498],[31.470315,30.040497],[31.470313,30.040712]]]},"properties":{"kind":"building"}},{"type":"Feature","geometry":{"type":"Polygon","coordinates":[[[31.469916,30.042338],[31.470096,30.042362],[31.47011,30.042153],[31.469979,30.042132],[31.469916,30.042338]]]},"properties":{"kind":"building"}},{"type":"Feature","geometry":{"type":"Polygon","coordinates":[[[31.470165,30.042356],[31.470311,30.042361],[31.47032,30.042144],[31.470174,30.04214],[31.470165,30.042356]]]},"properties":{"kind":"building"}},{"type":"Feature","geometry":{"type":"Polygon","coordinates":[[[31.470383,30.042092],[31.470547,30.042094],[31.470552,30.041878],[31.470388,30.041876],[31.470383,30.042092]]]},"properties":{"kind":"building"}},{"type":"Feature","geometry":{"type":"Polygon","coordinates":[[[31.473219,30.03997],[31.473385,30.039971],[31.473386,30.039758],[31.47322,30.039758],[31.473219,30.03997]]]},"properties":{"kind":"building"}},{"type":"Feature","geometry":{"type":"Polygon","coordinates":[[[31.473018,30.039971],[31.473184,30.039972],[31.473186,30.039755],[31.47302,30.039754],[31.473018,30.039971]]]},"properties":{"kind":"building"}},{"type":"Feature","geometry":{"type":"Polygon","coordinates":[[[31.47218,30.039917],[31.472297,30.040109],[31.472434,30.040046],[31.472316,30.039854],[31.47218,30.039917]]]},"properties":{"kind":"building"}},{"type":"Feature","geometry":{"type":"Polygon","coordinates":[[[31.471225,30.040204],[31.471449,30.040308],[31.471527,30.040197],[31.471328,30.040065],[31.471225,30.040204]]]},"properties":{"kind":"building"}},{"type":"Feature","geometry":{"type":"Polygon","coordinates":[[[31.472176,30.039867],[31.472056,30.039682],[31.472207,30.039609],[31.472327,30.039793],[31.472176,30.039867]]]},"properties":{"kind":"building"}},{"type":"Feature","geometry":{"type":"Polygon","coordinates":[[[31.473023,30.042341],[31.473169,30.042343],[31.473172,30.042137],[31.473026,30.042136],[31.473023,30.042341]]]},"properties":{"kind":"building"}},{"type":"Feature","geometry":{"type":"Polygon","coordinates":[[[31.47422,30.040381],[31.474469,30.040381],[31.474469,30.040242],[31.47422,30.040242],[31.47422,30.040381]]]},"properties":{"kind":"building"}},{"type":"Feature","geometry":{"type":"Polygon","coordinates":[[[31.473924,30.04055],[31.47417,30.040549],[31.474169,30.040408],[31.473923,30.04041],[31.473924,30.04055]]]},"properties":{"kind":"building"}},{"type":"Feature","geometry":{"type":"Polygon","coordinates":[[[31.473925,30.04037],[31.474142,30.040373],[31.474145,30.040229],[31.473928,30.040226],[31.473925,30.04037]]]},"properties":{"kind":"building"}},{"type":"Feature","geometry":{"type":"Polygon","coordinates":[[[31.471131,30.041197],[31.471372,30.041195],[31.471371,30.041058],[31.471131,30.041059],[31.471131,30.041197]]]},"properties":{"kind":"building"}},{"type":"Feature","geometry":{"type":"Polygon","coordinates":[[[31.471412,30.042344],[31.471576,30.042341],[31.47157,30.042143],[31.471406,30.042146],[31.471412,30.042344]]]},"properties":{"kind":"building"}},{"type":"Feature","geometry":{"type":"Polygon","coordinates":[[[31.471623,30.042071],[31.471627,30.041859],[31.471794,30.041861],[31.47179,30.042073],[31.471623,30.042071]]]},"properties":{"kind":"building"}},{"type":"Feature","geometry":{"type":"Polygon","coordinates":[[[31.472804,30.042065],[31.472959,30.042063],[31.472957,30.041889],[31.472803,30.04189],[31.472804,30.042065]]]},"properties":{"kind":"building"}},{"type":"Feature","geometry":{"type":"Polygon","coordinates":[[[31.473038,30.042068],[31.473196,30.042065],[31.473191,30.04186],[31.473033,30.041864],[31.473038,30.042068]]]},"properties":{"kind":"building"}},{"type":"Feature","geometry":{"type":"Polygon","coordinates":[[[31.472798,30.042335],[31.47295,30.042338],[31.472954,30.042139],[31.472802,30.042136],[31.472798,30.042335]]]},"properties":{"kind":"building"}},{"type":"Feature","geometry":{"type":"Polygon","coordinates":[[[31.472483,30.041157],[31.472723,30.04115],[31.472717,30.041006],[31.472477,30.041013],[31.472483,30.041157]]]},"properties":{"kind":"building"}},{"type":"Feature","geometry":{"type":"Polygon","coordinates":[[[31.472483,30.040577],[31.472708,30.040575],[31.472706,30.040435],[31.472481,30.040438],[31.472483,30.040577]]]},"properties":{"kind":"building"}},{"type":"Feature","geometry":{"type":"Polygon","coordinates":[[[31.472796,30.041161],[31.473,30.041161],[31.473001,30.041013],[31.472796,30.041012],[31.472796,30.041161]]]},"properties":{"kind":"building"}},{"type":"Feature","geometry":{"type":"Polygon","coordinates":[[[31.472469,30.041359],[31.472683,30.041357],[31.47268,30.041208],[31.472467,30.04121],[31.472469,30.041359]]]},"properties":{"kind":"building"}},{"type":"Feature","geometry":{"type":"Polygon","coordinates":[[[31.477397,30.039541],[31.477657,30.039542],[31.477657,30.039361],[31.477397,30.03936],[31.477397,30.039541]]]},"properties":{"kind":"building"}},{"type":"Feature","geometry":{"type":"Polygon","coordinates":[[[31.475366,30.039661],[31.475697,30.039659],[31.475696,30.039473],[31.475365,30.039475],[31.475366,30.039661]]]},"properties":{"kind":"building"}},{"type":"Feature","geometry":{"type":"Polygon","coordinates":[[[31.475367,30.039913],[31.475698,30.039911],[31.475697,30.039726],[31.475366,30.039727],[31.475367,30.039913]]]},"properties":{"kind":"building"}},{"type":"Feature","geometry":{"type":"Polygon","coordinates":[[[31.475357,30.040163],[31.475644,30.040161],[31.475643,30.039977],[31.475355,30.039979],[31.475357,30.040163]]]},"properties":{"kind":"building"}},{"type":"Feature","geometry":{"type":"Polygon","coordinates":[[[31.49184,30.036636],[31.491893,30.036635],[31.491892,30.036564],[31.491839,30.036564],[31.49184,30.036636]]]},"properties":{"kind":"building"}},{"type":"Feature","geometry":{"type":"Polygon","coordinates":[[[31.491833,30.036386],[31.491886,30.036385],[31.491885,30.036313],[31.491832,30.036314],[31.491833,30.036386]]]},"properties":{"kind":"building"}},{"type":"Feature","geometry":{"type":"Polygon","coordinates":[[[31.489235,30.037072],[31.489288,30.037071],[31.489287,30.036999],[31.489234,30.037],[31.489235,30.037072]]]},"properties":{"kind":"building"}},{"type":"Feature","geometry":{"type":"Polygon","coordinates":[[[31.489214,30.034897],[31.489266,30.034897],[31.489265,30.034825],[31.489213,30.034826],[31.489214,30.034897]]]},"properties":{"kind":"building"}},{"type":"Feature","geometry":{"type":"Polygon","coordinates":[[[31.489616,30.034501],[31.489617,30.034546],[31.4897,30.034544],[31.489699,30.034499],[31.489616,30.034501]]]},"properties":{"kind":"building"}},{"type":"Feature","geometry":{"type":"Polygon","coordinates":[[[31.491888,30.034902],[31.49194,30.034902],[31.491939,30.03483],[31.491887,30.03483],[31.491888,30.034902]]]},"properties":{"kind":"building"}},{"type":"Feature","geometry":{"type":"Polygon","coordinates":[[[31.491845,30.034685],[31.49189,30.034661],[31.491847,30.0346],[31.491802,30.034623],[31.491845,30.034685]]]},"properties":{"kind":"building"}},{"type":"Feature","geometry":{"type":"Polygon","coordinates":[[[31.48956,30.034711],[31.489677,30.034711],[31.489677,30.034652],[31.48956,30.034653],[31.48956,30.034711]]]},"properties":{"kind":"building"}},{"type":"Feature","geometry":{"type":"Polygon","coordinates":[[[31.489505,30.034633],[31.489685,30.034632],[31.489684,30.034572],[31.489504,30.034574],[31.489505,30.034633]]]},"properties":{"kind":"building"}},{"type":"Feature","geometry":{"type":"Polygon","coordinates":[[[31.499372,30.0227],[31.499379,30.022793],[31.499307,30.022731],[31.499372,30.0227]]]},"properties":{"kind":"building"}}]}